<?xml version="1.0" encoding="UTF-8"?>

<export>
  <info>
    <creator>Admin</creator>
    <opencms_version>9.0.0</opencms_version>
    <createdate>Fri, 02 Nov 2012 11:33:14 GMT</createdate>
    <infoproject>Offline</infoproject>
    <export_version>7</export_version>
  </info>
  <module>
    <name>org.opencms.ade.properties</name>
    <nicename><![CDATA[ADE Property dialog]]></nicename>
    <group>OpenCms ADE</group>
    <class/>
    <description><![CDATA[This module provides the properties dialog for the workplace.<br>
<i>&copy; 2014  by Alkacon Software GmbH (http://www.alkacon.com).</i>]]></description>
    <version>9.5.0</version>
    <authorname><![CDATA[Alkacon Software GmbH]]></authorname>
    <authoremail><![CDATA[sales@alkacon.com]]></authoremail>
    <datecreated/>
    <userinstalled/>
    <dateinstalled/>
    <dependencies>
      <dependency name="org.opencms.ade.config" version="9.0.0"/>
    </dependencies>
    <exportpoints>
      <exportpoint uri="/system/modules/org.opencms.ade.properties/resources/" destination="resources/ade/"/>
    </exportpoints>
    <resources>
      <resource uri="/system/modules/org.opencms.ade.properties/"/>
    </resources>
  </module>
  <files>
    <file>
      <destination>system</destination>
      <type>folder</type>
      <uuidstructure>834752a9-1dbd-11e2-9701-59be2b399239</uuidstructure>
      <datelastmodified>Wed, 24 Oct 2012 09:30:56 GMT</datelastmodified>
      <userlastmodified>Admin</userlastmodified>
      <datecreated>Wed, 24 Oct 2012 09:30:56 GMT</datecreated>
      <usercreated>Admin</usercreated>
      <flags>0</flags>
      <properties/>
      <relations/>
      <accesscontrol>
        <accessentry>
          <uuidprincipal>ROLE.WORKPLACE_USER</uuidprincipal>
          <flags>514</flags>
          <permissionset>
            <allowed>1</allowed>
            <denied>0</denied>
          </permissionset>
        </accessentry>
      </accesscontrol>
    </file>
    <file>
      <destination>system/modules</destination>
      <type>folder</type>
      <uuidstructure>872e5115-1dbd-11e2-9701-59be2b399239</uuidstructure>
      <datelastmodified>Wed, 24 Oct 2012 09:31:02 GMT</datelastmodified>
      <userlastmodified>Admin</userlastmodified>
      <datecreated>Wed, 24 Oct 2012 09:31:02 GMT</datecreated>
      <usercreated>Admin</usercreated>
      <flags>0</flags>
      <properties/>
      <relations/>
      <accesscontrol>
        <accessentry>
          <uuidprincipal>ROLE.WORKPLACE_USER</uuidprincipal>
          <flags>514</flags>
          <permissionset>
            <allowed>5</allowed>
            <denied>0</denied>
          </permissionset>
        </accessentry>
      </accesscontrol>
    </file>
    <file>
      <destination>system/modules/org.opencms.ade.properties</destination>
      <type>folder</type>
      <uuidstructure>88327b4d-24e0-11e2-8f24-59be2b399239</uuidstructure>
      <datelastmodified>Fri, 02 Nov 2012 11:29:15 GMT</datelastmodified>
      <userlastmodified>Admin</userlastmodified>
      <datecreated>Fri, 02 Nov 2012 11:29:15 GMT</datecreated>
      <usercreated>Admin</usercreated>
      <flags>0</flags>
      <properties/>
      <relations/>
      <accesscontrol/>
    </file>
    <file>
      <destination>system/modules/org.opencms.ade.properties/pages</destination>
      <type>folder</type>
      <uuidstructure>8853e5ff-24e0-11e2-8f24-59be2b399239</uuidstructure>
      <datelastmodified>Fri, 02 Nov 2012 11:29:15 GMT</datelastmodified>
      <userlastmodified>Admin</userlastmodified>
      <datecreated>Fri, 02 Nov 2012 11:29:15 GMT</datecreated>
      <usercreated>Admin</usercreated>
      <flags>0</flags>
      <properties/>
      <relations/>
      <accesscontrol/>
    </file>
    <file>
      <source>system/modules/org.opencms.ade.properties/pages/properties.jsp</source>
      <destination>system/modules/org.opencms.ade.properties/pages/properties.jsp</destination>
      <type>jsp</type>
      <uuidstructure>dd359570-c6cd-4493-8921-158890608979</uuidstructure>
      <uuidresource>c71d3a56-233e-4bd0-9016-78299aa1181e</uuidresource>
      <datelastmodified>Fri, 02 Nov 2012 11:48:07 GMT</datelastmodified>
      <userlastmodified>Admin</userlastmodified>
      <datecreated>Fri, 02 Nov 2012 11:48:07 GMT</datecreated>
      <usercreated>Admin</usercreated>
      <flags>0</flags>
      <properties/>
      <relations/>
      <accesscontrol/>
    </file>
    <file>
      <destination>system/modules/org.opencms.ade.properties/resources</destination>
      <type>folder</type>
      <uuidstructure>db779ed6-24e0-11e2-8f24-59be2b399239</uuidstructure>
      <datelastmodified>Fri, 02 Nov 2012 11:31:34 GMT</datelastmodified>
      <userlastmodified>Admin</userlastmodified>
      <datecreated>Fri, 02 Nov 2012 11:31:34 GMT</datecreated>
      <usercreated>Admin</usercreated>
      <flags>0</flags>
      <properties/>
      <relations/>
      <accesscontrol/>
    </file>
    <file>
      <destination>system/modules/org.opencms.ade.properties/resources/properties</destination>
      <type>folder</type>
      <uuidstructure>710686a0-b4a0-4761-8445-2ff526b9aa00</uuidstructure>
      <uuidresource>419b8cb1-4db9-4408-a9cd-9c0a5b1b6134</uuidresource>
      <datelastmodified>Fri, 02 Nov 2012 11:48:07 GMT</datelastmodified>
      <userlastmodified>Admin</userlastmodified>
      <datecreated>Fri, 02 Nov 2012 11:48:07 GMT</datecreated>
      <usercreated>Admin</usercreated>
      <flags>0</flags>
      <properties/>
      <relations/>
      <accesscontrol/>
    </file>
    <file>
      <source>system/modules/org.opencms.ade.properties/resources/properties/F897EBD999BEF8CCFC940B99893269C5.cache.html</source>
      <destination>system/modules/org.opencms.ade.properties/resources/properties/F897EBD999BEF8CCFC940B99893269C5.cache.html</destination>
      <type>binary</type>
      <uuidstructure>7217bf33-60ea-11e4-aaf0-131e7bdd5d30</uuidstructure>
      <uuidresource>7217e644-60ea-11e4-aaf0-131e7bdd5d30</uuidresource>
      <datelastmodified>Fri, 31 Oct 2014 10:41:18 GMT</datelastmodified>
      <userlastmodified>Admin</userlastmodified>
      <datecreated>Fri, 31 Oct 2014 10:41:18 GMT</datecreated>
      <usercreated>Admin</usercreated>
      <flags>0</flags>
      <properties/>
      <relations/>
      <accesscontrol/>
    </file>
    <file>
      <source>system/modules/org.opencms.ade.properties/resources/properties/18C18F4E42D73AF0F316123F58A6572F.cache.html</source>
      <destination>system/modules/org.opencms.ade.properties/resources/properties/18C18F4E42D73AF0F316123F58A6572F.cache.html</destination>
      <type>binary</type>
      <uuidstructure>721a3035-60ea-11e4-aaf0-131e7bdd5d30</uuidstructure>
      <uuidresource>721a7e56-60ea-11e4-aaf0-131e7bdd5d30</uuidresource>
      <datelastmodified>Fri, 31 Oct 2014 10:41:18 GMT</datelastmodified>
      <userlastmodified>Admin</userlastmodified>
      <datecreated>Fri, 31 Oct 2014 10:41:18 GMT</datecreated>
      <usercreated>Admin</usercreated>
      <flags>0</flags>
      <properties/>
      <relations/>
      <accesscontrol/>
    </file>
    <file>
      <source>system/modules/org.opencms.ade.properties/resources/properties/8B80005DDBC9DFBA6734BACDFDBC5C97.cache.html</source>
      <destination>system/modules/org.opencms.ade.properties/resources/properties/8B80005DDBC9DFBA6734BACDFDBC5C97.cache.html</destination>
      <type>binary</type>
      <uuidstructure>721cc847-60ea-11e4-aaf0-131e7bdd5d30</uuidstructure>
      <uuidresource>721cef58-60ea-11e4-aaf0-131e7bdd5d30</uuidresource>
      <datelastmodified>Fri, 31 Oct 2014 10:41:18 GMT</datelastmodified>
      <userlastmodified>Admin</userlastmodified>
      <datecreated>Fri, 31 Oct 2014 10:41:18 GMT</datecreated>
      <usercreated>Admin</usercreated>
      <flags>0</flags>
      <properties/>
      <relations/>
      <accesscontrol/>
    </file>
    <file>
      <source>system/modules/org.opencms.ade.properties/resources/properties/clear.cache.gif</source>
      <destination>system/modules/org.opencms.ade.properties/resources/properties/clear.cache.gif</destination>
      <type>image</type>
      <uuidstructure>721f6059-60ea-11e4-aaf0-131e7bdd5d30</uuidstructure>
      <uuidresource>721fae7a-60ea-11e4-aaf0-131e7bdd5d30</uuidresource>
      <datelastmodified>Fri, 31 Oct 2014 10:41:18 GMT</datelastmodified>
      <userlastmodified>Admin</userlastmodified>
      <datecreated>Fri, 31 Oct 2014 10:41:18 GMT</datecreated>
      <usercreated>Admin</usercreated>
      <flags>0</flags>
      <properties/>
      <relations/>
      <accesscontrol/>
    </file>
    <file>
      <source>system/modules/org.opencms.ade.properties/resources/properties/hosted.html</source>
      <destination>system/modules/org.opencms.ade.properties/resources/properties/hosted.html</destination>
      <type>binary</type>
      <uuidstructure>7221f86b-60ea-11e4-aaf0-131e7bdd5d30</uuidstructure>
      <uuidresource>72221f7c-60ea-11e4-aaf0-131e7bdd5d30</uuidresource>
      <datelastmodified>Fri, 31 Oct 2014 10:41:18 GMT</datelastmodified>
      <userlastmodified>Admin</userlastmodified>
      <datecreated>Fri, 31 Oct 2014 10:41:18 GMT</datecreated>
      <usercreated>Admin</usercreated>
      <flags>0</flags>
      <properties/>
      <relations/>
      <accesscontrol/>
    </file>
    <file>
      <source>system/modules/org.opencms.ade.properties/resources/properties/614A8351A28C0A4378525F849533D3FF.gwt.rpc</source>
      <destination>system/modules/org.opencms.ade.properties/resources/properties/614A8351A28C0A4378525F849533D3FF.gwt.rpc</destination>
      <type>binary</type>
      <uuidstructure>7223f43d-60ea-11e4-aaf0-131e7bdd5d30</uuidstructure>
      <uuidresource>72241b4e-60ea-11e4-aaf0-131e7bdd5d30</uuidresource>
      <datelastmodified>Fri, 31 Oct 2014 10:41:18 GMT</datelastmodified>
      <userlastmodified>Admin</userlastmodified>
      <datecreated>Fri, 31 Oct 2014 10:41:18 GMT</datecreated>
      <usercreated>Admin</usercreated>
      <flags>0</flags>
      <properties/>
      <relations/>
      <accesscontrol/>
    </file>
    <file>
      <source>system/modules/org.opencms.ade.properties/resources/properties/9F10BC99433458B7C8FAF6EBE030B64A.gwt.rpc</source>
      <destination>system/modules/org.opencms.ade.properties/resources/properties/9F10BC99433458B7C8FAF6EBE030B64A.gwt.rpc</destination>
      <type>binary</type>
      <uuidstructure>7226171f-60ea-11e4-aaf0-131e7bdd5d30</uuidstructure>
      <uuidresource>72263e30-60ea-11e4-aaf0-131e7bdd5d30</uuidresource>
      <datelastmodified>Fri, 31 Oct 2014 10:41:18 GMT</datelastmodified>
      <userlastmodified>Admin</userlastmodified>
      <datecreated>Fri, 31 Oct 2014 10:41:18 GMT</datecreated>
      <usercreated>Admin</usercreated>
      <flags>0</flags>
      <properties/>
      <relations/>
      <accesscontrol/>
    </file>
    <file>
      <source>system/modules/org.opencms.ade.properties/resources/properties/properties.nocache.js</source>
      <destination>system/modules/org.opencms.ade.properties/resources/properties/properties.nocache.js</destination>
      <type>binary</type>
      <uuidstructure>72283a01-60ea-11e4-aaf0-131e7bdd5d30</uuidstructure>
      <uuidresource>72288822-60ea-11e4-aaf0-131e7bdd5d30</uuidresource>
      <datelastmodified>Fri, 31 Oct 2014 10:41:18 GMT</datelastmodified>
      <userlastmodified>Admin</userlastmodified>
      <datecreated>Fri, 31 Oct 2014 10:41:18 GMT</datecreated>
      <usercreated>Admin</usercreated>
      <flags>0</flags>
      <properties/>
      <relations/>
      <accesscontrol/>
    </file>
    <file>
      <source>system/modules/org.opencms.ade.properties/resources/properties/36DD7311502C755D1BC58862571110AB.cache.html</source>
      <destination>system/modules/org.opencms.ade.properties/resources/properties/36DD7311502C755D1BC58862571110AB.cache.html</destination>
      <type>binary</type>
      <uuidstructure>722ad213-60ea-11e4-aaf0-131e7bdd5d30</uuidstructure>
      <uuidresource>722af924-60ea-11e4-aaf0-131e7bdd5d30</uuidresource>
      <datelastmodified>Fri, 31 Oct 2014 10:41:18 GMT</datelastmodified>
      <userlastmodified>Admin</userlastmodified>
      <datecreated>Fri, 31 Oct 2014 10:41:18 GMT</datecreated>
      <usercreated>Admin</usercreated>
      <flags>0</flags>
      <properties/>
      <relations/>
      <accesscontrol/>
    </file>
    <file>
      <source>system/modules/org.opencms.ade.properties/resources/properties/D342BFD70169EAC819DCE08421ED0901.gwt.rpc</source>
      <destination>system/modules/org.opencms.ade.properties/resources/properties/D342BFD70169EAC819DCE08421ED0901.gwt.rpc</destination>
      <type>binary</type>
      <uuidstructure>722d9135-60ea-11e4-aaf0-131e7bdd5d30</uuidstructure>
      <uuidresource>722ddf56-60ea-11e4-aaf0-131e7bdd5d30</uuidresource>
      <datelastmodified>Fri, 31 Oct 2014 10:41:18 GMT</datelastmodified>
      <userlastmodified>Admin</userlastmodified>
      <datecreated>Fri, 31 Oct 2014 10:41:18 GMT</datecreated>
      <usercreated>Admin</usercreated>
      <flags>0</flags>
      <properties/>
      <relations/>
      <accesscontrol/>
    </file>
  </files>
</export>
