<?xml version="1.0" encoding="UTF-8"?>

<BootstrapImages xmlns:xsi="http://www.w3.org/2001/XMLSchema-instance" xsi:noNamespaceSchemaLocation="opencms://system/modules/com.alkacon.bootstrap.schemas/schemas/image.xsd">
  <BootstrapImage language="en">
    <Headline><![CDATA[Click to edit the image]]></Headline>
    <Text><![CDATA[Lorem ipsum dolor sit amet, consectetuer adipiscing elit. ]]></Text>
    <Image>
      <link type="WEAK">
        <target><![CDATA[/sites/default/.galleries/people/04.jpg]]></target>
        <uuid>b34d8f62-4705-11e3-8417-000c29d28104</uuid>
        <query><![CDATA[__scale=h:400,w:400,cx:217,cy:0,ch:766,cw:766]]></query>
      </link>
    </Image>
    <Copyright><![CDATA[Copyright info here!]]></Copyright>
    <Link>
      <link internal="true" type="WEAK">
        <target><![CDATA[/sites/default/]]></target>
        <uuid>2d7922ee-5dd8-11e4-93f9-005056b61161</uuid>
      </link>
    </Link>
  </BootstrapImage>
</BootstrapImages>
