<?xml version="1.0" encoding="UTF-8"?>

<BootstrapImages xmlns:xsi="http://www.w3.org/2001/XMLSchema-instance" xsi:noNamespaceSchemaLocation="opencms://system/modules/com.alkacon.bootstrap.schemas/schemas/image.xsd">
  <BootstrapImage language="en">
    <Headline><![CDATA[Form based editing]]></Headline>
    <Text/>
    <Image>
      <link type="WEAK">
        <target><![CDATA[/sites/default/tutorial/.galleries/tutorial-images/tut-20.png]]></target>
        <uuid>e6aba919-47e1-11e3-8474-000c29d28104</uuid>
      </link>
    </Image>
  </BootstrapImage>
</BootstrapImages>
