<?xml version="1.0" encoding="UTF-8"?>

<AlkaconContainerPages xmlns:xsi="http://www.w3.org/2001/XMLSchema-instance" xsi:noNamespaceSchemaLocation="opencms://system/modules/org.opencms.ade.containerpage/schemas/container_page.xsd">
  <AlkaconContainerPage language="en">
    <Containers>
      <Name><![CDATA[c0c1cf6f-604e-11e4-831e-005056b61161-fullcolumn]]></Name>
      <Type><![CDATA[full]]></Type>
      <ParentInstanceId><![CDATA[c0c1cf6f-604e-11e4-831e-005056b61161]]></ParentInstanceId>
      <Elements>
        <Uri>
          <link type="STRONG">
            <target><![CDATA[/sites/default/grid-demo/.content/texts/t_00037.xml]]></target>
            <uuid>cd8dad84-604d-11e4-831e-005056b61161</uuid>
          </link>
        </Uri>
        <Formatter>
          <link type="STRONG">
            <target><![CDATA[/system/modules/com.alkacon.bootstrap.formatters/formatters/text.jsp]]></target>
            <uuid>aaede9c2-3a5f-11e4-bed5-005056b61161</uuid>
          </link>
        </Formatter>
        <Properties>
          <Name><![CDATA[formatterSettings#c0c1cf6f-604e-11e4-831e-005056b61161-fullcolumn]]></Name>
          <Value>
            <String><![CDATA[98ee376c-3a5f-11e4-bed5-005056b61161]]></String>
          </Value>
        </Properties>
        <Properties>
          <Name><![CDATA[element_instance_id]]></Name>
          <Value>
            <String><![CDATA[fd8e82d0-6051-11e4-831e-005056b61161]]></String>
          </Value>
        </Properties>
      </Elements>
    </Containers>
    <Containers>
      <Name><![CDATA[4451e22e-604e-11e4-831e-005056b61161-1]]></Name>
      <Type><![CDATA[onethird]]></Type>
      <ParentInstanceId><![CDATA[4451e22e-604e-11e4-831e-005056b61161]]></ParentInstanceId>
    </Containers>
    <Containers>
      <Name><![CDATA[4451e22e-604e-11e4-831e-005056b61161-2]]></Name>
      <Type><![CDATA[onethird]]></Type>
      <ParentInstanceId><![CDATA[4451e22e-604e-11e4-831e-005056b61161]]></ParentInstanceId>
    </Containers>
  </AlkaconContainerPage>
</AlkaconContainerPages>
