<?xml version="1.0" encoding="UTF-8"?>

<export>
  <info>
    <creator>Admin</creator>
    <opencms_version>9.0.0</opencms_version>
    <createdate>Mon, 09 Jul 2012 08:33:01 GMT</createdate>
    <infoproject>Offline</infoproject>
    <export_version>7</export_version>
  </info>
  <module>
    <name>org.opencms.ade.postupload</name>
    <nicename><![CDATA[OpenCms 9 post-upload dialog]]></nicename>
    <group>OpenCms ADE</group>
    <class/>
    <description><![CDATA[This module provides a dialog for editing the configured default properties of a file after uploading it.<br>
<i>&copy; 2014 by Alkacon Software GmbH (http://www.alkacon.com).</i>]]></description>
    <version>9.5.0</version>
    <authorname/>
    <authoremail/>
    <datecreated/>
    <userinstalled/>
    <dateinstalled/>
    <dependencies>
      <dependency name="org.opencms.ade.config" version="9.0.0"/>
    </dependencies>
    <exportpoints>
      <exportpoint uri="/system/modules/org.opencms.ade.postupload/resources/" destination="resources/ade/"/>
    </exportpoints>
    <resources>
      <resource uri="/system/modules/org.opencms.ade.postupload/"/>
    </resources>
  </module>
  <files>
    <file>
      <destination>system</destination>
      <type>folder</type>
      <uuidstructure>a3a72feb-a0f5-11e1-b4cc-9d057d88828d</uuidstructure>
      <datelastmodified>Fri, 18 May 2012 14:27:47 GMT</datelastmodified>
      <userlastmodified>Admin</userlastmodified>
      <datecreated>Fri, 18 May 2012 14:27:47 GMT</datecreated>
      <usercreated>Admin</usercreated>
      <flags>0</flags>
      <properties/>
      <relations/>
      <accesscontrol>
        <accessentry>
          <uuidprincipal>ROLE.WORKPLACE_USER</uuidprincipal>
          <flags>514</flags>
          <permissionset>
            <allowed>1</allowed>
            <denied>0</denied>
          </permissionset>
        </accessentry>
      </accesscontrol>
    </file>
    <file>
      <destination>system/modules</destination>
      <type>folder</type>
      <uuidstructure>a49a68c7-a0f5-11e1-b4cc-9d057d88828d</uuidstructure>
      <datelastmodified>Fri, 18 May 2012 14:27:48 GMT</datelastmodified>
      <userlastmodified>Admin</userlastmodified>
      <datecreated>Fri, 18 May 2012 14:27:48 GMT</datecreated>
      <usercreated>Admin</usercreated>
      <flags>0</flags>
      <properties/>
      <relations/>
      <accesscontrol>
        <accessentry>
          <uuidprincipal>ROLE.WORKPLACE_USER</uuidprincipal>
          <flags>514</flags>
          <permissionset>
            <allowed>5</allowed>
            <denied>0</denied>
          </permissionset>
        </accessentry>
      </accesscontrol>
    </file>
    <file>
      <destination>system/modules/org.opencms.ade.postupload</destination>
      <type>folder</type>
      <uuidstructure>09fc5e87-c4e3-11e1-8bdc-9d057d88828d</uuidstructure>
      <datelastmodified>Tue, 03 Jul 2012 07:45:20 GMT</datelastmodified>
      <userlastmodified>Admin</userlastmodified>
      <datecreated>Tue, 03 Jul 2012 07:45:20 GMT</datecreated>
      <usercreated>Admin</usercreated>
      <flags>0</flags>
      <properties/>
      <relations/>
      <accesscontrol/>
    </file>
    <file>
      <destination>system/modules/org.opencms.ade.postupload/pages</destination>
      <type>folder</type>
      <uuidstructure>62821ccb-c4e3-11e1-8bdc-9d057d88828d</uuidstructure>
      <datelastmodified>Tue, 03 Jul 2012 07:47:48 GMT</datelastmodified>
      <userlastmodified>Admin</userlastmodified>
      <datecreated>Tue, 03 Jul 2012 07:47:48 GMT</datecreated>
      <usercreated>Admin</usercreated>
      <flags>0</flags>
      <properties/>
      <relations/>
      <accesscontrol/>
    </file>
    <file>
      <source>system/modules/org.opencms.ade.postupload/pages/postupload.jsp</source>
      <destination>system/modules/org.opencms.ade.postupload/pages/postupload.jsp</destination>
      <type>jsp</type>
      <uuidstructure>8b5d8dfd-c4e3-11e1-8bdc-9d057d88828d</uuidstructure>
      <uuidresource>8b5d8dfe-c4e3-11e1-8bdc-9d057d88828d</uuidresource>
      <datelastmodified>Tue, 03 Jul 2012 07:50:38 GMT</datelastmodified>
      <userlastmodified>Admin</userlastmodified>
      <datecreated>Tue, 03 Jul 2012 07:48:57 GMT</datecreated>
      <usercreated>Admin</usercreated>
      <flags>0</flags>
      <properties>
        <property type="shared">
          <name>export</name>
          <value><![CDATA[false]]></value>
        </property>
      </properties>
      <relations/>
      <accesscontrol/>
    </file>
    <file>
      <source>system/modules/org.opencms.ade.postupload/pages/postupload_useconfig.jsp</source>
      <destination>system/modules/org.opencms.ade.postupload/pages/postupload_useconfig.jsp</destination>
      <type>jsp</type>
      <uuidstructure>ea643811-375c-4b14-ad4c-3df748f88ea2</uuidstructure>
      <uuidresource>f782375a-1c07-4a01-ba1b-64595e157658</uuidresource>
      <datelastmodified>Tue, 03 Jul 2012 07:50:38 GMT</datelastmodified>
      <userlastmodified>Admin</userlastmodified>
      <datecreated>Tue, 03 Jul 2012 07:48:57 GMT</datecreated>
      <usercreated>Admin</usercreated>
      <flags>0</flags>
      <properties>
        <property type="shared">
          <name>export</name>
          <value><![CDATA[false]]></value>
        </property>
      </properties>
      <relations/>
      <accesscontrol/>
    </file>
    <file>
      <destination>system/modules/org.opencms.ade.postupload/resources</destination>
      <type>folder</type>
      <uuidstructure>17e66189-c4e3-11e1-8bdc-9d057d88828d</uuidstructure>
      <datelastmodified>Tue, 03 Jul 2012 07:45:43 GMT</datelastmodified>
      <userlastmodified>Admin</userlastmodified>
      <datecreated>Tue, 03 Jul 2012 07:45:43 GMT</datecreated>
      <usercreated>Admin</usercreated>
      <flags>0</flags>
      <properties/>
      <relations/>
      <accesscontrol/>
    </file>
    <file>
      <destination>system/modules/org.opencms.ade.postupload/resources/postupload</destination>
      <type>folder</type>
      <uuidstructure>aebaff9b-6026-4609-be22-60d19c195638</uuidstructure>
      <datelastmodified>Tue, 03 Jul 2012 07:45:43 GMT</datelastmodified>
      <userlastmodified>Admin</userlastmodified>
      <datecreated>Tue, 03 Jul 2012 07:45:43 GMT</datecreated>
      <usercreated>Admin</usercreated>
      <flags>0</flags>
      <properties/>
      <relations/>
      <accesscontrol/>
    </file>
    <file>
      <source>system/modules/org.opencms.ade.postupload/resources/postupload/834ACD67B85F3C408115ACB33F5F6728.cache.html</source>
      <destination>system/modules/org.opencms.ade.postupload/resources/postupload/834ACD67B85F3C408115ACB33F5F6728.cache.html</destination>
      <type>binary</type>
      <uuidstructure>3e6e0a0f-60ea-11e4-b4fd-9179a6339c11</uuidstructure>
      <uuidresource>3e6e5830-60ea-11e4-b4fd-9179a6339c11</uuidresource>
      <datelastmodified>Fri, 31 Oct 2014 10:39:51 GMT</datelastmodified>
      <userlastmodified>Admin</userlastmodified>
      <datecreated>Fri, 31 Oct 2014 10:39:51 GMT</datecreated>
      <usercreated>Admin</usercreated>
      <flags>0</flags>
      <properties/>
      <relations/>
      <accesscontrol/>
    </file>
    <file>
      <source>system/modules/org.opencms.ade.postupload/resources/postupload/3055200E41FF074BAD64D9854A96003C.cache.html</source>
      <destination>system/modules/org.opencms.ade.postupload/resources/postupload/3055200E41FF074BAD64D9854A96003C.cache.html</destination>
      <type>binary</type>
      <uuidstructure>3e70c931-60ea-11e4-b4fd-9179a6339c11</uuidstructure>
      <uuidresource>3e711752-60ea-11e4-b4fd-9179a6339c11</uuidresource>
      <datelastmodified>Fri, 31 Oct 2014 10:39:51 GMT</datelastmodified>
      <userlastmodified>Admin</userlastmodified>
      <datecreated>Fri, 31 Oct 2014 10:39:51 GMT</datecreated>
      <usercreated>Admin</usercreated>
      <flags>0</flags>
      <properties/>
      <relations/>
      <accesscontrol/>
    </file>
    <file>
      <source>system/modules/org.opencms.ade.postupload/resources/postupload/4F0729D119A91BEC3F5D2ECEE0C103A8.gwt.rpc</source>
      <destination>system/modules/org.opencms.ade.postupload/resources/postupload/4F0729D119A91BEC3F5D2ECEE0C103A8.gwt.rpc</destination>
      <type>binary</type>
      <uuidstructure>3e738853-60ea-11e4-b4fd-9179a6339c11</uuidstructure>
      <uuidresource>3e73af64-60ea-11e4-b4fd-9179a6339c11</uuidresource>
      <datelastmodified>Fri, 31 Oct 2014 10:39:51 GMT</datelastmodified>
      <userlastmodified>Admin</userlastmodified>
      <datecreated>Fri, 31 Oct 2014 10:39:51 GMT</datecreated>
      <usercreated>Admin</usercreated>
      <flags>0</flags>
      <properties/>
      <relations/>
      <accesscontrol/>
    </file>
    <file>
      <source>system/modules/org.opencms.ade.postupload/resources/postupload/postupload.nocache.js</source>
      <destination>system/modules/org.opencms.ade.postupload/resources/postupload/postupload.nocache.js</destination>
      <type>binary</type>
      <uuidstructure>3e766e85-60ea-11e4-b4fd-9179a6339c11</uuidstructure>
      <uuidresource>3e769596-60ea-11e4-b4fd-9179a6339c11</uuidresource>
      <datelastmodified>Fri, 31 Oct 2014 10:39:51 GMT</datelastmodified>
      <userlastmodified>Admin</userlastmodified>
      <datecreated>Fri, 31 Oct 2014 10:39:51 GMT</datecreated>
      <usercreated>Admin</usercreated>
      <flags>0</flags>
      <properties/>
      <relations/>
      <accesscontrol/>
    </file>
    <file>
      <source>system/modules/org.opencms.ade.postupload/resources/postupload/CDED621AF312E8A9B55B17DA71784E69.cache.html</source>
      <destination>system/modules/org.opencms.ade.postupload/resources/postupload/CDED621AF312E8A9B55B17DA71784E69.cache.html</destination>
      <type>binary</type>
      <uuidstructure>3e78b877-60ea-11e4-b4fd-9179a6339c11</uuidstructure>
      <uuidresource>3e78df88-60ea-11e4-b4fd-9179a6339c11</uuidresource>
      <datelastmodified>Fri, 31 Oct 2014 10:39:51 GMT</datelastmodified>
      <userlastmodified>Admin</userlastmodified>
      <datecreated>Fri, 31 Oct 2014 10:39:51 GMT</datecreated>
      <usercreated>Admin</usercreated>
      <flags>0</flags>
      <properties/>
      <relations/>
      <accesscontrol/>
    </file>
    <file>
      <source>system/modules/org.opencms.ade.postupload/resources/postupload/clear.cache.gif</source>
      <destination>system/modules/org.opencms.ade.postupload/resources/postupload/clear.cache.gif</destination>
      <type>image</type>
      <uuidstructure>3e7adb59-60ea-11e4-b4fd-9179a6339c11</uuidstructure>
      <uuidresource>3e7b026a-60ea-11e4-b4fd-9179a6339c11</uuidresource>
      <datelastmodified>Fri, 31 Oct 2014 10:39:51 GMT</datelastmodified>
      <userlastmodified>Admin</userlastmodified>
      <datecreated>Fri, 31 Oct 2014 10:39:51 GMT</datecreated>
      <usercreated>Admin</usercreated>
      <flags>0</flags>
      <properties/>
      <relations/>
      <accesscontrol/>
    </file>
    <file>
      <source>system/modules/org.opencms.ade.postupload/resources/postupload/hosted.html</source>
      <destination>system/modules/org.opencms.ade.postupload/resources/postupload/hosted.html</destination>
      <type>binary</type>
      <uuidstructure>3e7d254b-60ea-11e4-b4fd-9179a6339c11</uuidstructure>
      <uuidresource>3e7d4c5c-60ea-11e4-b4fd-9179a6339c11</uuidresource>
      <datelastmodified>Fri, 31 Oct 2014 10:39:51 GMT</datelastmodified>
      <userlastmodified>Admin</userlastmodified>
      <datecreated>Fri, 31 Oct 2014 10:39:51 GMT</datecreated>
      <usercreated>Admin</usercreated>
      <flags>0</flags>
      <properties/>
      <relations/>
      <accesscontrol/>
    </file>
    <file>
      <source>system/modules/org.opencms.ade.postupload/resources/postupload/614A8351A28C0A4378525F849533D3FF.gwt.rpc</source>
      <destination>system/modules/org.opencms.ade.postupload/resources/postupload/614A8351A28C0A4378525F849533D3FF.gwt.rpc</destination>
      <type>binary</type>
      <uuidstructure>3e7f6f3d-60ea-11e4-b4fd-9179a6339c11</uuidstructure>
      <uuidresource>3e7fbd5e-60ea-11e4-b4fd-9179a6339c11</uuidresource>
      <datelastmodified>Fri, 31 Oct 2014 10:39:51 GMT</datelastmodified>
      <userlastmodified>Admin</userlastmodified>
      <datecreated>Fri, 31 Oct 2014 10:39:51 GMT</datecreated>
      <usercreated>Admin</usercreated>
      <flags>0</flags>
      <properties/>
      <relations/>
      <accesscontrol/>
    </file>
    <file>
      <source>system/modules/org.opencms.ade.postupload/resources/postupload/443B5D0417672264E42F0DB3B78520A0.cache.html</source>
      <destination>system/modules/org.opencms.ade.postupload/resources/postupload/443B5D0417672264E42F0DB3B78520A0.cache.html</destination>
      <type>binary</type>
      <uuidstructure>3e82556f-60ea-11e4-b4fd-9179a6339c11</uuidstructure>
      <uuidresource>3e82a390-60ea-11e4-b4fd-9179a6339c11</uuidresource>
      <datelastmodified>Fri, 31 Oct 2014 10:39:51 GMT</datelastmodified>
      <userlastmodified>Admin</userlastmodified>
      <datecreated>Fri, 31 Oct 2014 10:39:51 GMT</datecreated>
      <usercreated>Admin</usercreated>
      <flags>0</flags>
      <properties/>
      <relations/>
      <accesscontrol/>
    </file>
    <file>
      <source>system/modules/org.opencms.ade.postupload/resources/postupload/9F10BC99433458B7C8FAF6EBE030B64A.gwt.rpc</source>
      <destination>system/modules/org.opencms.ade.postupload/resources/postupload/9F10BC99433458B7C8FAF6EBE030B64A.gwt.rpc</destination>
      <type>binary</type>
      <uuidstructure>3e867421-60ea-11e4-b4fd-9179a6339c11</uuidstructure>
      <uuidresource>3e86c242-60ea-11e4-b4fd-9179a6339c11</uuidresource>
      <datelastmodified>Fri, 31 Oct 2014 10:39:51 GMT</datelastmodified>
      <userlastmodified>Admin</userlastmodified>
      <datecreated>Fri, 31 Oct 2014 10:39:51 GMT</datecreated>
      <usercreated>Admin</usercreated>
      <flags>0</flags>
      <properties/>
      <relations/>
      <accesscontrol/>
    </file>
    <file>
      <source>system/modules/org.opencms.ade.postupload/resources/postupload/D342BFD70169EAC819DCE08421ED0901.gwt.rpc</source>
      <destination>system/modules/org.opencms.ade.postupload/resources/postupload/D342BFD70169EAC819DCE08421ED0901.gwt.rpc</destination>
      <type>binary</type>
      <uuidstructure>3e898163-60ea-11e4-b4fd-9179a6339c11</uuidstructure>
      <uuidresource>3e89a874-60ea-11e4-b4fd-9179a6339c11</uuidresource>
      <datelastmodified>Fri, 31 Oct 2014 10:39:51 GMT</datelastmodified>
      <userlastmodified>Admin</userlastmodified>
      <datecreated>Fri, 31 Oct 2014 10:39:51 GMT</datecreated>
      <usercreated>Admin</usercreated>
      <flags>0</flags>
      <properties/>
      <relations/>
      <accesscontrol/>
    </file>
  </files>
</export>
