<?xml version="1.0" encoding="UTF-8"?>

<export>
  <info>
    <creator>Admin</creator>
    <opencms_version>9.0.0</opencms_version>
    <createdate>Mon, 15 Mar 2010 15:26:37 GMT</createdate>
    <infoproject>Offline</infoproject>
    <export_version>7</export_version>
  </info>
  <module>
    <name>org.opencms.ade.sitemap</name>
    <nicename><![CDATA[OpenCms 9 Sitemap]]></nicename>
    <group>OpenCms ADE</group>
    <class/>
    <description><![CDATA[<p>ADE Sitemap Editor.</p>

<p><i>&copy; 2014 by Alkacon Software GmbH (http://www.alkacon.com).</i></p>]]></description>
    <version>9.5.0</version>
    <authorname><![CDATA[Alkacon Software GmbH]]></authorname>
    <authoremail><![CDATA[info@alkacon.com]]></authoremail>
    <datecreated>Mon, 27 Jun 2005 08:00:00 GMT</datecreated>
    <userinstalled/>
    <dateinstalled/>
    <dependencies>
      <dependency name="org.opencms.ade.config" version="9.0.0"/>
    </dependencies>
    <exportpoints>
      <exportpoint uri="/system/modules/org.opencms.ade.sitemap/resources/" destination="resources/ade/"/>
    </exportpoints>
    <resources>
      <resource uri="/system/modules/org.opencms.ade.sitemap/"/>
    </resources>
    <resourcetypes/>
    <explorertypes/>
  </module>
  <files>
    <file>
      <destination>system</destination>
      <type>folder</type>
      <uuidstructure>c7cab06f-1a41-11df-bb09-654568eded92</uuidstructure>
      <datelastmodified>Mon, 27 Jun 2005 08:00:00 GMT</datelastmodified>
      <userlastmodified>Admin</userlastmodified>
      <datecreated>Mon, 15 Feb 2010 14:52:47 GMT</datecreated>
      <usercreated>Admin</usercreated>
      <flags>0</flags>
      <properties/>
      <relations/>
      <accesscontrol>
        <accessentry>
          <uuidprincipal>ROLE.WORKPLACE_USER</uuidprincipal>
          <flags>514</flags>
          <permissionset>
            <allowed>1</allowed>
            <denied>0</denied>
          </permissionset>
        </accessentry>
      </accesscontrol>
    </file>
    <file>
      <destination>system/modules</destination>
      <type>folder</type>
      <uuidstructure>c86ce418-1a41-11df-bb09-654568eded92</uuidstructure>
      <datelastmodified>Mon, 15 Feb 2010 14:52:48 GMT</datelastmodified>
      <userlastmodified>Admin</userlastmodified>
      <datecreated>Mon, 15 Feb 2010 14:52:48 GMT</datecreated>
      <usercreated>Admin</usercreated>
      <flags>0</flags>
      <properties/>
      <relations/>
      <accesscontrol>
        <accessentry>
          <uuidprincipal>ROLE.WORKPLACE_USER</uuidprincipal>
          <flags>514</flags>
          <permissionset>
            <allowed>5</allowed>
            <denied>0</denied>
          </permissionset>
        </accessentry>
      </accesscontrol>
    </file>
    <file>
      <destination>system/modules/org.opencms.ade.sitemap</destination>
      <type>folder</type>
      <uuidstructure>c0ade2a2-11b7-11db-bbbb-fd3ae480fac9</uuidstructure>
      <datelastmodified>Mon, 27 Mar 2006 12:00:00 GMT</datelastmodified>
      <userlastmodified>Admin</userlastmodified>
      <datecreated>Mon, 20 Feb 2006 14:05:57 GMT</datecreated>
      <usercreated>Admin</usercreated>
      <flags>0</flags>
      <properties/>
      <relations/>
      <accesscontrol/>
    </file>
    <file>
      <source>system/modules/org.opencms.ade.sitemap/.config</source>
      <destination>system/modules/org.opencms.ade.sitemap/.config</destination>
      <type>module_config</type>
      <uuidstructure>cf584f92-93b2-4788-ad9f-d9c3b4955ce6</uuidstructure>
      <uuidresource>cf584f92-93b2-4788-ad9f-d9c3b4955ce7</uuidresource>
      <datelastmodified>Mon, 17 Jan 2011 10:01:54 GMT</datelastmodified>
      <userlastmodified>Admin</userlastmodified>
      <datecreated>Mon, 17 Jan 2011 09:34:17 GMT</datecreated>
      <usercreated>Admin</usercreated>
      <flags>0</flags>
      <properties>
        <property>
          <name>locale</name>
          <value><![CDATA[en]]></value>
        </property>
        <property>
          <name>locale-available</name>
          <value><![CDATA[en]]></value>
        </property>
      </properties>
      <relations/>
      <accesscontrol/>
    </file>
    <file>
      <destination>system/modules/org.opencms.ade.sitemap/pages</destination>
      <type>folder</type>
      <uuidstructure>e9bf555e-7734-11e0-89e5-d14bc4448678</uuidstructure>
      <datelastmodified>Thu, 05 May 2011 16:29:56 GMT</datelastmodified>
      <userlastmodified>Admin</userlastmodified>
      <datecreated>Thu, 05 May 2011 16:29:56 GMT</datecreated>
      <usercreated>Admin</usercreated>
      <flags>0</flags>
      <properties/>
      <relations/>
      <accesscontrol/>
    </file>
    <file>
      <source>system/modules/org.opencms.ade.sitemap/pages/notemplate.png</source>
      <destination>system/modules/org.opencms.ade.sitemap/pages/notemplate.png</destination>
      <type>image</type>
      <uuidstructure>653b45a9-7735-11e0-89e5-d14bc4448678</uuidstructure>
      <uuidresource>653b45aa-7735-11e0-89e5-d14bc4448678</uuidresource>
      <datelastmodified>Thu, 05 May 2011 16:33:23 GMT</datelastmodified>
      <userlastmodified>Admin</userlastmodified>
      <datecreated>Thu, 05 May 2011 16:33:23 GMT</datecreated>
      <usercreated>Admin</usercreated>
      <flags>0</flags>
      <properties>
        <property>
          <name>Title</name>
          <value><![CDATA[notemplate]]></value>
        </property>
        <property type="shared">
          <name>image.size</name>
          <value><![CDATA[w:64,h:64]]></value>
        </property>
      </properties>
      <relations/>
      <accesscontrol/>
    </file>
    <file>
      <source>system/modules/org.opencms.ade.sitemap/pages/redirect-detail.jsp</source>
      <destination>system/modules/org.opencms.ade.sitemap/pages/redirect-detail.jsp</destination>
      <type>jsp</type>
      <uuidstructure>6544bb8d-7735-11e0-89e5-d14bc4448678</uuidstructure>
      <uuidresource>6544bb8e-7735-11e0-89e5-d14bc4448678</uuidresource>
      <datelastmodified>Thu, 05 May 2011 16:33:23 GMT</datelastmodified>
      <userlastmodified>Admin</userlastmodified>
      <datecreated>Thu, 05 May 2011 16:33:23 GMT</datecreated>
      <usercreated>Admin</usercreated>
      <flags>0</flags>
      <properties>
        <property>
          <name>Title</name>
          <value><![CDATA[redirect-detail]]></value>
        </property>
        <property type="shared">
          <name>export</name>
          <value><![CDATA[false]]></value>
        </property>
      </properties>
      <relations/>
      <accesscontrol/>
    </file>
    <file>
      <source>system/modules/org.opencms.ade.sitemap/pages/render-seo-file.jsp</source>
      <destination>system/modules/org.opencms.ade.sitemap/pages/render-seo-file.jsp</destination>
      <type>jsp</type>
      <uuidstructure>4a982d98-b3ec-4709-a5c3-2c57a9c670c5</uuidstructure>
      <uuidresource>71b01b3d-207f-46b3-b7c0-d551782070ca</uuidresource>
      <datelastmodified>Thu, 05 May 2011 16:33:23 GMT</datelastmodified>
      <userlastmodified>Admin</userlastmodified>
      <datecreated>Thu, 05 May 2011 16:33:23 GMT</datecreated>
      <usercreated>Admin</usercreated>
      <flags>0</flags>
      <properties>
        <property>
          <name>Title</name>
          <value><![CDATA[render-seo-file]]></value>
        </property>
        <property type="shared">
          <name>export</name>
          <value><![CDATA[false]]></value>
        </property>
        <property>
          <name>cache</name>
          <value><![CDATA[uri]]></value>
        </property>
      </properties>
      <relations/>
      <accesscontrol/>
    </file>
    <file>
      <source>system/modules/org.opencms.ade.sitemap/pages/download-aliases.jsp</source>
      <destination>system/modules/org.opencms.ade.sitemap/pages/download-aliases.jsp</destination>
      <type>jsp</type>
      <uuidstructure>08bb7d11-23eb-4507-ab0e-b978d582a8bb</uuidstructure>
      <uuidresource>08bb7d12-23eb-4507-ab0e-b978d582a8bb</uuidresource>
      <datelastmodified>Thu, 05 May 2011 16:33:23 GMT</datelastmodified>
      <userlastmodified>Admin</userlastmodified>
      <datecreated>Thu, 05 May 2011 16:33:23 GMT</datecreated>
      <usercreated>Admin</usercreated>
      <flags>0</flags>
      <properties>
        <property>
          <name>Title</name>
          <value><![CDATA[download-aliases]]></value>
        </property>
        <property type="shared">
          <name>export</name>
          <value><![CDATA[false]]></value>
        </property>
        <property>
          <name>cache</name>
          <value><![CDATA[bypass]]></value>
        </property>
      </properties>
      <relations/>
      <accesscontrol/>
    </file>
    <file>
      <source>system/modules/org.opencms.ade.sitemap/pages/import-aliases.jsp</source>
      <destination>system/modules/org.opencms.ade.sitemap/pages/import-aliases.jsp</destination>
      <type>jsp</type>
      <uuidstructure>367b6c2f-2a6d-4b5d-b4a0-3f7b8519a8ac</uuidstructure>
      <uuidresource>8c32fbcd-a5b5-49e6-8ab5-aa792e5cb592</uuidresource>
      <datelastmodified>Thu, 05 May 2011 16:33:23 GMT</datelastmodified>
      <userlastmodified>Admin</userlastmodified>
      <datecreated>Thu, 05 May 2011 16:33:23 GMT</datecreated>
      <usercreated>Admin</usercreated>
      <flags>0</flags>
      <properties>
        <property>
          <name>Title</name>
          <value><![CDATA[import-aliases]]></value>
        </property>
        <property type="shared">
          <name>export</name>
          <value><![CDATA[false]]></value>
        </property>
      </properties>
      <relations/>
      <accesscontrol/>
    </file>
    <file>
      <source>system/modules/org.opencms.ade.sitemap/pages/sitemap.jsp</source>
      <destination>system/modules/org.opencms.ade.sitemap/pages/sitemap.jsp</destination>
      <type>jsp</type>
      <uuidstructure>654be781-7735-11e0-89e5-d14bc4448678</uuidstructure>
      <uuidresource>654be782-7735-11e0-89e5-d14bc4448678</uuidresource>
      <datelastmodified>Thu, 05 May 2011 16:33:23 GMT</datelastmodified>
      <userlastmodified>Admin</userlastmodified>
      <datecreated>Thu, 05 May 2011 16:33:23 GMT</datecreated>
      <usercreated>Admin</usercreated>
      <flags>0</flags>
      <properties>
        <property>
          <name>Title</name>
          <value><![CDATA[sitemap]]></value>
        </property>
        <property type="shared">
          <name>export</name>
          <value><![CDATA[false]]></value>
        </property>
      </properties>
      <relations/>
      <accesscontrol/>
    </file>
    <file>
      <source>system/modules/org.opencms.ade.sitemap/pages/sub-level-redirect.html</source>
      <destination>system/modules/org.opencms.ade.sitemap/pages/sub-level-redirect.html</destination>
      <type>htmlredirect</type>
      <uuidstructure>bba62bd0-7f0c-11e1-a2a6-b38ba2bad1b2</uuidstructure>
      <uuidresource>bba62bd1-7f0c-11e1-a2a6-b38ba2bad1b2</uuidresource>
      <datelastmodified>Thu, 05 Apr 2012 10:47:37 GMT</datelastmodified>
      <userlastmodified>Admin</userlastmodified>
      <datecreated>Thu, 05 Apr 2012 10:47:26 GMT</datecreated>
      <usercreated>Admin</usercreated>
      <flags>0</flags>
      <properties>
        <property>
          <name>Title</name>
          <value><![CDATA[Sub level redirect]]></value>
        </property>
        <property type="shared">
          <name>template-elements</name>
          <value><![CDATA[/system/modules/org.opencms.ade.sitemap/pages/redirect-detail.jsp]]></value>
        </property>
      </properties>
      <relations/>
      <accesscontrol/>
    </file>
    <file>
      <destination>system/modules/org.opencms.ade.sitemap/resources</destination>
      <type>folder</type>
      <uuidstructure>c0ade2a2-fde7-11db-b43b-fd3ae480fac9</uuidstructure>
      <datelastmodified>Mon, 27 Mar 2006 12:00:00 GMT</datelastmodified>
      <userlastmodified>Admin</userlastmodified>
      <datecreated>Mon, 20 Feb 2006 14:05:57 GMT</datecreated>
      <usercreated>Admin</usercreated>
      <flags>0</flags>
      <properties/>
      <relations/>
      <accesscontrol/>
    </file>
    <file>
      <destination>system/modules/org.opencms.ade.sitemap/resources/sitemap</destination>
      <type>folder</type>
      <uuidstructure>226de3bf-71ae-11e0-883b-cd21a79dc8d2</uuidstructure>
      <datelastmodified>Thu, 28 Apr 2011 15:42:33 GMT</datelastmodified>
      <userlastmodified>Admin</userlastmodified>
      <datecreated>Thu, 28 Apr 2011 15:42:33 GMT</datecreated>
      <usercreated>Admin</usercreated>
      <flags>0</flags>
      <properties/>
      <relations/>
      <accesscontrol/>
    </file>
    <file>
      <source>system/modules/org.opencms.ade.sitemap/resources/sitemap/34324C69429A168C3523C898D3E3CA47.cache.html</source>
      <destination>system/modules/org.opencms.ade.sitemap/resources/sitemap/34324C69429A168C3523C898D3E3CA47.cache.html</destination>
      <type>binary</type>
      <uuidstructure>11984415-60eb-11e4-a708-1bb45f79406e</uuidstructure>
      <uuidresource>11989236-60eb-11e4-a708-1bb45f79406e</uuidresource>
      <datelastmodified>Fri, 31 Oct 2014 10:45:45 GMT</datelastmodified>
      <userlastmodified>Admin</userlastmodified>
      <datecreated>Fri, 31 Oct 2014 10:45:45 GMT</datecreated>
      <usercreated>Admin</usercreated>
      <flags>0</flags>
      <properties/>
      <relations/>
      <accesscontrol/>
    </file>
    <file>
      <source>system/modules/org.opencms.ade.sitemap/resources/sitemap/3B38FB819FE1450E096F18385420339B.cache.html</source>
      <destination>system/modules/org.opencms.ade.sitemap/resources/sitemap/3B38FB819FE1450E096F18385420339B.cache.html</destination>
      <type>binary</type>
      <uuidstructure>119bc687-60eb-11e4-a708-1bb45f79406e</uuidstructure>
      <uuidresource>119c14a8-60eb-11e4-a708-1bb45f79406e</uuidresource>
      <datelastmodified>Fri, 31 Oct 2014 10:45:45 GMT</datelastmodified>
      <userlastmodified>Admin</userlastmodified>
      <datecreated>Fri, 31 Oct 2014 10:45:45 GMT</datecreated>
      <usercreated>Admin</usercreated>
      <flags>0</flags>
      <properties/>
      <relations/>
      <accesscontrol/>
    </file>
    <file>
      <source>system/modules/org.opencms.ade.sitemap/resources/sitemap/clear.cache.gif</source>
      <destination>system/modules/org.opencms.ade.sitemap/resources/sitemap/clear.cache.gif</destination>
      <type>image</type>
      <uuidstructure>119f48f9-60eb-11e4-a708-1bb45f79406e</uuidstructure>
      <uuidresource>119f971a-60eb-11e4-a708-1bb45f79406e</uuidresource>
      <datelastmodified>Fri, 31 Oct 2014 10:45:45 GMT</datelastmodified>
      <userlastmodified>Admin</userlastmodified>
      <datecreated>Fri, 31 Oct 2014 10:45:45 GMT</datecreated>
      <usercreated>Admin</usercreated>
      <flags>0</flags>
      <properties/>
      <relations/>
      <accesscontrol/>
    </file>
    <file>
      <source>system/modules/org.opencms.ade.sitemap/resources/sitemap/hosted.html</source>
      <destination>system/modules/org.opencms.ade.sitemap/resources/sitemap/hosted.html</destination>
      <type>binary</type>
      <uuidstructure>11a22f2b-60eb-11e4-a708-1bb45f79406e</uuidstructure>
      <uuidresource>11a2563c-60eb-11e4-a708-1bb45f79406e</uuidresource>
      <datelastmodified>Fri, 31 Oct 2014 10:45:45 GMT</datelastmodified>
      <userlastmodified>Admin</userlastmodified>
      <datecreated>Fri, 31 Oct 2014 10:45:45 GMT</datecreated>
      <usercreated>Admin</usercreated>
      <flags>0</flags>
      <properties/>
      <relations/>
      <accesscontrol/>
    </file>
    <file>
      <source>system/modules/org.opencms.ade.sitemap/resources/sitemap/41DB4C409D60F7A1FA2E46CECC798659.gwt.rpc</source>
      <destination>system/modules/org.opencms.ade.sitemap/resources/sitemap/41DB4C409D60F7A1FA2E46CECC798659.gwt.rpc</destination>
      <type>binary</type>
      <uuidstructure>11a4c73d-60eb-11e4-a708-1bb45f79406e</uuidstructure>
      <uuidresource>11a5155e-60eb-11e4-a708-1bb45f79406e</uuidresource>
      <datelastmodified>Fri, 31 Oct 2014 10:45:45 GMT</datelastmodified>
      <userlastmodified>Admin</userlastmodified>
      <datecreated>Fri, 31 Oct 2014 10:45:45 GMT</datecreated>
      <usercreated>Admin</usercreated>
      <flags>0</flags>
      <properties/>
      <relations/>
      <accesscontrol/>
    </file>
    <file>
      <source>system/modules/org.opencms.ade.sitemap/resources/sitemap/sitemap.nocache.js</source>
      <destination>system/modules/org.opencms.ade.sitemap/resources/sitemap/sitemap.nocache.js</destination>
      <type>binary</type>
      <uuidstructure>11a7fb8f-60eb-11e4-a708-1bb45f79406e</uuidstructure>
      <uuidresource>11a822a0-60eb-11e4-a708-1bb45f79406e</uuidresource>
      <datelastmodified>Fri, 31 Oct 2014 10:45:45 GMT</datelastmodified>
      <userlastmodified>Admin</userlastmodified>
      <datecreated>Fri, 31 Oct 2014 10:45:45 GMT</datecreated>
      <usercreated>Admin</usercreated>
      <flags>0</flags>
      <properties/>
      <relations/>
      <accesscontrol/>
    </file>
    <file>
      <source>system/modules/org.opencms.ade.sitemap/resources/sitemap/F3B41940C683E42BA9B6575D7CDDB15C.gwt.rpc</source>
      <destination>system/modules/org.opencms.ade.sitemap/resources/sitemap/F3B41940C683E42BA9B6575D7CDDB15C.gwt.rpc</destination>
      <type>binary</type>
      <uuidstructure>11ab2fe1-60eb-11e4-a708-1bb45f79406e</uuidstructure>
      <uuidresource>11aba512-60eb-11e4-a708-1bb45f79406e</uuidresource>
      <datelastmodified>Fri, 31 Oct 2014 10:45:45 GMT</datelastmodified>
      <userlastmodified>Admin</userlastmodified>
      <datecreated>Fri, 31 Oct 2014 10:45:45 GMT</datecreated>
      <usercreated>Admin</usercreated>
      <flags>0</flags>
      <properties/>
      <relations/>
      <accesscontrol/>
    </file>
    <file>
      <source>system/modules/org.opencms.ade.sitemap/resources/sitemap/DE0F932F4B4C483ACD58B3F88007494F.gwt.rpc</source>
      <destination>system/modules/org.opencms.ade.sitemap/resources/sitemap/DE0F932F4B4C483ACD58B3F88007494F.gwt.rpc</destination>
      <type>binary</type>
      <uuidstructure>11afc3c3-60eb-11e4-a708-1bb45f79406e</uuidstructure>
      <uuidresource>11afead4-60eb-11e4-a708-1bb45f79406e</uuidresource>
      <datelastmodified>Fri, 31 Oct 2014 10:45:45 GMT</datelastmodified>
      <userlastmodified>Admin</userlastmodified>
      <datecreated>Fri, 31 Oct 2014 10:45:45 GMT</datecreated>
      <usercreated>Admin</usercreated>
      <flags>0</flags>
      <properties/>
      <relations/>
      <accesscontrol/>
    </file>
    <file>
      <source>system/modules/org.opencms.ade.sitemap/resources/sitemap/A2F581E9C9CEF6EB2779FA29C49F37BF.gwt.rpc</source>
      <destination>system/modules/org.opencms.ade.sitemap/resources/sitemap/A2F581E9C9CEF6EB2779FA29C49F37BF.gwt.rpc</destination>
      <type>binary</type>
      <uuidstructure>11b31f25-60eb-11e4-a708-1bb45f79406e</uuidstructure>
      <uuidresource>11b36d46-60eb-11e4-a708-1bb45f79406e</uuidresource>
      <datelastmodified>Fri, 31 Oct 2014 10:45:45 GMT</datelastmodified>
      <userlastmodified>Admin</userlastmodified>
      <datecreated>Fri, 31 Oct 2014 10:45:45 GMT</datecreated>
      <usercreated>Admin</usercreated>
      <flags>0</flags>
      <properties/>
      <relations/>
      <accesscontrol/>
    </file>
    <file>
      <source>system/modules/org.opencms.ade.sitemap/resources/sitemap/614A8351A28C0A4378525F849533D3FF.gwt.rpc</source>
      <destination>system/modules/org.opencms.ade.sitemap/resources/sitemap/614A8351A28C0A4378525F849533D3FF.gwt.rpc</destination>
      <type>binary</type>
      <uuidstructure>11b65377-60eb-11e4-a708-1bb45f79406e</uuidstructure>
      <uuidresource>11b67a88-60eb-11e4-a708-1bb45f79406e</uuidresource>
      <datelastmodified>Fri, 31 Oct 2014 10:45:45 GMT</datelastmodified>
      <userlastmodified>Admin</userlastmodified>
      <datecreated>Fri, 31 Oct 2014 10:45:45 GMT</datecreated>
      <usercreated>Admin</usercreated>
      <flags>0</flags>
      <properties/>
      <relations/>
      <accesscontrol/>
    </file>
    <file>
      <source>system/modules/org.opencms.ade.sitemap/resources/sitemap/22CC62E86F146F17395D3D79BED35806.cache.html</source>
      <destination>system/modules/org.opencms.ade.sitemap/resources/sitemap/22CC62E86F146F17395D3D79BED35806.cache.html</destination>
      <type>binary</type>
      <uuidstructure>11b91299-60eb-11e4-a708-1bb45f79406e</uuidstructure>
      <uuidresource>11b939aa-60eb-11e4-a708-1bb45f79406e</uuidresource>
      <datelastmodified>Fri, 31 Oct 2014 10:45:45 GMT</datelastmodified>
      <userlastmodified>Admin</userlastmodified>
      <datecreated>Fri, 31 Oct 2014 10:45:45 GMT</datecreated>
      <usercreated>Admin</usercreated>
      <flags>0</flags>
      <properties/>
      <relations/>
      <accesscontrol/>
    </file>
    <file>
      <source>system/modules/org.opencms.ade.sitemap/resources/sitemap/C2B6C50928A0DB760EECB53E21FC0F2B.gwt.rpc</source>
      <destination>system/modules/org.opencms.ade.sitemap/resources/sitemap/C2B6C50928A0DB760EECB53E21FC0F2B.gwt.rpc</destination>
      <type>binary</type>
      <uuidstructure>11bb839b-60eb-11e4-a708-1bb45f79406e</uuidstructure>
      <uuidresource>11bbaaac-60eb-11e4-a708-1bb45f79406e</uuidresource>
      <datelastmodified>Fri, 31 Oct 2014 10:45:45 GMT</datelastmodified>
      <userlastmodified>Admin</userlastmodified>
      <datecreated>Fri, 31 Oct 2014 10:45:45 GMT</datecreated>
      <usercreated>Admin</usercreated>
      <flags>0</flags>
      <properties/>
      <relations/>
      <accesscontrol/>
    </file>
    <file>
      <source>system/modules/org.opencms.ade.sitemap/resources/sitemap/02C00F067138978EE5CE5A0E4F64F499.cache.html</source>
      <destination>system/modules/org.opencms.ade.sitemap/resources/sitemap/02C00F067138978EE5CE5A0E4F64F499.cache.html</destination>
      <type>binary</type>
      <uuidstructure>11bdf49d-60eb-11e4-a708-1bb45f79406e</uuidstructure>
      <uuidresource>11be1bae-60eb-11e4-a708-1bb45f79406e</uuidresource>
      <datelastmodified>Fri, 31 Oct 2014 10:45:45 GMT</datelastmodified>
      <userlastmodified>Admin</userlastmodified>
      <datecreated>Fri, 31 Oct 2014 10:45:45 GMT</datecreated>
      <usercreated>Admin</usercreated>
      <flags>0</flags>
      <properties/>
      <relations/>
      <accesscontrol/>
    </file>
    <file>
      <source>system/modules/org.opencms.ade.sitemap/resources/sitemap/776E5765660CE8CCED9F9A8BEAE37021.gwt.rpc</source>
      <destination>system/modules/org.opencms.ade.sitemap/resources/sitemap/776E5765660CE8CCED9F9A8BEAE37021.gwt.rpc</destination>
      <type>binary</type>
      <uuidstructure>11bff06f-60eb-11e4-a708-1bb45f79406e</uuidstructure>
      <uuidresource>11c01780-60eb-11e4-a708-1bb45f79406e</uuidresource>
      <datelastmodified>Fri, 31 Oct 2014 10:45:45 GMT</datelastmodified>
      <userlastmodified>Admin</userlastmodified>
      <datecreated>Fri, 31 Oct 2014 10:45:45 GMT</datecreated>
      <usercreated>Admin</usercreated>
      <flags>0</flags>
      <properties/>
      <relations/>
      <accesscontrol/>
    </file>
    <file>
      <source>system/modules/org.opencms.ade.sitemap/resources/sitemap/144D8312A0C82053CB10960F4A165924.gwt.rpc</source>
      <destination>system/modules/org.opencms.ade.sitemap/resources/sitemap/144D8312A0C82053CB10960F4A165924.gwt.rpc</destination>
      <type>binary</type>
      <uuidstructure>11c17711-60eb-11e4-a708-1bb45f79406e</uuidstructure>
      <uuidresource>11c19e22-60eb-11e4-a708-1bb45f79406e</uuidresource>
      <datelastmodified>Fri, 31 Oct 2014 10:45:45 GMT</datelastmodified>
      <userlastmodified>Admin</userlastmodified>
      <datecreated>Fri, 31 Oct 2014 10:45:45 GMT</datecreated>
      <usercreated>Admin</usercreated>
      <flags>0</flags>
      <properties/>
      <relations/>
      <accesscontrol/>
    </file>
  </files>
</export>
