<?xml version="1.0" encoding="UTF-8"?>

<DocumentationTopicrows xmlns:xsi="http://www.w3.org/2001/XMLSchema-instance" xsi:noNamespaceSchemaLocation="opencms://system/modules/com.alkacon.opencms.documentation/schemas/documentation-topic-row.xsd">
  <DocumentationTopicrow language="en">
    <Title><![CDATA[Manipulating the content editor]]></Title>
    <Item>
      <Headline/>
      <Topic>
        <PageLink>
          <link type="WEAK">
            <target><![CDATA[/sites/default/documentation/demos/dependent-editor-fields/]]></target>
            <uuid>363f50e9-3e8c-11e4-b97e-578a14069906</uuid>
          </link>
        </PageLink>
      </Topic>
    </Item>
  </DocumentationTopicrow>
</DocumentationTopicrows>
