<?xml version="1.0" encoding="UTF-8"?>

<DocumentationTopicrows xmlns:xsi="http://www.w3.org/2001/XMLSchema-instance" xsi:noNamespaceSchemaLocation="opencms://system/modules/com.alkacon.opencms.documentation/schemas/documentation-topic-row.xsd">
  <DocumentationTopicrow language="en">
    <Title><![CDATA[Dynamic functions]]></Title>
    <Item>
      <Headline/>
      <Topic>
        <PageLink>
          <link type="WEAK">
            <target><![CDATA[/sites/default/documentation/demos/dynamic-functions/]]></target>
            <uuid>ab0770bc-2127-11e4-a141-d9f74955ba1b</uuid>
          </link>
        </PageLink>
      </Topic>
      <Topic>
        <PageLink>
          <link type="WEAK">
            <target><![CDATA[/sites/default/documentation/demos/dynamic-function-detail-pages/]]></target>
            <uuid>4d27d3d1-2130-11e4-a141-d9f74955ba1b</uuid>
          </link>
        </PageLink>
      </Topic>
    </Item>
  </DocumentationTopicrow>
</DocumentationTopicrows>
