<?xml version="1.0" encoding="UTF-8"?>

<DocumentationTopicrows xmlns:xsi="http://www.w3.org/2001/XMLSchema-instance" xsi:noNamespaceSchemaLocation="opencms://system/modules/com.alkacon.opencms.documentation/schemas/documentation-topic-row.xsd">
  <DocumentationTopicrow language="en">
    <Title><![CDATA[Caching]]></Title>
    <Item>
      <Headline/>
      <Topic>
        <PageLink>
          <link type="WEAK">
            <target><![CDATA[/sites/default/documentation/demos/flex-cache-settings/]]></target>
            <uuid>fbff6913-21e3-11e4-9aa0-d9f74955ba1b</uuid>
          </link>
        </PageLink>
      </Topic>
    </Item>
  </DocumentationTopicrow>
</DocumentationTopicrows>
