<?xml version="1.0" encoding="UTF-8"?>

<BootstrapFlexibleElements xmlns:xsi="http://www.w3.org/2001/XMLSchema-instance" xsi:noNamespaceSchemaLocation="opencms://system/modules/com.alkacon.bootstrap.schemas/schemas/flexible.xsd">
  <BootstrapFlexibleElement language="en">
    <Title><![CDATA[Mobile Footer]]></Title>
    <Choice>
      <Code name="Code0">
        <links>
          <link name="link4" internal="false" type="A">
            <target><![CDATA[http://www.alkacon.com]]></target>
          </link>
          <link name="link2" internal="true" type="IMG">
            <target><![CDATA[/system/modules/com.alkacon.bootstrap.basics/resources/theme-unify/img/logo/logo_alkacon_png24.png]]></target>
            <uuid>a9d4b54a-1abc-11e3-9246-000c29f9a2ec</uuid>
            <query><![CDATA[__scale=w:120,h:39,c:transparent]]></query>
          </link>
          <link name="link3" internal="false" type="A">
            <target><![CDATA[http://www.opencms.org]]></target>
          </link>
          <link name="link0" internal="false" type="A">
            <target><![CDATA[http://www.alkacon.com/contact]]></target>
          </link>
          <link name="link1" internal="false" type="A">
            <target><![CDATA[http://www.alkacon.com]]></target>
          </link>
        </links>
        <content><![CDATA[<!--=== Footer ===-->
<div class="footer">
<div class="container">
<div class="row">

<div class="col-md-6 md-margin-bottom-40">
<div class="headline"><h3>About</h3></div>
<p class="margin-bottom-25">OpenCms from Alkacon Software is a professional, easy to use website content management system. OpenCms helps content managers worldwide to create and maintain beautiful websites fast and efficiently.</p>
</div>

<div class="col-md-6">
<div class="headline"><h3>Contact Us</h3></div>
<address>
Alkacon Software GmbH<br />
An der Wachsfabrik 13<br />
50996 Cologne, Germany<br />
Phone: +49 2236 / 3826 - 0<br />
<a href="%(link0)">Send us an email</a>
</address>
</div>

</div><!--/row-fluid-->
</div>
</div><!--/footer-->	
<!--=== End Footer ===-->

<!--=== Copyright ===-->
<div class="copyright">
<div class="container">

<a href="%(link1)"><img id="logo-footer" src="%(link2)" class="pull-right" alt="Alkacon Software GmbH" /></a>

<p>Build with <a href="%(link3)">OpenCms</a> from <a href="%(link4)">Alkacon Software </a></p>


</div>
</div><!--/copyright-->
<!--=== End Copyright ===-->]]></content>
      </Code>
    </Choice>
  </BootstrapFlexibleElement>
</BootstrapFlexibleElements>
