<?xml version="1.0" encoding="UTF-8"?>

<export>
  <info>
    <creator>Admin</creator>
    <opencms_version>9.0.0</opencms_version>
    <createdate>Thu, 11 Mar 2010 08:48:38 GMT</createdate>
    <infoproject>Offline</infoproject>
    <export_version>7</export_version>
  </info>
  <module>
    <name>org.opencms.ade.containerpage</name>
    <nicename><![CDATA[OpenCms 9 ADE Containerpade Editor]]></nicename>
    <group>OpenCms ADE</group>
    <class/>
    <description><![CDATA[The containerpage editor.<br>
		<i>&copy; 2014 by Alkacon Software GmbH (http://www.alkacon.com).</i>]]></description>
    <version>9.5.0</version>
    <authorname><![CDATA[Alkacon Software GmbH]]></authorname>
    <authoremail><![CDATA[info@alkacon.com]]></authoremail>
    <datecreated/>
    <userinstalled/>
    <dateinstalled/>
    <dependencies>
      <dependency name="org.opencms.ade.config" version="9.0.0"/>
    </dependencies>
    <exportpoints>
      <exportpoint uri="/system/modules/org.opencms.ade.containerpage/resources/" destination="resources/ade/"/>
    </exportpoints>
    <resources>
      <resource uri="/system/modules/org.opencms.ade.containerpage/"/>
    </resources>
    <resourcetypes/>
    <explorertypes/>
  </module>
  <files>
    <file>
      <destination>system</destination>
      <type>folder</type>
      <uuidstructure>a815f67e-2b6f-11df-b6ae-2393f34d19cc</uuidstructure>
      <datelastmodified>Tue, 09 Mar 2010 11:34:00 GMT</datelastmodified>
      <userlastmodified>Admin</userlastmodified>
      <datecreated>Tue, 09 Mar 2010 11:34:00 GMT</datecreated>
      <usercreated>Admin</usercreated>
      <flags>0</flags>
      <properties/>
      <relations/>
      <accesscontrol>
        <accessentry>
          <uuidprincipal>ROLE.WORKPLACE_USER</uuidprincipal>
          <flags>514</flags>
          <permissionset>
            <allowed>1</allowed>
            <denied>0</denied>
          </permissionset>
        </accessentry>
      </accesscontrol>
    </file>
    <file>
      <destination>system/modules</destination>
      <type>folder</type>
      <uuidstructure>a8ae8d37-2b6f-11df-b6ae-2393f34d19cc</uuidstructure>
      <datelastmodified>Tue, 09 Mar 2010 11:34:01 GMT</datelastmodified>
      <userlastmodified>Admin</userlastmodified>
      <datecreated>Tue, 09 Mar 2010 11:34:01 GMT</datecreated>
      <usercreated>Admin</usercreated>
      <flags>0</flags>
      <properties/>
      <relations/>
      <accesscontrol>
        <accessentry>
          <uuidprincipal>ROLE.WORKPLACE_USER</uuidprincipal>
          <flags>514</flags>
          <permissionset>
            <allowed>5</allowed>
            <denied>0</denied>
          </permissionset>
        </accessentry>
      </accesscontrol>
    </file>
    <file>
      <destination>system/modules/org.opencms.ade.containerpage</destination>
      <type>folder</type>
      <uuidstructure>acc4446c-2ce9-11df-a5f1-2393f34d19cc</uuidstructure>
      <datelastmodified>Thu, 11 Mar 2010 08:39:58 GMT</datelastmodified>
      <userlastmodified>Admin</userlastmodified>
      <datecreated>Thu, 11 Mar 2010 08:39:58 GMT</datecreated>
      <usercreated>Admin</usercreated>
      <flags>0</flags>
      <properties/>
      <relations/>
      <accesscontrol/>
    </file>
    <file>
      <destination>system/modules/org.opencms.ade.containerpage/formatters</destination>
      <type>folder</type>
      <uuidstructure>d2ebf430-761e-11e0-bd7f-9ffeadaf4d46</uuidstructure>
      <datelastmodified>Wed, 04 May 2011 07:19:18 GMT</datelastmodified>
      <userlastmodified>Admin</userlastmodified>
      <datecreated>Wed, 04 May 2011 07:19:18 GMT</datecreated>
      <usercreated>Admin</usercreated>
      <flags>0</flags>
      <properties/>
      <relations/>
      <accesscontrol/>
    </file>
    <file>
      <source>system/modules/org.opencms.ade.containerpage/formatters/group-container.jsp</source>
      <destination>system/modules/org.opencms.ade.containerpage/formatters/group-container.jsp</destination>
      <type>jsp</type>
      <uuidstructure>e7029fa2-761e-11e0-bd7f-9ffeadaf4d46</uuidstructure>
      <uuidresource>e7029fa3-761e-11e0-bd7f-9ffeadaf4d46</uuidresource>
      <datelastmodified>Wed, 04 May 2011 07:20:45 GMT</datelastmodified>
      <userlastmodified>Admin</userlastmodified>
      <datecreated>Wed, 04 May 2011 07:19:51 GMT</datecreated>
      <usercreated>Admin</usercreated>
      <flags>0</flags>
      <properties>
        <property>
          <name>Title</name>
          <value><![CDATA[Formatter for group-containers]]></value>
        </property>
        <property type="shared">
          <name>export</name>
          <value><![CDATA[false]]></value>
        </property>
      </properties>
      <relations/>
      <accesscontrol/>
    </file>
    <file>
      <source>system/modules/org.opencms.ade.containerpage/formatters/function.jsp</source>
      <destination>system/modules/org.opencms.ade.containerpage/formatters/function.jsp</destination>
      <type>jsp</type>
      <uuidstructure>087ba7c9-e7fc-4336-acb8-d3416a4eb1fd</uuidstructure>
      <uuidresource>087ba7c9-e7fc-4336-acb8-d3416a4eb1fe</uuidresource>
      <datelastmodified>Wed, 04 May 2011 07:20:45 GMT</datelastmodified>
      <userlastmodified>Admin</userlastmodified>
      <datecreated>Wed, 04 May 2011 07:19:51 GMT</datecreated>
      <usercreated>Admin</usercreated>
      <flags>0</flags>
      <properties>
        <property>
          <name>cache</name>
          <value><![CDATA[container-element;locale]]></value>
        </property>
      </properties>
      <relations/>
      <accesscontrol/>
    </file>
    <file>
      <source>system/modules/org.opencms.ade.containerpage/.config</source>
      <destination>system/modules/org.opencms.ade.containerpage/.config</destination>
      <type>module_config</type>
      <uuidstructure>c70eacc4-a19d-11e0-bf43-03f9b7261207</uuidstructure>
      <uuidresource>c70eacc5-a19d-11e0-bf43-03f9b7261207</uuidresource>
      <datelastmodified>Tue, 28 Jun 2011 15:48:01 GMT</datelastmodified>
      <userlastmodified>Admin</userlastmodified>
      <datecreated>Tue, 28 Jun 2011 15:46:24 GMT</datecreated>
      <usercreated>Admin</usercreated>
      <flags>0</flags>
      <properties>
        <property>
          <name>locale</name>
          <value><![CDATA[en]]></value>
        </property>
        <property>
          <name>locale-available</name>
          <value><![CDATA[en]]></value>
        </property>
      </properties>
      <relations/>
      <accesscontrol/>
    </file>
    <file>
      <source>system/modules/org.opencms.ade.containerpage/containerpage_include.jsp</source>
      <destination>system/modules/org.opencms.ade.containerpage/containerpage_include.jsp</destination>
      <type>jsp</type>
      <uuidstructure>d3aa3d37-4245-11df-94f0-2393f34d19cc</uuidstructure>
      <uuidresource>d3aa3d38-4245-11df-94f0-2393f34d19cc</uuidresource>
      <datelastmodified>Wed, 07 Apr 2010 13:13:17 GMT</datelastmodified>
      <userlastmodified>Admin</userlastmodified>
      <datecreated>Wed, 07 Apr 2010 13:02:31 GMT</datecreated>
      <usercreated>Admin</usercreated>
      <flags>0</flags>
      <properties>
        <property type="shared">
          <name>export</name>
          <value><![CDATA[false]]></value>
        </property>
      </properties>
      <relations/>
      <accesscontrol/>
    </file>
    <file>
      <destination>system/modules/org.opencms.ade.containerpage/resources</destination>
      <type>folder</type>
      <uuidstructure>15f8a302-2cf5-11df-a5f1-2393f34d19cc</uuidstructure>
      <datelastmodified>Thu, 11 Mar 2010 10:01:39 GMT</datelastmodified>
      <userlastmodified>Admin</userlastmodified>
      <datecreated>Thu, 11 Mar 2010 10:01:39 GMT</datecreated>
      <usercreated>Admin</usercreated>
      <flags>0</flags>
      <properties/>
      <relations/>
      <accesscontrol/>
    </file>
    <file>
      <destination>system/modules/org.opencms.ade.containerpage/resources/containerpage</destination>
      <type>folder</type>
      <uuidstructure>f0cad3da-71ad-11e0-883b-cd21a79dc8d2</uuidstructure>
      <datelastmodified>Thu, 28 Apr 2011 15:41:10 GMT</datelastmodified>
      <userlastmodified>Admin</userlastmodified>
      <datecreated>Thu, 28 Apr 2011 15:41:10 GMT</datecreated>
      <usercreated>Admin</usercreated>
      <flags>0</flags>
      <properties/>
      <relations/>
      <accesscontrol/>
    </file>
    <file>
      <source>system/modules/org.opencms.ade.containerpage/resources/containerpage/0D909F13382797DAA64616CDB40286EA.gwt.rpc</source>
      <destination>system/modules/org.opencms.ade.containerpage/resources/containerpage/0D909F13382797DAA64616CDB40286EA.gwt.rpc</destination>
      <type>binary</type>
      <uuidstructure>ffdc3c8b-60e8-11e4-bf60-99229a9a7ca9</uuidstructure>
      <uuidresource>ffdc639c-60e8-11e4-bf60-99229a9a7ca9</uuidresource>
      <datelastmodified>Fri, 31 Oct 2014 10:30:56 GMT</datelastmodified>
      <userlastmodified>Admin</userlastmodified>
      <datecreated>Fri, 31 Oct 2014 10:30:56 GMT</datecreated>
      <usercreated>Admin</usercreated>
      <flags>0</flags>
      <properties/>
      <relations/>
      <accesscontrol/>
    </file>
    <file>
      <source>system/modules/org.opencms.ade.containerpage/resources/containerpage/FF167DC664915BEAC0C17473CB9CA818.cache.html</source>
      <destination>system/modules/org.opencms.ade.containerpage/resources/containerpage/FF167DC664915BEAC0C17473CB9CA818.cache.html</destination>
      <type>binary</type>
      <uuidstructure>ffdf70dd-60e8-11e4-bf60-99229a9a7ca9</uuidstructure>
      <uuidresource>ffdfbefe-60e8-11e4-bf60-99229a9a7ca9</uuidresource>
      <datelastmodified>Fri, 31 Oct 2014 10:30:56 GMT</datelastmodified>
      <userlastmodified>Admin</userlastmodified>
      <datecreated>Fri, 31 Oct 2014 10:30:56 GMT</datecreated>
      <usercreated>Admin</usercreated>
      <flags>0</flags>
      <properties/>
      <relations/>
      <accesscontrol/>
    </file>
    <file>
      <source>system/modules/org.opencms.ade.containerpage/resources/containerpage/C0C53947150B57BD340E145B7ACF5D5D.cache.html</source>
      <destination>system/modules/org.opencms.ade.containerpage/resources/containerpage/C0C53947150B57BD340E145B7ACF5D5D.cache.html</destination>
      <type>binary</type>
      <uuidstructure>ffe2a52f-60e8-11e4-bf60-99229a9a7ca9</uuidstructure>
      <uuidresource>ffe2f350-60e8-11e4-bf60-99229a9a7ca9</uuidresource>
      <datelastmodified>Fri, 31 Oct 2014 10:30:56 GMT</datelastmodified>
      <userlastmodified>Admin</userlastmodified>
      <datecreated>Fri, 31 Oct 2014 10:30:56 GMT</datecreated>
      <usercreated>Admin</usercreated>
      <flags>0</flags>
      <properties/>
      <relations/>
      <accesscontrol/>
    </file>
    <file>
      <source>system/modules/org.opencms.ade.containerpage/resources/containerpage/clear.cache.gif</source>
      <destination>system/modules/org.opencms.ade.containerpage/resources/containerpage/clear.cache.gif</destination>
      <type>image</type>
      <uuidstructure>ffe60091-60e8-11e4-bf60-99229a9a7ca9</uuidstructure>
      <uuidresource>ffe627a2-60e8-11e4-bf60-99229a9a7ca9</uuidresource>
      <datelastmodified>Fri, 31 Oct 2014 10:30:56 GMT</datelastmodified>
      <userlastmodified>Admin</userlastmodified>
      <datecreated>Fri, 31 Oct 2014 10:30:56 GMT</datecreated>
      <usercreated>Admin</usercreated>
      <flags>0</flags>
      <properties/>
      <relations/>
      <accesscontrol/>
    </file>
    <file>
      <source>system/modules/org.opencms.ade.containerpage/resources/containerpage/hosted.html</source>
      <destination>system/modules/org.opencms.ade.containerpage/resources/containerpage/hosted.html</destination>
      <type>binary</type>
      <uuidstructure>ffe8bfb3-60e8-11e4-bf60-99229a9a7ca9</uuidstructure>
      <uuidresource>ffe8e6c4-60e8-11e4-bf60-99229a9a7ca9</uuidresource>
      <datelastmodified>Fri, 31 Oct 2014 10:30:57 GMT</datelastmodified>
      <userlastmodified>Admin</userlastmodified>
      <datecreated>Fri, 31 Oct 2014 10:30:57 GMT</datecreated>
      <usercreated>Admin</usercreated>
      <flags>0</flags>
      <properties/>
      <relations/>
      <accesscontrol/>
    </file>
    <file>
      <source>system/modules/org.opencms.ade.containerpage/resources/containerpage/FB73BEE0F5759DDA3F9D49F50CDF405D.gwt.rpc</source>
      <destination>system/modules/org.opencms.ade.containerpage/resources/containerpage/FB73BEE0F5759DDA3F9D49F50CDF405D.gwt.rpc</destination>
      <type>binary</type>
      <uuidstructure>ffebccf5-60e8-11e4-bf60-99229a9a7ca9</uuidstructure>
      <uuidresource>ffec1b16-60e8-11e4-bf60-99229a9a7ca9</uuidresource>
      <datelastmodified>Fri, 31 Oct 2014 10:30:57 GMT</datelastmodified>
      <userlastmodified>Admin</userlastmodified>
      <datecreated>Fri, 31 Oct 2014 10:30:57 GMT</datecreated>
      <usercreated>Admin</usercreated>
      <flags>0</flags>
      <properties/>
      <relations/>
      <accesscontrol/>
    </file>
    <file>
      <source>system/modules/org.opencms.ade.containerpage/resources/containerpage/41DB4C409D60F7A1FA2E46CECC798659.gwt.rpc</source>
      <destination>system/modules/org.opencms.ade.containerpage/resources/containerpage/41DB4C409D60F7A1FA2E46CECC798659.gwt.rpc</destination>
      <type>binary</type>
      <uuidstructure>ffee8c17-60e8-11e4-bf60-99229a9a7ca9</uuidstructure>
      <uuidresource>ffeeda38-60e8-11e4-bf60-99229a9a7ca9</uuidresource>
      <datelastmodified>Fri, 31 Oct 2014 10:30:57 GMT</datelastmodified>
      <userlastmodified>Admin</userlastmodified>
      <datecreated>Fri, 31 Oct 2014 10:30:57 GMT</datecreated>
      <usercreated>Admin</usercreated>
      <flags>0</flags>
      <properties/>
      <relations/>
      <accesscontrol/>
    </file>
    <file>
      <source>system/modules/org.opencms.ade.containerpage/resources/containerpage/F3B41940C683E42BA9B6575D7CDDB15C.gwt.rpc</source>
      <destination>system/modules/org.opencms.ade.containerpage/resources/containerpage/F3B41940C683E42BA9B6575D7CDDB15C.gwt.rpc</destination>
      <type>binary</type>
      <uuidstructure>fff14b39-60e8-11e4-bf60-99229a9a7ca9</uuidstructure>
      <uuidresource>fff1724a-60e8-11e4-bf60-99229a9a7ca9</uuidresource>
      <datelastmodified>Fri, 31 Oct 2014 10:30:57 GMT</datelastmodified>
      <userlastmodified>Admin</userlastmodified>
      <datecreated>Fri, 31 Oct 2014 10:30:57 GMT</datecreated>
      <usercreated>Admin</usercreated>
      <flags>0</flags>
      <properties/>
      <relations/>
      <accesscontrol/>
    </file>
    <file>
      <source>system/modules/org.opencms.ade.containerpage/resources/containerpage/DE0F932F4B4C483ACD58B3F88007494F.gwt.rpc</source>
      <destination>system/modules/org.opencms.ade.containerpage/resources/containerpage/DE0F932F4B4C483ACD58B3F88007494F.gwt.rpc</destination>
      <type>binary</type>
      <uuidstructure>fff51bcb-60e8-11e4-bf60-99229a9a7ca9</uuidstructure>
      <uuidresource>fff569ec-60e8-11e4-bf60-99229a9a7ca9</uuidresource>
      <datelastmodified>Fri, 31 Oct 2014 10:30:57 GMT</datelastmodified>
      <userlastmodified>Admin</userlastmodified>
      <datecreated>Fri, 31 Oct 2014 10:30:57 GMT</datecreated>
      <usercreated>Admin</usercreated>
      <flags>0</flags>
      <properties/>
      <relations/>
      <accesscontrol/>
    </file>
    <file>
      <source>system/modules/org.opencms.ade.containerpage/resources/containerpage/A2F581E9C9CEF6EB2779FA29C49F37BF.gwt.rpc</source>
      <destination>system/modules/org.opencms.ade.containerpage/resources/containerpage/A2F581E9C9CEF6EB2779FA29C49F37BF.gwt.rpc</destination>
      <type>binary</type>
      <uuidstructure>fff8c54d-60e8-11e4-bf60-99229a9a7ca9</uuidstructure>
      <uuidresource>fff9136e-60e8-11e4-bf60-99229a9a7ca9</uuidresource>
      <datelastmodified>Fri, 31 Oct 2014 10:30:57 GMT</datelastmodified>
      <userlastmodified>Admin</userlastmodified>
      <datecreated>Fri, 31 Oct 2014 10:30:57 GMT</datecreated>
      <usercreated>Admin</usercreated>
      <flags>0</flags>
      <properties/>
      <relations/>
      <accesscontrol/>
    </file>
    <file>
      <source>system/modules/org.opencms.ade.containerpage/resources/containerpage/614A8351A28C0A4378525F849533D3FF.gwt.rpc</source>
      <destination>system/modules/org.opencms.ade.containerpage/resources/containerpage/614A8351A28C0A4378525F849533D3FF.gwt.rpc</destination>
      <type>binary</type>
      <uuidstructure>fffc6ecf-60e8-11e4-bf60-99229a9a7ca9</uuidstructure>
      <uuidresource>fffcbcf0-60e8-11e4-bf60-99229a9a7ca9</uuidresource>
      <datelastmodified>Fri, 31 Oct 2014 10:30:57 GMT</datelastmodified>
      <userlastmodified>Admin</userlastmodified>
      <datecreated>Fri, 31 Oct 2014 10:30:57 GMT</datecreated>
      <usercreated>Admin</usercreated>
      <flags>0</flags>
      <properties/>
      <relations/>
      <accesscontrol/>
    </file>
    <file>
      <source>system/modules/org.opencms.ade.containerpage/resources/containerpage/6D672B6823665D8FB917694242D77B1B.cache.html</source>
      <destination>system/modules/org.opencms.ade.containerpage/resources/containerpage/6D672B6823665D8FB917694242D77B1B.cache.html</destination>
      <type>binary</type>
      <uuidstructure>ffffa321-60e8-11e4-bf60-99229a9a7ca9</uuidstructure>
      <uuidresource>fffff142-60e8-11e4-bf60-99229a9a7ca9</uuidresource>
      <datelastmodified>Fri, 31 Oct 2014 10:30:57 GMT</datelastmodified>
      <userlastmodified>Admin</userlastmodified>
      <datecreated>Fri, 31 Oct 2014 10:30:57 GMT</datecreated>
      <usercreated>Admin</usercreated>
      <flags>0</flags>
      <properties/>
      <relations/>
      <accesscontrol/>
    </file>
    <file>
      <source>system/modules/org.opencms.ade.containerpage/resources/containerpage/containerpage.nocache.js</source>
      <destination>system/modules/org.opencms.ade.containerpage/resources/containerpage/containerpage.nocache.js</destination>
      <type>binary</type>
      <uuidstructure>00026243-60e9-11e4-bf60-99229a9a7ca9</uuidstructure>
      <uuidresource>00028954-60e9-11e4-bf60-99229a9a7ca9</uuidresource>
      <datelastmodified>Fri, 31 Oct 2014 10:30:57 GMT</datelastmodified>
      <userlastmodified>Admin</userlastmodified>
      <datecreated>Fri, 31 Oct 2014 10:30:57 GMT</datecreated>
      <usercreated>Admin</usercreated>
      <flags>0</flags>
      <properties/>
      <relations/>
      <accesscontrol/>
    </file>
    <file>
      <source>system/modules/org.opencms.ade.containerpage/resources/containerpage/A12241DF00A05FA50F506F959906C140.cache.html</source>
      <destination>system/modules/org.opencms.ade.containerpage/resources/containerpage/A12241DF00A05FA50F506F959906C140.cache.html</destination>
      <type>binary</type>
      <uuidstructure>0004fa55-60e9-11e4-bf60-99229a9a7ca9</uuidstructure>
      <uuidresource>00054876-60e9-11e4-bf60-99229a9a7ca9</uuidresource>
      <datelastmodified>Fri, 31 Oct 2014 10:30:57 GMT</datelastmodified>
      <userlastmodified>Admin</userlastmodified>
      <datecreated>Fri, 31 Oct 2014 10:30:57 GMT</datecreated>
      <usercreated>Admin</usercreated>
      <flags>0</flags>
      <properties/>
      <relations/>
      <accesscontrol/>
    </file>
    <file>
      <source>system/modules/org.opencms.ade.containerpage/resources/containerpage/776E5765660CE8CCED9F9A8BEAE37021.gwt.rpc</source>
      <destination>system/modules/org.opencms.ade.containerpage/resources/containerpage/776E5765660CE8CCED9F9A8BEAE37021.gwt.rpc</destination>
      <type>binary</type>
      <uuidstructure>0006f627-60e9-11e4-bf60-99229a9a7ca9</uuidstructure>
      <uuidresource>00071d38-60e9-11e4-bf60-99229a9a7ca9</uuidresource>
      <datelastmodified>Fri, 31 Oct 2014 10:30:57 GMT</datelastmodified>
      <userlastmodified>Admin</userlastmodified>
      <datecreated>Fri, 31 Oct 2014 10:30:57 GMT</datecreated>
      <usercreated>Admin</usercreated>
      <flags>0</flags>
      <properties/>
      <relations/>
      <accesscontrol/>
    </file>
    <file>
      <source>system/modules/org.opencms.ade.containerpage/resources/containerpage/144D8312A0C82053CB10960F4A165924.gwt.rpc</source>
      <destination>system/modules/org.opencms.ade.containerpage/resources/containerpage/144D8312A0C82053CB10960F4A165924.gwt.rpc</destination>
      <type>binary</type>
      <uuidstructure>0008a3d9-60e9-11e4-bf60-99229a9a7ca9</uuidstructure>
      <uuidresource>0008caea-60e9-11e4-bf60-99229a9a7ca9</uuidresource>
      <datelastmodified>Fri, 31 Oct 2014 10:30:57 GMT</datelastmodified>
      <userlastmodified>Admin</userlastmodified>
      <datecreated>Fri, 31 Oct 2014 10:30:57 GMT</datecreated>
      <usercreated>Admin</usercreated>
      <flags>0</flags>
      <properties/>
      <relations/>
      <accesscontrol/>
    </file>
  </files>
</export>
