<?xml version="1.0" encoding="UTF-8"?>

<BootstrapTemplateRows xmlns:xsi="http://www.w3.org/2001/XMLSchema-instance" xsi:noNamespaceSchemaLocation="opencms://system/modules/com.alkacon.bootstrap.schemas/schemas/templaterow.xsd">
  <BootstrapTemplateRow language="en">
    <Title><![CDATA[2 Columns: 1/4 (Restricted) - 3/4]]></Title>
    <Column>
      <Name><![CDATA[quarters1]]></Name>
      <Type><![CDATA[layoutrowsonly]]></Type>
      <Count><![CDATA[5]]></Count>
      <Editors><![CDATA[ROLE.DEVELOPER]]></Editors>
      <EmptyText><![CDATA[Left template  column.]]></EmptyText>
      <XS><![CDATA[col-xs-12]]></XS>
      <SM><![CDATA[col-sm-3]]></SM>
      <MD><![CDATA[-]]></MD>
      <LG><![CDATA[-]]></LG>
      <Modifier><![CDATA[col-md-3]]></Modifier>
    </Column>
    <Column>
      <Name><![CDATA[quarters2]]></Name>
      <Type><![CDATA[layoutrowsonly]]></Type>
      <Count><![CDATA[5]]></Count>
      <Editors><![CDATA[ROLE.ELEMENT_AUTHOR]]></Editors>
      <EmptyText><![CDATA[Right template  column, drop layout rows in this container.]]></EmptyText>
      <XS><![CDATA[col-xs-12]]></XS>
      <SM><![CDATA[col-sm-9]]></SM>
      <MD><![CDATA[-]]></MD>
      <LG><![CDATA[-]]></LG>
      <Modifier><![CDATA[col-md-9]]></Modifier>
    </Column>
  </BootstrapTemplateRow>
</BootstrapTemplateRows>
