<?xml version="1.0" encoding="UTF-8"?>

<BootstrapTemplateRows xmlns:xsi="http://www.w3.org/2001/XMLSchema-instance" xsi:noNamespaceSchemaLocation="opencms://system/modules/com.alkacon.bootstrap.schemas/schemas/templaterow.xsd">
  <BootstrapTemplateRow language="en">
    <Title><![CDATA[2 Columns: 2/3 - 1/3 (Restricted)]]></Title>
    <Column>
      <Name><![CDATA[thirds1]]></Name>
      <Type><![CDATA[layoutrowsonly]]></Type>
      <Count><![CDATA[50]]></Count>
      <Editors><![CDATA[ROLE.ELEMENT_AUTHOR]]></Editors>
      <EmptyText><![CDATA[Left template column, drop layout rows in this container.]]></EmptyText>
      <XS><![CDATA[col-xs-12]]></XS>
      <SM><![CDATA[col-sm-8]]></SM>
      <MD><![CDATA[-]]></MD>
      <LG><![CDATA[-]]></LG>
    </Column>
    <Column>
      <Name><![CDATA[thirds2]]></Name>
      <Type><![CDATA[layoutrowsonly]]></Type>
      <Count><![CDATA[50]]></Count>
      <Editors><![CDATA[ROLE.DEVELOPER]]></Editors>
      <EmptyText><![CDATA[Right template column.]]></EmptyText>
      <XS><![CDATA[col-xs-12]]></XS>
      <SM><![CDATA[col-sm-4]]></SM>
      <MD><![CDATA[-]]></MD>
      <LG><![CDATA[-]]></LG>
    </Column>
  </BootstrapTemplateRow>
</BootstrapTemplateRows>
