<?xml version="1.0" encoding="UTF-8"?>

<BootstrapTemplateRows xmlns:xsi="http://www.w3.org/2001/XMLSchema-instance" xsi:noNamespaceSchemaLocation="opencms://system/modules/com.alkacon.bootstrap.schemas/schemas/templaterow.xsd">
  <BootstrapTemplateRow language="en">
    <Title><![CDATA[Full Column]]></Title>
    <Column>
      <Name><![CDATA[fullcolumn]]></Name>
      <Type><![CDATA[layoutrowsonly]]></Type>
      <Count><![CDATA[50]]></Count>
      <Editors><![CDATA[ROLE.ELEMENT_AUTHOR]]></Editors>
      <EmptyText><![CDATA[Full template column. Drop a layout row in this container.]]></EmptyText>
      <XS><![CDATA[col-xs-12]]></XS>
      <SM><![CDATA[-]]></SM>
      <MD><![CDATA[-]]></MD>
      <LG><![CDATA[-]]></LG>
    </Column>
  </BootstrapTemplateRow>
</BootstrapTemplateRows>
