<?xml version="1.0" encoding="UTF-8"?>

<BootstrapBlogs xmlns:xsi="http://www.w3.org/2001/XMLSchema-instance" xsi:noNamespaceSchemaLocation="opencms://system/modules/com.alkacon.bootstrap.schemas/schemas/blog.xsd">
  <BootstrapBlog language="en">
    <Title><![CDATA[OpenCms is intuitive]]></Title>
    <Date>1400763600000</Date>
    <Paragraph>
      <Text name="Text0">
        <links/>
        <content><![CDATA[<p>At vero eos et accusamus et iusto odio dignissimos ducimus qui blanditiis praesentium voluptatum deleniti atque corrupti quos dolores et quas molestias excepturi sint occaecati cupiditate non provident, similique sunt in culpa qui officia deserunt mollitia animi, id est laborum et dolorum fuga.</p>
<p>Et harum quidem rerum facilis est et expedita distinctio lorem ipsum dolor sit amet, consectetur adipiscing elit. Ut non libero consectetur adipiscing elit magna. Sed et quam lacus. Fusce condimentum eleifend enim a feugiat. Pellentesque viverra vehicula sem ut volutpat. Lorem ipsum dolor sit amet, consectetur adipiscing elit.</p>
<p>Ut non libero magna. Sed et quam lacus. Fusce condimentum eleifend enim a feugiat mollitia animi, id est laborum et dolorum fuga. Et harum quidem rerum facilis est et expedita distinctio lorem ipsum dolor sit amet, mollitia animi, id est laborum et dolorum fug consectetur adipiscing elit. Ut non libero consectetur adipiscing elit magna.</p>]]></content>
      </Text>
      <Image>
        <Image>
          <link type="WEAK">
            <target><![CDATA[/sites/default/.galleries/samples/11.jpg]]></target>
            <uuid>c6d9d552-4705-11e3-8417-000c29d28104</uuid>
          </link>
        </Image>
        <Title><![CDATA[Vanilla]]></Title>
      </Image>
    </Paragraph>
    <Category>
      <link type="WEAK">
        <target><![CDATA[/sites/default/.categories/priority/03_medium/]]></target>
        <uuid>b5e32c25-7193-11e0-87bc-000c2972a6a4</uuid>
      </link>
      <link type="WEAK">
        <target><![CDATA[/sites/default/.categories/topic/machines/]]></target>
        <uuid>caf3e85e-5534-11e4-af67-005056b61161</uuid>
      </link>
    </Category>
    <Author><![CDATA[Jay Pritchett]]></Author>
  </BootstrapBlog>
</BootstrapBlogs>
