<?xml version="1.0" encoding="UTF-8"?>

<BootstrapBlogs xmlns:xsi="http://www.w3.org/2001/XMLSchema-instance" xsi:noNamespaceSchemaLocation="opencms://system/modules/com.alkacon.bootstrap.schemas/schemas/blog.xsd">
  <BootstrapBlog language="en">
    <Title><![CDATA[OpenCms is powerful]]></Title>
    <Date>1415109600000</Date>
    <Paragraph>
      <Text name="Text0">
        <links/>
        <content><![CDATA[<p>Vivamus elementum semper nisi. Aenean vulputate eleifend tellus. Aenean leo ligula, porttitor eu, consequat vitae, eleifend ac, enim. Aliquam lorem ante, dapibus in, viverra quis, feugiat a, tellus.</p>
<p>Phasellus viverra nulla ut metus varius laoreet. Quisque rutrum. Aenean imperdiet. Etiam ultricies nisi vel augue. Curabitur ullamcorper ultricies nisi. Nam eget dui. Etiam rhoncus. Maecenas tempus, tellus eget condimentum rhoncus, sem quam semper libero, sit amet adipiscing sem neque sed ipsum.</p>
<p>Nam quam nunc, blandit vel, luctus pulvinar, hendrerit id, lorem.</p>]]></content>
      </Text>
      <Image>
        <Image>
          <link type="WEAK">
            <target><![CDATA[/sites/default/.galleries/samples/36.jpg]]></target>
            <uuid>b70f1bd7-4785-11e3-ba23-000c29d28104</uuid>
          </link>
        </Image>
        <Title><![CDATA[Power]]></Title>
      </Image>
      <Link>
        <Text><![CDATA[Show me more...]]></Text>
        <URI>
          <link internal="true" type="WEAK">
            <target><![CDATA[/sites/default/documentation/]]></target>
            <uuid>7afb3d20-02bc-11e4-8167-1305b26fecac</uuid>
          </link>
        </URI>
      </Link>
    </Paragraph>
    <Category>
      <link type="WEAK">
        <target><![CDATA[/sites/default/.categories/location/northamerica/]]></target>
        <uuid>f41fca37-7193-11e0-87bc-000c2972a6a4</uuid>
      </link>
      <link type="WEAK">
        <target><![CDATA[/sites/default/.categories/priority/05_very_high/]]></target>
        <uuid>a2182faf-7193-11e0-87bc-000c2972a6a4</uuid>
      </link>
      <link type="WEAK">
        <target><![CDATA[/sites/default/.categories/topic/machines/]]></target>
        <uuid>caf3e85e-5534-11e4-af67-005056b61161</uuid>
      </link>
      <link type="WEAK">
        <target><![CDATA[/sites/default/.categories/topic/transportation/]]></target>
        <uuid>5ce3fc25-5535-11e4-af67-005056b61161</uuid>
      </link>
    </Category>
    <Author><![CDATA[Cameron Tucker]]></Author>
  </BootstrapBlog>
</BootstrapBlogs>
