<?xml version="1.0" encoding="UTF-8"?>

<export>
  <info>
    <creator>Admin</creator>
    <opencms_version>9.0.1</opencms_version>
    <createdate>Wed, 30 Oct 2013 10:22:03 GMT</createdate>
    <infoproject>Offline</infoproject>
    <export_version>7</export_version>
  </info>
  <module>
    <name>com.alkacon.bootstrap.search</name>
    <nicename><![CDATA[Bootstrap Search]]></nicename>
    <group>Bootstrap Template</group>
    <class/>
    <description><![CDATA[The OpenCms 9 bootstrap search.]]></description>
    <version>9.5.0</version>
    <authorname><![CDATA[Alkacon Software GmbH]]></authorname>
    <authoremail><![CDATA[sales@alkacon.com]]></authoremail>
    <datecreated/>
    <userinstalled/>
    <dateinstalled/>
    <dependencies/>
    <exportpoints>
      <exportpoint uri="/system/modules/com.alkacon.bootstrap.search/resources/" destination="resources/ade/"/>
    </exportpoints>
    <resources>
      <resource uri="/system/modules/com.alkacon.bootstrap.search/"/>
    </resources>
    <parameters/>
  </module>
  <files>
    <file>
      <destination>system</destination>
      <type>folder</type>
      <uuidstructure>a862a91b-407b-11e3-85e0-000c297c001d</uuidstructure>
      <datelastmodified>Tue, 29 Oct 2013 09:22:40 GMT</datelastmodified>
      <userlastmodified>Admin</userlastmodified>
      <datecreated>Thu, 01 Jan 1970 00:00:00 GMT</datecreated>
      <usercreated>Admin</usercreated>
      <flags>0</flags>
      <properties/>
      <relations/>
      <accesscontrol>
        <accessentry>
          <uuidprincipal>ROLE.WORKPLACE_USER</uuidprincipal>
          <flags>514</flags>
          <permissionset>
            <allowed>1</allowed>
            <denied>0</denied>
          </permissionset>
        </accessentry>
      </accesscontrol>
    </file>
    <file>
      <destination>system/modules</destination>
      <type>folder</type>
      <uuidstructure>aad9c3d7-407b-11e3-85e0-000c297c001d</uuidstructure>
      <datelastmodified>Tue, 29 Oct 2013 09:22:44 GMT</datelastmodified>
      <userlastmodified>Admin</userlastmodified>
      <datecreated>Tue, 29 Oct 2013 09:22:44 GMT</datecreated>
      <usercreated>Admin</usercreated>
      <flags>0</flags>
      <properties/>
      <relations/>
      <accesscontrol>
        <accessentry>
          <uuidprincipal>ROLE.WORKPLACE_USER</uuidprincipal>
          <flags>514</flags>
          <permissionset>
            <allowed>5</allowed>
            <denied>0</denied>
          </permissionset>
        </accessentry>
      </accesscontrol>
    </file>
    <file>
      <destination>system/modules/com.alkacon.bootstrap.search</destination>
      <type>folder</type>
      <uuidstructure>8f865630-0bc3-11e2-809c-09acdb80abab</uuidstructure>
      <datelastmodified>Mon, 01 Oct 2012 12:28:52 GMT</datelastmodified>
      <userlastmodified>Admin</userlastmodified>
      <datecreated>Mon, 01 Oct 2012 12:28:52 GMT</datecreated>
      <usercreated>Admin</usercreated>
      <flags>0</flags>
      <properties/>
      <relations/>
      <accesscontrol/>
    </file>
    <file>
      <destination>system/modules/com.alkacon.bootstrap.search/resources</destination>
      <type>folder</type>
      <uuidstructure>32b5c7a2-0caf-11e2-a9e2-2b1b08a6835d</uuidstructure>
      <datelastmodified>Mon, 08 Oct 2012 13:37:43 GMT</datelastmodified>
      <userlastmodified>Admin</userlastmodified>
      <datecreated>Tue, 02 Oct 2012 16:35:38 GMT</datecreated>
      <usercreated>Admin</usercreated>
      <flags>0</flags>
      <properties>
        <property>
          <name>export</name>
          <value><![CDATA[true]]></value>
        </property>
      </properties>
      <relations/>
      <accesscontrol/>
    </file>
    <file>
      <destination>system/modules/com.alkacon.bootstrap.search/resources/search</destination>
      <type>folder</type>
      <uuidstructure>3908bcc4-0caf-11e2-a9e2-2b1b08a6835d</uuidstructure>
      <datelastmodified>Tue, 02 Oct 2012 16:35:49 GMT</datelastmodified>
      <userlastmodified>Admin</userlastmodified>
      <datecreated>Tue, 02 Oct 2012 16:35:49 GMT</datecreated>
      <usercreated>Admin</usercreated>
      <flags>0</flags>
      <properties/>
      <relations/>
      <accesscontrol/>
    </file>
    <file>
      <source>system/modules/com.alkacon.bootstrap.search/resources/search/E6263BC2008D4C03319258DCD1413CCB.cache.html</source>
      <destination>system/modules/com.alkacon.bootstrap.search/resources/search/E6263BC2008D4C03319258DCD1413CCB.cache.html</destination>
      <type>binary</type>
      <uuidstructure>800a38b8-60e8-11e4-8405-41c5dc22da7c</uuidstructure>
      <uuidresource>800a5fc9-60e8-11e4-8405-41c5dc22da7c</uuidresource>
      <datelastmodified>Fri, 31 Oct 2014 10:27:22 GMT</datelastmodified>
      <userlastmodified>Admin</userlastmodified>
      <datecreated>Fri, 31 Oct 2014 10:27:22 GMT</datecreated>
      <usercreated>Admin</usercreated>
      <flags>0</flags>
      <properties/>
      <relations/>
      <accesscontrol/>
    </file>
    <file>
      <source>system/modules/com.alkacon.bootstrap.search/resources/search/0B82430D7BFF76A186FCDC3E787AC91A.cache.html</source>
      <destination>system/modules/com.alkacon.bootstrap.search/resources/search/0B82430D7BFF76A186FCDC3E787AC91A.cache.html</destination>
      <type>binary</type>
      <uuidstructure>800ca9ba-60e8-11e4-8405-41c5dc22da7c</uuidstructure>
      <uuidresource>800cd0cb-60e8-11e4-8405-41c5dc22da7c</uuidresource>
      <datelastmodified>Fri, 31 Oct 2014 10:27:22 GMT</datelastmodified>
      <userlastmodified>Admin</userlastmodified>
      <datecreated>Fri, 31 Oct 2014 10:27:22 GMT</datecreated>
      <usercreated>Admin</usercreated>
      <flags>0</flags>
      <properties/>
      <relations/>
      <accesscontrol/>
    </file>
    <file>
      <source>system/modules/com.alkacon.bootstrap.search/resources/search/clear.cache.gif</source>
      <destination>system/modules/com.alkacon.bootstrap.search/resources/search/clear.cache.gif</destination>
      <type>image</type>
      <uuidstructure>800f41cc-60e8-11e4-8405-41c5dc22da7c</uuidstructure>
      <uuidresource>800f68dd-60e8-11e4-8405-41c5dc22da7c</uuidresource>
      <datelastmodified>Fri, 31 Oct 2014 10:27:22 GMT</datelastmodified>
      <userlastmodified>Admin</userlastmodified>
      <datecreated>Fri, 31 Oct 2014 10:27:22 GMT</datecreated>
      <usercreated>Admin</usercreated>
      <flags>0</flags>
      <properties/>
      <relations/>
      <accesscontrol/>
    </file>
    <file>
      <source>system/modules/com.alkacon.bootstrap.search/resources/search/hosted.html</source>
      <destination>system/modules/com.alkacon.bootstrap.search/resources/search/hosted.html</destination>
      <type>binary</type>
      <uuidstructure>8011d9de-60e8-11e4-8405-41c5dc22da7c</uuidstructure>
      <uuidresource>801200ef-60e8-11e4-8405-41c5dc22da7c</uuidresource>
      <datelastmodified>Fri, 31 Oct 2014 10:27:22 GMT</datelastmodified>
      <userlastmodified>Admin</userlastmodified>
      <datecreated>Fri, 31 Oct 2014 10:27:22 GMT</datecreated>
      <usercreated>Admin</usercreated>
      <flags>0</flags>
      <properties/>
      <relations/>
      <accesscontrol/>
    </file>
    <file>
      <source>system/modules/com.alkacon.bootstrap.search/resources/search/search.nocache.js</source>
      <destination>system/modules/com.alkacon.bootstrap.search/resources/search/search.nocache.js</destination>
      <type>binary</type>
      <uuidstructure>80149900-60e8-11e4-8405-41c5dc22da7c</uuidstructure>
      <uuidresource>8014c011-60e8-11e4-8405-41c5dc22da7c</uuidresource>
      <datelastmodified>Fri, 31 Oct 2014 10:27:22 GMT</datelastmodified>
      <userlastmodified>Admin</userlastmodified>
      <datecreated>Fri, 31 Oct 2014 10:27:22 GMT</datecreated>
      <usercreated>Admin</usercreated>
      <flags>0</flags>
      <properties/>
      <relations/>
      <accesscontrol/>
    </file>
    <file>
      <source>system/modules/com.alkacon.bootstrap.search/resources/search/E35A231D892070FE51A5010E5F23638D.cache.html</source>
      <destination>system/modules/com.alkacon.bootstrap.search/resources/search/E35A231D892070FE51A5010E5F23638D.cache.html</destination>
      <type>binary</type>
      <uuidstructure>80173112-60e8-11e4-8405-41c5dc22da7c</uuidstructure>
      <uuidresource>80177f33-60e8-11e4-8405-41c5dc22da7c</uuidresource>
      <datelastmodified>Fri, 31 Oct 2014 10:27:22 GMT</datelastmodified>
      <userlastmodified>Admin</userlastmodified>
      <datecreated>Fri, 31 Oct 2014 10:27:22 GMT</datecreated>
      <usercreated>Admin</usercreated>
      <flags>0</flags>
      <properties/>
      <relations/>
      <accesscontrol/>
    </file>
    <file>
      <source>system/modules/com.alkacon.bootstrap.search/resources/search/B568782BB646D35BD291554456727A5B.cache.html</source>
      <destination>system/modules/com.alkacon.bootstrap.search/resources/search/B568782BB646D35BD291554456727A5B.cache.html</destination>
      <type>binary</type>
      <uuidstructure>8019a214-60e8-11e4-8405-41c5dc22da7c</uuidstructure>
      <uuidresource>8019c925-60e8-11e4-8405-41c5dc22da7c</uuidresource>
      <datelastmodified>Fri, 31 Oct 2014 10:27:22 GMT</datelastmodified>
      <userlastmodified>Admin</userlastmodified>
      <datecreated>Fri, 31 Oct 2014 10:27:22 GMT</datecreated>
      <usercreated>Admin</usercreated>
      <flags>0</flags>
      <properties/>
      <relations/>
      <accesscontrol/>
    </file>
    <file>
      <source>system/modules/com.alkacon.bootstrap.search/resources/search/B92E76CB521CD8065D6A5EAC427570B6.cache.html</source>
      <destination>system/modules/com.alkacon.bootstrap.search/resources/search/B92E76CB521CD8065D6A5EAC427570B6.cache.html</destination>
      <type>binary</type>
      <uuidstructure>801bec06-60e8-11e4-8405-41c5dc22da7c</uuidstructure>
      <uuidresource>801c3a27-60e8-11e4-8405-41c5dc22da7c</uuidresource>
      <datelastmodified>Fri, 31 Oct 2014 10:27:22 GMT</datelastmodified>
      <userlastmodified>Admin</userlastmodified>
      <datecreated>Fri, 31 Oct 2014 10:27:22 GMT</datecreated>
      <usercreated>Admin</usercreated>
      <flags>0</flags>
      <properties/>
      <relations/>
      <accesscontrol/>
    </file>
  </files>
</export>
