<?xml version="1.0" encoding="UTF-8"?>

<export>
	<info>
		<creator>Admin</creator>
		<opencms_version>9.0.0</opencms_version>
		<createdate>Tue, 20 Oct 2009 06:55:41 GMT</createdate>
		<infoproject>Offline</infoproject>
		<export_version>7</export_version>
	</info>
	<module>
		<name>org.opencms.editors</name>
		<nicename><![CDATA[OpenCms 9 Common editors]]></nicename>
		<group>OpenCms Editors</group>
		<class/>
		<description><![CDATA[<p>This module contains the OpenCms Common Editing tools.</p>
<p>This module is needed to be able to edit files in the OpenCms Workplace.</p>
<p><i>&copy; 2014  by Alkacon Software GmbH (http://www.alkacon.com).</i></p>]]></description>
		<version>9.5.0</version>
		<authorname><![CDATA[Alkacon Software GmbH]]></authorname>
		<authoremail><![CDATA[info@alkacon.com]]></authoremail>
		<datecreated>Mon, 27 Jun 2005 08:00:00 GMT</datecreated>
		<userinstalled/>
		<dateinstalled/>
		<dependencies>
			<dependency name="org.opencms.workplace" version="9.0.0"/>
			<dependency name="org.opencms.jquery" version="9.0.0"/>
		</dependencies>
		<exportpoints/>
		<resources>
			<resource uri="/system/workplace/editors/configuration/"/>
			<resource uri="/system/workplace/editors/dialogs/"/>
			<resource uri="/system/workplace/editors/simple/"/>
			<resource uri="/system/workplace/editors/simplehtml/"/>
			<resource uri="/system/workplace/editors/xmlcontent/"/>
			<resource uri="/system/workplace/editors/direct_edit.jsp"/>
			<resource uri="/system/workplace/editors/jquery_direct_edit_include.txt"/>
			<resource uri="/system/workplace/editors/direct_edit_include.txt"/>
			<resource uri="/system/workplace/editors/editor.jsp"/>
			<resource uri="/system/workplace/editors/editor_main.jsp"/>
			<resource uri="/system/workplace/resources/buttons/anchor.png"/>
			<resource uri="/system/workplace/resources/buttons/bold.png"/>
			<resource uri="/system/workplace/resources/buttons/bullist.png"/>
			<resource uri="/system/workplace/resources/buttons/center.png"/>
			<resource uri="/system/workplace/resources/buttons/cleanup.png"/>
			<resource uri="/system/workplace/resources/buttons/color_fill.png"/>
			<resource uri="/system/workplace/resources/buttons/color_text.png"/>
			<resource uri="/system/workplace/resources/buttons/copy.png"/>
			<resource uri="/system/workplace/resources/buttons/cut.png"/>
			<resource uri="/system/workplace/resources/buttons/details.png"/>
			<resource uri="/system/workplace/resources/buttons/directedit_cl.png"/>
			<resource uri="/system/workplace/resources/buttons/directedit_in.png"/>
			<resource uri="/system/workplace/resources/buttons/directedit_op.png"/>
			<resource uri="/system/workplace/resources/buttons/editorsearch.png"/>
			<resource uri="/system/workplace/resources/buttons/elements.png"/>
			<resource uri="/system/workplace/resources/buttons/elements_in.png"/>
			<resource uri="/system/workplace/resources/buttons/erase.png"/>
			<resource uri="/system/workplace/resources/buttons/exit.png"/>
			<resource uri="/system/workplace/resources/buttons/image.png"/>
			<resource uri="/system/workplace/resources/buttons/indent.png"/>
			<resource uri="/system/workplace/resources/buttons/italic.png"/>
			<resource uri="/system/workplace/resources/buttons/left.png"/>
			<resource uri="/system/workplace/resources/buttons/link.png"/>
			<resource uri="/system/workplace/resources/buttons/numlist.png"/>
			<resource uri="/system/workplace/resources/buttons/outdent.png"/>
			<resource uri="/system/workplace/resources/buttons/paste.png"/>
			<resource uri="/system/workplace/resources/buttons/properties.png"/>
			<resource uri="/system/workplace/resources/buttons/properties_in.png"/>
			<resource uri="/system/workplace/resources/buttons/redo.png"/>
			<resource uri="/system/workplace/resources/buttons/right.png"/>
			<resource uri="/system/workplace/resources/buttons/save.png"/>
			<resource uri="/system/workplace/resources/buttons/save_exit.png"/>
			<resource uri="/system/workplace/resources/buttons/specialchar.png"/>
			<resource uri="/system/workplace/resources/buttons/table.png"/>
			<resource uri="/system/workplace/resources/buttons/table_td.png"/>
			<resource uri="/system/workplace/resources/buttons/table_tr.png"/>
			<resource uri="/system/workplace/resources/buttons/underline.png"/>
			<resource uri="/system/workplace/resources/buttons/undo.png"/>
			<resource uri="/system/workplace/resources/buttons/xmledit.png"/>
			<resource uri="/system/workplace/resources/buttons/xmledit_add.png"/>
			<resource uri="/system/workplace/resources/buttons/xmledit_del.png"/>
			<resource uri="/system/workplace/resources/buttons/xmledit_del_add.png"/>
			<resource uri="/system/workplace/resources/editors/directedit/"/>
			<resource uri="/system/workplace/resources/editors/simple/"/>
			<resource uri="/system/workplace/resources/editors/simplehtml/"/>
			<resource uri="/system/workplace/resources/editors/xmlcontent/"/>
		</resources>
		<parameters/>
	</module>
	<files>
		<file>
			<destination>system</destination>
			<type>folder</type>
			<uuidstructure>22eba3e7-b241-11de-b05c-99487bd5b80a</uuidstructure>
			<datelastmodified>Tue, 06 Oct 2009 06:26:09 GMT</datelastmodified>
			<userlastmodified>Admin</userlastmodified>
			<datecreated>Tue, 06 Oct 2009 06:26:09 GMT</datecreated>
			<usercreated>Admin</usercreated>
			<flags>0</flags>
			<properties/>
			<relations/>
			<accesscontrol>
				<accessentry>
					<uuidprincipal>ROLE.WORKPLACE_USER</uuidprincipal>
					<flags>514</flags>
					<permissionset>
						<allowed>1</allowed>
						<denied>0</denied>
					</permissionset>
				</accessentry>
			</accesscontrol>
		</file>
		<file>
			<destination>system/workplace</destination>
			<type>folder</type>
			<uuidstructure>825afce2-11b7-11db-91cd-fdbae480bac9</uuidstructure>
			<datelastmodified>Mon, 27 Mar 2006 12:00:00 GMT</datelastmodified>
			<userlastmodified>Admin</userlastmodified>
			<datecreated>Mon, 27 Jun 2005 08:00:00 GMT</datecreated>
			<usercreated>Admin</usercreated>
			<flags>0</flags>
			<properties>
				<property>
					<name>content-encoding</name>
					<value><![CDATA[UTF-8]]></value>
				</property>
				<property>
					<name>export</name>
					<value><![CDATA[false]]></value>
				</property>
				<property>
					<name>login-form</name>
					<value><![CDATA[/system/login/index.html]]></value>
				</property>
			</properties>
			<relations/>
			<accesscontrol>
				<accessentry>
					<uuidprincipal>ALL_OTHERS</uuidprincipal>
					<flags>134</flags>
					<permissionset>
						<allowed>0</allowed>
						<denied>0</denied>
					</permissionset>
				</accessentry>
				<accessentry>
					<uuidprincipal>ROLE.WORKPLACE_USER</uuidprincipal>
					<flags>518</flags>
					<permissionset>
						<allowed>5</allowed>
						<denied>0</denied>
					</permissionset>
				</accessentry>
			</accesscontrol>
		</file>
		<file>
			<destination>system/workplace/editors</destination>
			<type>folder</type>
			<uuidstructure>896ef88a-11b7-11db-91cd-fdbae480bac9</uuidstructure>
			<datelastmodified>Mon, 27 Mar 2006 12:00:00 GMT</datelastmodified>
			<userlastmodified>Admin</userlastmodified>
			<datecreated>Mon, 27 Jun 2005 08:00:00 GMT</datecreated>
			<usercreated>Admin</usercreated>
			<flags>0</flags>
			<properties>
				<property>
					<name>cache</name>
					<value><![CDATA[false]]></value>
				</property>
			</properties>
			<relations/>
			<accesscontrol>
				<accessentry>
					<uuidprincipal>ALL_OTHERS</uuidprincipal>
					<flags>134</flags>
					<permissionset>
						<allowed>0</allowed>
						<denied>0</denied>
					</permissionset>
				</accessentry>
				<accessentry>
					<uuidprincipal>ROLE.ELEMENT_AUTHOR</uuidprincipal>
					<flags>518</flags>
					<permissionset>
						<allowed>5</allowed>
						<denied>0</denied>
					</permissionset>
				</accessentry>
			</accesscontrol>
		</file>
		<file>
			<destination>system/workplace/editors/configuration</destination>
			<type>folder</type>
			<uuidstructure>897adf7d-11b7-11db-91cd-fdbae480bac9</uuidstructure>
			<datelastmodified>Mon, 27 Mar 2006 12:00:00 GMT</datelastmodified>
			<userlastmodified>Admin</userlastmodified>
			<datecreated>Mon, 27 Jun 2005 08:00:00 GMT</datecreated>
			<usercreated>Admin</usercreated>
			<flags>0</flags>
			<properties>
				<property>
					<name>Title</name>
					<value><![CDATA[Editor display options]]></value>
				</property>
			</properties>
			<relations/>
			<accesscontrol/>
		</file>
		<file>
			<source>system/workplace/editors/configuration/options_all</source>
			<destination>system/workplace/editors/configuration/options_all</destination>
			<type>plain</type>
			<uuidstructure>897d296f-11b7-11db-91cd-fdbae480bac9</uuidstructure>
			<uuidresource>f8154f42-f667-11d8-ab4d-5f9047d04fcf</uuidresource>
			<datelastmodified>Mon, 27 Mar 2006 12:00:00 GMT</datelastmodified>
			<userlastmodified>Admin</userlastmodified>
			<datecreated>Mon, 27 Jun 2005 08:00:00 GMT</datecreated>
			<usercreated>Admin</usercreated>
			<flags>0</flags>
			<properties>
				<property>
					<name>NavPos</name>
					<value><![CDATA[20]]></value>
				</property>
				<property>
					<name>Title</name>
					<value><![CDATA[Common options enabled]]></value>
				</property>
			</properties>
			<relations/>
			<accesscontrol/>
		</file>
		<file>
			<source>system/workplace/editors/configuration/options_extended</source>
			<destination>system/workplace/editors/configuration/options_extended</destination>
			<type>plain</type>
			<uuidstructure>897f9a73-11b7-11db-91cd-fdbae480bac9</uuidstructure>
			<uuidresource>95d3584f-f75b-11d8-8ca3-5f9047d04fcf</uuidresource>
			<datelastmodified>Mon, 27 Mar 2006 12:00:00 GMT</datelastmodified>
			<userlastmodified>Admin</userlastmodified>
			<datecreated>Mon, 27 Jun 2005 08:00:00 GMT</datecreated>
			<usercreated>Admin</usercreated>
			<flags>0</flags>
			<properties>
				<property>
					<name>NavPos</name>
					<value><![CDATA[10]]></value>
				</property>
				<property>
					<name>Title</name>
					<value><![CDATA[Most options enabled]]></value>
				</property>
			</properties>
			<relations/>
			<accesscontrol>
				<accessentry>
					<uuidprincipal>ROLE.WORKPLACE_USER</uuidprincipal>
					<flags>516</flags>
					<permissionset>
						<allowed>0</allowed>
						<denied>0</denied>
					</permissionset>
				</accessentry>
			</accesscontrol>
		</file>
		<file>
			<destination>system/workplace/editors/dialogs</destination>
			<type>folder</type>
			<uuidstructure>89820b79-11b7-11db-91cd-fdbae480bac9</uuidstructure>
			<datelastmodified>Mon, 27 Mar 2006 12:00:00 GMT</datelastmodified>
			<userlastmodified>Admin</userlastmodified>
			<datecreated>Mon, 27 Jun 2005 08:00:00 GMT</datecreated>
			<usercreated>Admin</usercreated>
			<flags>0</flags>
			<properties>
				<property>
					<name>Title</name>
					<value><![CDATA[Editor dialogs]]></value>
				</property>
			</properties>
			<relations/>
			<accesscontrol/>
		</file>
		<file>
			<source>system/workplace/editors/dialogs/copylanguage.jsp</source>
			<destination>system/workplace/editors/dialogs/copylanguage.jsp</destination>
			<type>jsp</type>
			<uuidstructure>514ba880-0a10-11dd-a4e2-2559755c82e0</uuidstructure>
			<uuidresource>514ba881-0a10-11dd-a4e2-2559755c82e0</uuidresource>
			<datelastmodified>Mon, 14 Apr 2008 10:52:19 GMT</datelastmodified>
			<userlastmodified>Admin</userlastmodified>
			<datecreated>Mon, 14 Apr 2008 10:48:29 GMT</datecreated>
			<usercreated>Admin</usercreated>
			<flags>0</flags>
			<properties>
				<property>
					<name>Title</name>
					<value><![CDATA[Copy language dialog]]></value>
				</property>
				<property type="shared">
					<name>export</name>
					<value><![CDATA[false]]></value>
				</property>
			</properties>
			<relations/>
			<accesscontrol/>
		</file>
		<file>
			<source>system/workplace/editors/dialogs/elements.jsp</source>
			<destination>system/workplace/editors/dialogs/elements.jsp</destination>
			<type>jsp</type>
			<uuidstructure>8986c66f-11b7-11db-91cd-fdbae480bac9</uuidstructure>
			<uuidresource>5f43c1c2-f052-11d8-ba65-db38cc8f19d7</uuidresource>
			<datelastmodified>Mon, 27 Mar 2006 12:00:00 GMT</datelastmodified>
			<userlastmodified>Admin</userlastmodified>
			<datecreated>Mon, 27 Jun 2005 08:00:00 GMT</datecreated>
			<usercreated>Admin</usercreated>
			<flags>0</flags>
			<properties>
				<property>
					<name>Title</name>
					<value><![CDATA[Element activation dialog]]></value>
				</property>
				<property>
					<name>export</name>
					<value><![CDATA[false]]></value>
				</property>
			</properties>
			<relations/>
			<accesscontrol/>
		</file>
		<file>
			<source>system/workplace/editors/dialogs/link.jsp</source>
			<destination>system/workplace/editors/dialogs/link.jsp</destination>
			<type>jsp</type>
			<uuidstructure>e563ae5d-fd44-11db-ab95-a9b5cedd49fe</uuidstructure>
			<uuidresource>e563ae5e-fd44-11db-ab95-a9b5cedd49fe</uuidresource>
			<datelastmodified>Tue, 08 May 2007 09:21:27 GMT</datelastmodified>
			<userlastmodified>Admin</userlastmodified>
			<datecreated>Tue, 08 May 2007 09:17:08 GMT</datecreated>
			<usercreated>Admin</usercreated>
			<flags>0</flags>
			<properties>
				<property>
					<name>Title</name>
					<value><![CDATA[Page link insertion dialog]]></value>
				</property>
				<property type="shared">
					<name>export</name>
					<value><![CDATA[false]]></value>
				</property>
			</properties>
			<relations/>
			<accesscontrol/>
		</file>
		<file>
			<source>system/workplace/editors/dialogs/property.jsp</source>
			<destination>system/workplace/editors/dialogs/property.jsp</destination>
			<type>jsp</type>
			<uuidstructure>898b8167-11b7-11db-91cd-fdbae480bac9</uuidstructure>
			<uuidresource>5f5dd97a-f052-11d8-ba65-db38cc8f19d7</uuidresource>
			<datelastmodified>Mon, 27 Mar 2006 12:00:00 GMT</datelastmodified>
			<userlastmodified>Admin</userlastmodified>
			<datecreated>Mon, 27 Jun 2005 08:00:00 GMT</datecreated>
			<usercreated>Admin</usercreated>
			<flags>0</flags>
			<properties>
				<property>
					<name>Title</name>
					<value><![CDATA[Page properties dialog]]></value>
				</property>
				<property>
					<name>export</name>
					<value><![CDATA[false]]></value>
				</property>
			</properties>
			<relations/>
			<accesscontrol/>
		</file>
		<file>
			<source>system/workplace/editors/dialogs/specialchars.jsp</source>
			<destination>system/workplace/editors/dialogs/specialchars.jsp</destination>
			<type>jsp</type>
			<uuidstructure>89903c5b-11b7-11db-91cd-fdbae480bac9</uuidstructure>
			<uuidresource>5f69c05e-f052-11d8-ba65-db38cc8f19d7</uuidresource>
			<datelastmodified>Mon, 27 Mar 2006 12:00:00 GMT</datelastmodified>
			<userlastmodified>Admin</userlastmodified>
			<datecreated>Mon, 27 Jun 2005 08:00:00 GMT</datecreated>
			<usercreated>Admin</usercreated>
			<flags>0</flags>
			<properties>
				<property>
					<name>Title</name>
					<value><![CDATA[Special character dialog]]></value>
				</property>
				<property>
					<name>export</name>
					<value><![CDATA[false]]></value>
				</property>
			</properties>
			<relations/>
			<accesscontrol/>
		</file>
		<file>
			<source>system/workplace/editors/dialogs/table_element.jsp</source>
			<destination>system/workplace/editors/dialogs/table_element.jsp</destination>
			<type>jsp</type>
			<uuidstructure>8992ad5f-11b7-11db-91cd-fdbae480bac9</uuidstructure>
			<uuidresource>5f75a742-f052-11d8-ba65-db38cc8f19d7</uuidresource>
			<datelastmodified>Mon, 27 Mar 2006 12:00:00 GMT</datelastmodified>
			<userlastmodified>Admin</userlastmodified>
			<datecreated>Mon, 27 Jun 2005 08:00:00 GMT</datecreated>
			<usercreated>Admin</usercreated>
			<flags>0</flags>
			<properties>
				<property>
					<name>Title</name>
					<value><![CDATA[Table element dialog]]></value>
				</property>
				<property>
					<name>export</name>
					<value><![CDATA[false]]></value>
				</property>
			</properties>
			<relations/>
			<accesscontrol/>
		</file>
		<file>
			<source>system/workplace/editors/dialogs/table_new.jsp</source>
			<destination>system/workplace/editors/dialogs/table_new.jsp</destination>
			<type>jsp</type>
			<uuidstructure>89951e63-11b7-11db-91cd-fdbae480bac9</uuidstructure>
			<uuidresource>5f867026-f052-11d8-ba65-db38cc8f19d7</uuidresource>
			<datelastmodified>Mon, 27 Mar 2006 12:00:00 GMT</datelastmodified>
			<userlastmodified>Admin</userlastmodified>
			<datecreated>Mon, 27 Jun 2005 08:00:00 GMT</datecreated>
			<usercreated>Admin</usercreated>
			<flags>0</flags>
			<properties>
				<property>
					<name>Title</name>
					<value><![CDATA[Create new table dialog]]></value>
				</property>
				<property>
					<name>export</name>
					<value><![CDATA[false]]></value>
				</property>
			</properties>
			<relations/>
			<accesscontrol/>
		</file>
		<file>
			<destination>system/workplace/editors/simple</destination>
			<type>folder</type>
			<uuidstructure>89976858-11b7-11db-91cd-fdbae480bac9</uuidstructure>
			<datelastmodified>Mon, 27 Mar 2006 12:00:00 GMT</datelastmodified>
			<userlastmodified>Admin</userlastmodified>
			<datecreated>Mon, 27 Jun 2005 08:00:00 GMT</datecreated>
			<usercreated>Admin</usercreated>
			<flags>0</flags>
			<properties>
				<property>
					<name>Title</name>
					<value><![CDATA[Simple textarea editor]]></value>
				</property>
			</properties>
			<relations/>
			<accesscontrol/>
		</file>
		<file>
			<source>system/workplace/editors/simple/edit.js</source>
			<destination>system/workplace/editors/simple/edit.js</destination>
			<type>plain</type>
			<uuidstructure>8999d95a-11b7-11db-91cd-fdbae480bac9</uuidstructure>
			<uuidresource>b13c382e-f03b-11d8-bd02-ddc4b68c493a</uuidresource>
			<datelastmodified>Mon, 27 Mar 2006 12:00:00 GMT</datelastmodified>
			<userlastmodified>Admin</userlastmodified>
			<datecreated>Mon, 27 Jun 2005 08:00:00 GMT</datecreated>
			<usercreated>Admin</usercreated>
			<flags>0</flags>
			<properties/>
			<relations/>
			<accesscontrol/>
		</file>
		<file>
			<source>system/workplace/editors/simple/editor.jsp</source>
			<destination>system/workplace/editors/simple/editor.jsp</destination>
			<type>jsp</type>
			<uuidstructure>899c234c-11b7-11db-91cd-fdbae480bac9</uuidstructure>
			<uuidresource>5ff89313-f052-11d8-ba65-db38cc8f19d7</uuidresource>
			<datelastmodified>Mon, 27 Mar 2006 12:00:00 GMT</datelastmodified>
			<userlastmodified>Admin</userlastmodified>
			<datecreated>Mon, 27 Jun 2005 08:00:00 GMT</datecreated>
			<usercreated>Admin</usercreated>
			<flags>0</flags>
			<properties>
				<property>
					<name>Title</name>
					<value><![CDATA[Simple textarea editor]]></value>
				</property>
				<property>
					<name>export</name>
					<value><![CDATA[false]]></value>
				</property>
			</properties>
			<relations/>
			<accesscontrol/>
		</file>
		<file>
			<source>system/workplace/editors/simple/editor_configuration.xml</source>
			<destination>system/workplace/editors/simple/editor_configuration.xml</destination>
			<type>plain</type>
			<uuidstructure>899c2350-11b7-11db-91cd-fdbae480bac9</uuidstructure>
			<uuidresource>600479f7-f052-11d8-ba65-db38cc8f19d7</uuidresource>
			<datelastmodified>Mon, 27 Mar 2006 12:00:00 GMT</datelastmodified>
			<userlastmodified>Admin</userlastmodified>
			<datecreated>Mon, 27 Jun 2005 08:00:00 GMT</datecreated>
			<usercreated>Admin</usercreated>
			<flags>0</flags>
			<properties>
				<property>
					<name>Title</name>
					<value><![CDATA[Editor configuration file]]></value>
				</property>
			</properties>
			<relations/>
			<accesscontrol/>
		</file>
		<file>
			<destination>system/workplace/editors/simplehtml</destination>
			<type>folder</type>
			<uuidstructure>89a10554-11b7-11db-91cd-fdbae480bac9</uuidstructure>
			<datelastmodified>Mon, 27 Mar 2006 12:00:00 GMT</datelastmodified>
			<userlastmodified>Admin</userlastmodified>
			<datecreated>Mon, 27 Jun 2005 08:00:00 GMT</datecreated>
			<usercreated>Admin</usercreated>
			<flags>0</flags>
			<properties>
				<property>
					<name>Title</name>
					<value><![CDATA[Simple page editor]]></value>
				</property>
			</properties>
			<relations/>
			<accesscontrol/>
		</file>
		<file>
			<source>system/workplace/editors/simplehtml/edit.js</source>
			<destination>system/workplace/editors/simplehtml/edit.js</destination>
			<type>plain</type>
			<uuidstructure>89a34f46-11b7-11db-91cd-fdbae480bac9</uuidstructure>
			<uuidresource>b6f00722-f03b-11d8-bd02-ddc4b68c493a</uuidresource>
			<datelastmodified>Mon, 27 Mar 2006 12:00:00 GMT</datelastmodified>
			<userlastmodified>Admin</userlastmodified>
			<datecreated>Mon, 27 Jun 2005 08:00:00 GMT</datecreated>
			<usercreated>Admin</usercreated>
			<flags>0</flags>
			<properties/>
			<relations/>
			<accesscontrol/>
		</file>
		<file>
			<source>system/workplace/editors/simplehtml/editor.jsp</source>
			<destination>system/workplace/editors/simplehtml/editor.jsp</destination>
			<type>jsp</type>
			<uuidstructure>89a5c048-11b7-11db-91cd-fdbae480bac9</uuidstructure>
			<uuidresource>601c46c2-f052-11d8-ba65-db38cc8f19d7</uuidresource>
			<datelastmodified>Mon, 27 Mar 2006 12:00:00 GMT</datelastmodified>
			<userlastmodified>Admin</userlastmodified>
			<datecreated>Mon, 27 Jun 2005 08:00:00 GMT</datecreated>
			<usercreated>Admin</usercreated>
			<flags>0</flags>
			<properties>
				<property>
					<name>Title</name>
					<value><![CDATA[Simple page editor]]></value>
				</property>
				<property>
					<name>export</name>
					<value><![CDATA[false]]></value>
				</property>
			</properties>
			<relations/>
			<accesscontrol/>
		</file>
		<file>
			<source>system/workplace/editors/simplehtml/editor_configuration.xml</source>
			<destination>system/workplace/editors/simplehtml/editor_configuration.xml</destination>
			<type>plain</type>
			<uuidstructure>89a8314c-11b7-11db-91cd-fdbae480bac9</uuidstructure>
			<uuidresource>60282da6-f052-11d8-ba65-db38cc8f19d7</uuidresource>
			<datelastmodified>Mon, 27 Mar 2006 12:00:00 GMT</datelastmodified>
			<userlastmodified>Admin</userlastmodified>
			<datecreated>Mon, 27 Jun 2005 08:00:00 GMT</datecreated>
			<usercreated>Admin</usercreated>
			<flags>0</flags>
			<properties>
				<property>
					<name>Title</name>
					<value><![CDATA[Editor configuration file]]></value>
				</property>
			</properties>
			<relations/>
			<accesscontrol/>
		</file>
		<file>
			<destination>system/workplace/editors/xmlcontent</destination>
			<type>folder</type>
			<uuidstructure>89aa7b40-11b7-11db-91cd-fdbae480bac9</uuidstructure>
			<datelastmodified>Mon, 27 Mar 2006 12:00:00 GMT</datelastmodified>
			<userlastmodified>Admin</userlastmodified>
			<datecreated>Mon, 27 Jun 2005 08:00:00 GMT</datecreated>
			<usercreated>Admin</usercreated>
			<flags>0</flags>
			<properties>
				<property>
					<name>Title</name>
					<value><![CDATA[XML content editor]]></value>
				</property>
			</properties>
			<relations/>
			<accesscontrol/>
		</file>
		<file>
			<source>system/workplace/editors/xmlcontent/edit.js</source>
			<destination>system/workplace/editors/xmlcontent/edit.js</destination>
			<type>plain</type>
			<uuidstructure>89acec42-11b7-11db-91cd-fdbae480bac9</uuidstructure>
			<uuidresource>bc7dd786-f03b-11d8-bd02-ddc4b68c493a</uuidresource>
			<datelastmodified>Mon, 27 Mar 2006 12:00:00 GMT</datelastmodified>
			<userlastmodified>Admin</userlastmodified>
			<datecreated>Mon, 27 Jun 2005 08:00:00 GMT</datecreated>
			<usercreated>Admin</usercreated>
			<flags>0</flags>
			<properties/>
			<relations/>
			<accesscontrol/>
		</file>
		<file>
			<source>system/workplace/editors/xmlcontent/editor.jsp</source>
			<destination>system/workplace/editors/xmlcontent/editor.jsp</destination>
			<type>jsp</type>
			<uuidstructure>89b41836-11b7-11db-91cd-fdbae480bac9</uuidstructure>
			<uuidresource>603ffb71-f052-11d8-ba65-db38cc8f19d7</uuidresource>
			<datelastmodified>Mon, 27 Mar 2006 12:00:00 GMT</datelastmodified>
			<userlastmodified>Admin</userlastmodified>
			<datecreated>Mon, 27 Jun 2005 08:00:00 GMT</datecreated>
			<usercreated>Admin</usercreated>
			<flags>0</flags>
			<properties>
				<property>
					<name>Title</name>
					<value><![CDATA[XmlContent editor frameset]]></value>
				</property>
				<property>
					<name>export</name>
					<value><![CDATA[false]]></value>
				</property>
			</properties>
			<relations/>
			<accesscontrol/>
		</file>
		<file>
			<source>system/workplace/editors/xmlcontent/editor_buttons.jsp</source>
			<destination>system/workplace/editors/xmlcontent/editor_buttons.jsp</destination>
			<type>jsp</type>
			<uuidstructure>89b6622a-11b7-11db-91cd-fdbae480bac9</uuidstructure>
			<uuidresource>ab8c7e75-22b0-11d9-8c13-c726a0fc5cd5</uuidresource>
			<datelastmodified>Tue, 01 Sep 2009 06:31:07 GMT</datelastmodified>
			<userlastmodified>Admin</userlastmodified>
			<datecreated>Mon, 27 Jun 2005 08:00:00 GMT</datecreated>
			<usercreated>Admin</usercreated>
			<flags>0</flags>
			<properties>
				<property>
					<name>Title</name>
					<value><![CDATA[Editor button bar frame]]></value>
				</property>
				<property>
					<name>export</name>
					<value><![CDATA[false]]></value>
				</property>
			</properties>
			<relations/>
			<accesscontrol/>
		</file>
		<file>
			<source>system/workplace/editors/xmlcontent/editor_configuration.xml</source>
			<destination>system/workplace/editors/xmlcontent/editor_configuration.xml</destination>
			<type>plain</type>
			<uuidstructure>89b8d32e-11b7-11db-91cd-fdbae480bac9</uuidstructure>
			<uuidresource>604be255-f052-11d8-ba65-db38cc8f19d7</uuidresource>
			<datelastmodified>Mon, 27 Mar 2006 12:00:00 GMT</datelastmodified>
			<userlastmodified>Admin</userlastmodified>
			<datecreated>Mon, 27 Jun 2005 08:00:00 GMT</datecreated>
			<usercreated>Admin</usercreated>
			<flags>0</flags>
			<properties>
				<property>
					<name>Title</name>
					<value><![CDATA[Editor configuration file]]></value>
				</property>
			</properties>
			<relations/>
			<accesscontrol/>
		</file>
		<file>
			<source>system/workplace/editors/xmlcontent/editor_form.jsp</source>
			<destination>system/workplace/editors/xmlcontent/editor_form.jsp</destination>
			<type>jsp</type>
			<uuidstructure>89bd8e21-11b7-11db-91cd-fdbae480bac9</uuidstructure>
			<uuidresource>b15c39dc-22b0-11d9-8c13-c726a0fc5cd5</uuidresource>
			<datelastmodified>Mon, 27 Mar 2006 12:00:00 GMT</datelastmodified>
			<userlastmodified>Admin</userlastmodified>
			<datecreated>Mon, 27 Jun 2005 08:00:00 GMT</datecreated>
			<usercreated>Admin</usercreated>
			<flags>0</flags>
			<properties>
				<property>
					<name>Title</name>
					<value><![CDATA[Editor form frame]]></value>
				</property>
				<property>
					<name>export</name>
					<value><![CDATA[false]]></value>
				</property>
			</properties>
			<relations/>
			<accesscontrol/>
		</file>
		<file>
			<source>system/workplace/editors/xmlcontent/help.js</source>
			<destination>system/workplace/editors/xmlcontent/help.js</destination>
			<type>plain</type>
			<uuidstructure>89af3634-11b7-11db-91cd-fdbae480bac9</uuidstructure>
			<uuidresource>b50b1e87-20e3-11d9-9b67-9f91734fb765</uuidresource>
			<datelastmodified>Mon, 27 Mar 2006 12:00:00 GMT</datelastmodified>
			<userlastmodified>Admin</userlastmodified>
			<datecreated>Mon, 27 Jun 2005 08:00:00 GMT</datecreated>
			<usercreated>Admin</usercreated>
			<flags>0</flags>
			<properties/>
			<relations/>
			<accesscontrol/>
		</file>
		<file>
			<destination>system/workplace/resources</destination>
			<type>folder</type>
			<uuidstructure>82c16052-11b7-11db-91cd-fdbae480bac9</uuidstructure>
			<datelastmodified>Mon, 27 Mar 2006 12:00:00 GMT</datelastmodified>
			<userlastmodified>Admin</userlastmodified>
			<datecreated>Mon, 27 Jun 2005 08:00:00 GMT</datecreated>
			<usercreated>Admin</usercreated>
			<flags>0</flags>
			<properties/>
			<relations/>
			<accesscontrol/>
		</file>
		<file>
			<destination>system/workplace/resources/editors</destination>
			<type>folder</type>
			<uuidstructure>8ae2d3a5-11b7-11db-91cd-fdbae480bac9</uuidstructure>
			<datelastmodified>Mon, 27 Mar 2006 12:00:00 GMT</datelastmodified>
			<userlastmodified>Admin</userlastmodified>
			<datecreated>Mon, 27 Jun 2005 08:00:00 GMT</datecreated>
			<usercreated>Admin</usercreated>
			<flags>0</flags>
			<properties/>
			<relations/>
			<accesscontrol/>
		</file>
		<file>
			<destination>system/workplace/resources/editors/directedit</destination>
			<type>folder</type>
			<uuidstructure>367b2727-e09d-11dc-a7d2-9b4307eb5433</uuidstructure>
			<datelastmodified>Thu, 21 Feb 2008 16:51:36 GMT</datelastmodified>
			<userlastmodified>Admin</userlastmodified>
			<datecreated>Thu, 21 Feb 2008 16:51:14 GMT</datecreated>
			<usercreated>Admin</usercreated>
			<flags>0</flags>
			<properties>
				<property>
					<name>Title</name>
					<value><![CDATA[JQuery direct edit resources]]></value>
				</property>
			</properties>
			<relations/>
			<accesscontrol/>
		</file>
		<file>
			<source>system/workplace/resources/editors/directedit/jq_edit.css</source>
			<destination>system/workplace/resources/editors/directedit/jq_edit.css</destination>
			<type>plain</type>
			<uuidstructure>9804a2ac-e09d-11dc-a7d2-9b4307eb5433</uuidstructure>
			<uuidresource>e5eb1ac4-de12-11dc-b804-9b4307eb5433</uuidresource>
			<datelastmodified>Fri, 22 Feb 2008 11:44:44 GMT</datelastmodified>
			<userlastmodified>Admin</userlastmodified>
			<datecreated>Mon, 18 Feb 2008 11:16:06 GMT</datecreated>
			<usercreated>Admin</usercreated>
			<flags>0</flags>
			<properties>
				<property>
					<name>Title</name>
					<value><![CDATA[The main stylesheet for the jquery direct edit buttons]]></value>
				</property>
			</properties>
			<relations/>
			<accesscontrol/>
		</file>
		<file>
			<source>system/workplace/resources/editors/directedit/jq_edit.js</source>
			<destination>system/workplace/resources/editors/directedit/jq_edit.js</destination>
			<type>plain</type>
			<uuidstructure>7319cc9a-e09d-11dc-a7d2-9b4307eb5433</uuidstructure>
			<uuidresource>e64f33c6-de12-11dc-b804-9b4307eb5433</uuidresource>
			<datelastmodified>Fri, 22 Feb 2008 14:59:26 GMT</datelastmodified>
			<userlastmodified>Admin</userlastmodified>
			<datecreated>Mon, 18 Feb 2008 11:16:06 GMT</datecreated>
			<usercreated>Admin</usercreated>
			<flags>0</flags>
			<properties>
				<property>
					<name>Title</name>
					<value><![CDATA[The main library for the jquery direct edit buttons]]></value>
				</property>
			</properties>
			<relations/>
			<accesscontrol/>
		</file>
		<file>
			<destination>system/workplace/resources/editors/directedit/img</destination>
			<type>folder</type>
			<uuidstructure>10539608-e09e-11dc-a7d2-9b4307eb5433</uuidstructure>
			<datelastmodified>Thu, 21 Feb 2008 16:57:19 GMT</datelastmodified>
			<userlastmodified>Admin</userlastmodified>
			<datecreated>Thu, 21 Feb 2008 16:57:19 GMT</datecreated>
			<usercreated>Admin</usercreated>
			<flags>0</flags>
			<properties/>
			<relations/>
			<accesscontrol/>
		</file>
		<file>
			<source>system/workplace/resources/editors/directedit/img/ocms_de_b.gif</source>
			<destination>system/workplace/resources/editors/directedit/img/ocms_de_b.gif</destination>
			<type>image</type>
			<uuidstructure>cabf6420-e09d-11dc-a7d2-9b4307eb5433</uuidstructure>
			<uuidresource>26dc02b2-dfcb-11dc-9fd1-9b4307eb5433</uuidresource>
			<datelastmodified>Wed, 20 Feb 2008 16:24:01 GMT</datelastmodified>
			<userlastmodified>Admin</userlastmodified>
			<datecreated>Wed, 20 Feb 2008 15:47:33 GMT</datecreated>
			<usercreated>Admin</usercreated>
			<flags>0</flags>
			<properties>
				<property>
					<name>Title</name>
					<value><![CDATA[ocms_de_b]]></value>
				</property>
				<property type="shared">
					<name>image.size</name>
					<value><![CDATA[w:16,h:2]]></value>
				</property>
			</properties>
			<relations/>
			<accesscontrol/>
		</file>
		<file>
			<source>system/workplace/resources/editors/directedit/img/ocms_de_delete_a.png</source>
			<destination>system/workplace/resources/editors/directedit/img/ocms_de_delete_a.png</destination>
			<type>image</type>
			<uuidstructure>ca541f1e-e09d-11dc-a7d2-9b4307eb5433</uuidstructure>
			<uuidresource>3a75b288-e066-11dc-a7d2-9b4307eb5433</uuidresource>
			<datelastmodified>Thu, 21 Feb 2008 10:17:38 GMT</datelastmodified>
			<userlastmodified>Admin</userlastmodified>
			<datecreated>Thu, 21 Feb 2008 10:17:38 GMT</datecreated>
			<usercreated>Admin</usercreated>
			<flags>0</flags>
			<properties>
				<property>
					<name>Title</name>
					<value><![CDATA[de_delete_a]]></value>
				</property>
				<property type="shared">
					<name>image.size</name>
					<value><![CDATA[w:20,h:20]]></value>
				</property>
			</properties>
			<relations/>
			<accesscontrol/>
		</file>
		<file>
			<source>system/workplace/resources/editors/directedit/img/ocms_de_delete_d.png</source>
			<destination>system/workplace/resources/editors/directedit/img/ocms_de_delete_d.png</destination>
			<type>image</type>
			<uuidstructure>ca6731f0-e09d-11dc-a7d2-9b4307eb5433</uuidstructure>
			<uuidresource>3c2655a1-e06b-11dc-a7d2-9b4307eb5433</uuidresource>
			<datelastmodified>Thu, 21 Feb 2008 10:53:28 GMT</datelastmodified>
			<userlastmodified>Admin</userlastmodified>
			<datecreated>Thu, 21 Feb 2008 10:53:28 GMT</datecreated>
			<usercreated>Admin</usercreated>
			<flags>0</flags>
			<properties>
				<property>
					<name>Title</name>
					<value><![CDATA[de_delete_d]]></value>
				</property>
				<property type="shared">
					<name>image.size</name>
					<value><![CDATA[w:20,h:20]]></value>
				</property>
			</properties>
			<relations/>
			<accesscontrol/>
		</file>
		<file>
			<source>system/workplace/resources/editors/directedit/img/ocms_de_delete_i.png</source>
			<destination>system/workplace/resources/editors/directedit/img/ocms_de_delete_i.png</destination>
			<type>image</type>
			<uuidstructure>ca6e36d2-e09d-11dc-a7d2-9b4307eb5433</uuidstructure>
			<uuidresource>3ab616ec-e066-11dc-a7d2-9b4307eb5433</uuidresource>
			<datelastmodified>Thu, 21 Feb 2008 10:17:39 GMT</datelastmodified>
			<userlastmodified>Admin</userlastmodified>
			<datecreated>Thu, 21 Feb 2008 10:17:39 GMT</datecreated>
			<usercreated>Admin</usercreated>
			<flags>0</flags>
			<properties>
				<property>
					<name>Title</name>
					<value><![CDATA[de_delete_i]]></value>
				</property>
				<property type="shared">
					<name>image.size</name>
					<value><![CDATA[w:20,h:20]]></value>
				</property>
			</properties>
			<relations/>
			<accesscontrol/>
		</file>
		<file>
			<source>system/workplace/resources/editors/directedit/img/ocms_de_edit_a.png</source>
			<destination>system/workplace/resources/editors/directedit/img/ocms_de_edit_a.png</destination>
			<type>image</type>
			<uuidstructure>ca945c74-e09d-11dc-a7d2-9b4307eb5433</uuidstructure>
			<uuidresource>3ac447c0-e066-11dc-a7d2-9b4307eb5433</uuidresource>
			<datelastmodified>Thu, 21 Feb 2008 10:17:39 GMT</datelastmodified>
			<userlastmodified>Admin</userlastmodified>
			<datecreated>Thu, 21 Feb 2008 10:17:39 GMT</datecreated>
			<usercreated>Admin</usercreated>
			<flags>0</flags>
			<properties>
				<property>
					<name>Title</name>
					<value><![CDATA[de_edit_a]]></value>
				</property>
				<property type="shared">
					<name>image.size</name>
					<value><![CDATA[w:20,h:20]]></value>
				</property>
			</properties>
			<relations/>
			<accesscontrol/>
		</file>
		<file>
			<source>system/workplace/resources/editors/directedit/img/ocms_de_edit_d.png</source>
			<destination>system/workplace/resources/editors/directedit/img/ocms_de_edit_d.png</destination>
			<type>image</type>
			<uuidstructure>ca9b8866-e09d-11dc-a7d2-9b4307eb5433</uuidstructure>
			<uuidresource>3c371e85-e06b-11dc-a7d2-9b4307eb5433</uuidresource>
			<datelastmodified>Thu, 21 Feb 2008 10:53:29 GMT</datelastmodified>
			<userlastmodified>Admin</userlastmodified>
			<datecreated>Thu, 21 Feb 2008 10:53:29 GMT</datecreated>
			<usercreated>Admin</usercreated>
			<flags>0</flags>
			<properties>
				<property>
					<name>Title</name>
					<value><![CDATA[de_edit_d]]></value>
				</property>
				<property type="shared">
					<name>image.size</name>
					<value><![CDATA[w:20,h:20]]></value>
				</property>
			</properties>
			<relations/>
			<accesscontrol/>
		</file>
		<file>
			<source>system/workplace/resources/editors/directedit/img/ocms_de_edit_i.png</source>
			<destination>system/workplace/resources/editors/directedit/img/ocms_de_edit_i.png</destination>
			<type>image</type>
			<uuidstructure>caa2b458-e09d-11dc-a7d2-9b4307eb5433</uuidstructure>
			<uuidresource>3ad29fa4-e066-11dc-a7d2-9b4307eb5433</uuidresource>
			<datelastmodified>Thu, 21 Feb 2008 10:17:39 GMT</datelastmodified>
			<userlastmodified>Admin</userlastmodified>
			<datecreated>Thu, 21 Feb 2008 10:17:39 GMT</datecreated>
			<usercreated>Admin</usercreated>
			<flags>0</flags>
			<properties>
				<property>
					<name>Title</name>
					<value><![CDATA[de_edit_i]]></value>
				</property>
				<property type="shared">
					<name>image.size</name>
					<value><![CDATA[w:20,h:20]]></value>
				</property>
			</properties>
			<relations/>
			<accesscontrol/>
		</file>
		<file>
			<source>system/workplace/resources/editors/directedit/img/ocms_de_l.gif</source>
			<destination>system/workplace/resources/editors/directedit/img/ocms_de_l.gif</destination>
			<type>image</type>
			<uuidstructure>cac41f12-e09d-11dc-a7d2-9b4307eb5433</uuidstructure>
			<uuidresource>27095446-dfcb-11dc-9fd1-9b4307eb5433</uuidresource>
			<datelastmodified>Wed, 20 Feb 2008 16:24:01 GMT</datelastmodified>
			<userlastmodified>Admin</userlastmodified>
			<datecreated>Wed, 20 Feb 2008 15:47:34 GMT</datecreated>
			<usercreated>Admin</usercreated>
			<flags>0</flags>
			<properties>
				<property>
					<name>Title</name>
					<value><![CDATA[ocms_de_l]]></value>
				</property>
				<property type="shared">
					<name>image.size</name>
					<value><![CDATA[w:2,h:16]]></value>
				</property>
			</properties>
			<relations/>
			<accesscontrol/>
		</file>
		<file>
			<source>system/workplace/resources/editors/directedit/img/ocms_de_new_a.png</source>
			<destination>system/workplace/resources/editors/directedit/img/ocms_de_new_a.png</destination>
			<type>image</type>
			<uuidstructure>caa9e04a-e09d-11dc-a7d2-9b4307eb5433</uuidstructure>
			<uuidresource>3ad75a98-e066-11dc-a7d2-9b4307eb5433</uuidresource>
			<datelastmodified>Thu, 21 Feb 2008 10:17:39 GMT</datelastmodified>
			<userlastmodified>Admin</userlastmodified>
			<datecreated>Thu, 21 Feb 2008 10:17:39 GMT</datecreated>
			<usercreated>Admin</usercreated>
			<flags>0</flags>
			<properties>
				<property>
					<name>Title</name>
					<value><![CDATA[de_new_a]]></value>
				</property>
				<property type="shared">
					<name>image.size</name>
					<value><![CDATA[w:20,h:20]]></value>
				</property>
			</properties>
			<relations/>
			<accesscontrol/>
		</file>
		<file>
			<source>system/workplace/resources/editors/directedit/img/ocms_de_new_d.png</source>
			<destination>system/workplace/resources/editors/directedit/img/ocms_de_new_d.png</destination>
			<type>image</type>
			<uuidstructure>caae9b3c-e09d-11dc-a7d2-9b4307eb5433</uuidstructure>
			<uuidresource>3c3e4a79-e06b-11dc-a7d2-9b4307eb5433</uuidresource>
			<datelastmodified>Thu, 21 Feb 2008 10:53:29 GMT</datelastmodified>
			<userlastmodified>Admin</userlastmodified>
			<datecreated>Thu, 21 Feb 2008 10:53:29 GMT</datecreated>
			<usercreated>Admin</usercreated>
			<flags>0</flags>
			<properties>
				<property>
					<name>Title</name>
					<value><![CDATA[de_new_d]]></value>
				</property>
				<property type="shared">
					<name>image.size</name>
					<value><![CDATA[w:20,h:20]]></value>
				</property>
			</properties>
			<relations/>
			<accesscontrol/>
		</file>
		<file>
			<source>system/workplace/resources/editors/directedit/img/ocms_de_new_i.png</source>
			<destination>system/workplace/resources/editors/directedit/img/ocms_de_new_i.png</destination>
			<type>image</type>
			<uuidstructure>cab5c72e-e09d-11dc-a7d2-9b4307eb5433</uuidstructure>
			<uuidresource>3ade868c-e066-11dc-a7d2-9b4307eb5433</uuidresource>
			<datelastmodified>Thu, 21 Feb 2008 10:17:39 GMT</datelastmodified>
			<userlastmodified>Admin</userlastmodified>
			<datecreated>Thu, 21 Feb 2008 10:17:39 GMT</datecreated>
			<usercreated>Admin</usercreated>
			<flags>0</flags>
			<properties>
				<property>
					<name>Title</name>
					<value><![CDATA[de_new_i]]></value>
				</property>
				<property type="shared">
					<name>image.size</name>
					<value><![CDATA[w:20,h:20]]></value>
				</property>
			</properties>
			<relations/>
			<accesscontrol/>
		</file>
		<file>
			<source>system/workplace/resources/editors/directedit/img/ocms_de_r.gif</source>
			<destination>system/workplace/resources/editors/directedit/img/ocms_de_r.gif</destination>
			<type>image</type>
			<uuidstructure>cacb4b04-e09d-11dc-a7d2-9b4307eb5433</uuidstructure>
			<uuidresource>270e0f3a-dfcb-11dc-9fd1-9b4307eb5433</uuidresource>
			<datelastmodified>Wed, 20 Feb 2008 16:24:01 GMT</datelastmodified>
			<userlastmodified>Admin</userlastmodified>
			<datecreated>Wed, 20 Feb 2008 15:47:34 GMT</datecreated>
			<usercreated>Admin</usercreated>
			<flags>0</flags>
			<properties>
				<property>
					<name>Title</name>
					<value><![CDATA[ocms_de_r]]></value>
				</property>
				<property type="shared">
					<name>image.size</name>
					<value><![CDATA[w:2,h:16]]></value>
				</property>
			</properties>
			<relations/>
			<accesscontrol/>
		</file>
		<file>
			<source>system/workplace/resources/editors/directedit/img/ocms_de_t.gif</source>
			<destination>system/workplace/resources/editors/directedit/img/ocms_de_t.gif</destination>
			<type>image</type>
			<uuidstructure>caeeffa6-e09d-11dc-a7d2-9b4307eb5433</uuidstructure>
			<uuidresource>27153b2e-dfcb-11dc-9fd1-9b4307eb5433</uuidresource>
			<datelastmodified>Wed, 20 Feb 2008 16:24:01 GMT</datelastmodified>
			<userlastmodified>Admin</userlastmodified>
			<datecreated>Wed, 20 Feb 2008 15:47:34 GMT</datecreated>
			<usercreated>Admin</usercreated>
			<flags>0</flags>
			<properties>
				<property>
					<name>Title</name>
					<value><![CDATA[ocms_de_t]]></value>
				</property>
				<property type="shared">
					<name>image.size</name>
					<value><![CDATA[w:16,h:2]]></value>
				</property>
			</properties>
			<relations/>
			<accesscontrol/>
		</file>
		<file>
			<destination>system/workplace/resources/editors/simple</destination>
			<type>folder</type>
			<uuidstructure>8ae544a7-11b7-11db-91cd-fdbae480bac9</uuidstructure>
			<datelastmodified>Mon, 27 Mar 2006 12:00:00 GMT</datelastmodified>
			<userlastmodified>Admin</userlastmodified>
			<datecreated>Mon, 27 Jun 2005 08:00:00 GMT</datecreated>
			<usercreated>Admin</usercreated>
			<flags>0</flags>
			<properties/>
			<relations/>
			<accesscontrol/>
		</file>
		<file>
			<destination>system/workplace/resources/editors/simple/edit.js</destination>
			<type>plain</type>
			<uuidstructure>8ae78e98-11b7-11db-91cd-fdbae480bac9</uuidstructure>
			<uuidresource>b13c382e-f03b-11d8-bd02-ddc4b68c493a</uuidresource>
			<datelastmodified>Mon, 27 Mar 2006 12:00:00 GMT</datelastmodified>
			<userlastmodified>Admin</userlastmodified>
			<datecreated>Mon, 27 Jun 2005 08:00:00 GMT</datecreated>
			<usercreated>Admin</usercreated>
			<flags>0</flags>
			<properties/>
			<relations/>
			<accesscontrol/>
		</file>
		<file>
			<destination>system/workplace/resources/editors/simplehtml</destination>
			<type>folder</type>
			<uuidstructure>8ae9ff9a-11b7-11db-91cd-fdbae480bac9</uuidstructure>
			<datelastmodified>Mon, 27 Mar 2006 12:00:00 GMT</datelastmodified>
			<userlastmodified>Admin</userlastmodified>
			<datecreated>Mon, 27 Jun 2005 08:00:00 GMT</datecreated>
			<usercreated>Admin</usercreated>
			<flags>0</flags>
			<properties/>
			<relations/>
			<accesscontrol/>
		</file>
		<file>
			<destination>system/workplace/resources/editors/simplehtml/edit.js</destination>
			<type>plain</type>
			<uuidstructure>8ae9ff9b-11b7-11db-91cd-fdbae480bac9</uuidstructure>
			<uuidresource>b6f00722-f03b-11d8-bd02-ddc4b68c493a</uuidresource>
			<datelastmodified>Mon, 27 Mar 2006 12:00:00 GMT</datelastmodified>
			<userlastmodified>Admin</userlastmodified>
			<datecreated>Mon, 27 Jun 2005 08:00:00 GMT</datecreated>
			<usercreated>Admin</usercreated>
			<flags>0</flags>
			<properties/>
			<relations/>
			<accesscontrol/>
		</file>
		<file>
			<destination>system/workplace/resources/editors/xmlcontent</destination>
			<type>folder</type>
			<uuidstructure>8aec709d-11b7-11db-91cd-fdbae480bac9</uuidstructure>
			<datelastmodified>Mon, 27 Mar 2006 12:00:00 GMT</datelastmodified>
			<userlastmodified>Admin</userlastmodified>
			<datecreated>Mon, 27 Jun 2005 08:00:00 GMT</datecreated>
			<usercreated>Admin</usercreated>
			<flags>0</flags>
			<properties/>
			<relations/>
			<accesscontrol/>
		</file>
		<file>
			<destination>system/workplace/resources/editors/xmlcontent/edit.js</destination>
			<type>plain</type>
			<uuidstructure>8aeeba8e-11b7-11db-91cd-fdbae480bac9</uuidstructure>
			<uuidresource>bc7dd786-f03b-11d8-bd02-ddc4b68c493a</uuidresource>
			<datelastmodified>Mon, 27 Mar 2006 12:00:00 GMT</datelastmodified>
			<userlastmodified>Admin</userlastmodified>
			<datecreated>Mon, 27 Jun 2005 08:00:00 GMT</datecreated>
			<usercreated>Admin</usercreated>
			<flags>0</flags>
			<properties/>
			<relations/>
			<accesscontrol/>
		</file>
		<file>
			<source>system/workplace/resources/editors/xmlcontent/error.png</source>
			<destination>system/workplace/resources/editors/xmlcontent/error.png</destination>
			<type>image</type>
			<uuidstructure>8aeeba8f-11b7-11db-91cd-fdbae480bac9</uuidstructure>
			<uuidresource>fec47bba-dcd3-11d9-b163-0fc796c4637a</uuidresource>
			<datelastmodified>Mon, 27 Mar 2006 12:00:00 GMT</datelastmodified>
			<userlastmodified>Admin</userlastmodified>
			<datecreated>Mon, 27 Jun 2005 08:00:00 GMT</datecreated>
			<usercreated>Admin</usercreated>
			<flags>0</flags>
			<properties>
				<property type="shared">
					<name>image.size</name>
					<value><![CDATA[w:16,h:16]]></value>
				</property>
			</properties>
			<relations/>
			<accesscontrol/>
		</file>
		<file>
			<destination>system/workplace/resources/editors/xmlcontent/help.js</destination>
			<type>plain</type>
			<uuidstructure>8af12b92-11b7-11db-91cd-fdbae480bac9</uuidstructure>
			<uuidresource>b50b1e87-20e3-11d9-9b67-9f91734fb765</uuidresource>
			<datelastmodified>Mon, 27 Mar 2006 12:00:00 GMT</datelastmodified>
			<userlastmodified>Admin</userlastmodified>
			<datecreated>Mon, 27 Jun 2005 08:00:00 GMT</datecreated>
			<usercreated>Admin</usercreated>
			<flags>0</flags>
			<properties/>
			<relations/>
			<accesscontrol/>
		</file>
		<file>
			<source>system/workplace/resources/editors/xmlcontent/warning.png</source>
			<destination>system/workplace/resources/editors/xmlcontent/warning.png</destination>
			<type>image</type>
			<uuidstructure>8af37583-11b7-11db-91cd-fdbae480bac9</uuidstructure>
			<uuidresource>fecda37d-dcd3-11d9-b163-0fc796c4637a</uuidresource>
			<datelastmodified>Mon, 27 Mar 2006 12:00:00 GMT</datelastmodified>
			<userlastmodified>Admin</userlastmodified>
			<datecreated>Mon, 27 Jun 2005 08:00:00 GMT</datecreated>
			<usercreated>Admin</usercreated>
			<flags>0</flags>
			<properties>
				<property type="shared">
					<name>image.size</name>
					<value><![CDATA[w:16,h:16]]></value>
				</property>
			</properties>
			<relations/>
			<accesscontrol/>
		</file>
		<file>
			<source>system/workplace/editors/direct_edit.jsp</source>
			<destination>system/workplace/editors/direct_edit.jsp</destination>
			<type>jsp</type>
			<uuidstructure>8971427c-11b7-11db-91cd-fdbae480bac9</uuidstructure>
			<uuidresource>60557f49-f052-11d8-ba65-db38cc8f19d7</uuidresource>
			<datelastmodified>Mon, 27 Mar 2006 12:00:00 GMT</datelastmodified>
			<userlastmodified>Admin</userlastmodified>
			<datecreated>Mon, 27 Jun 2005 08:00:00 GMT</datecreated>
			<usercreated>Admin</usercreated>
			<flags>0</flags>
			<properties>
				<property>
					<name>Title</name>
					<value><![CDATA[Direct edit include file for JSP based provider (before 6.2.3)]]></value>
				</property>
				<property>
					<name>export</name>
					<value><![CDATA[false]]></value>
				</property>
			</properties>
			<relations/>
			<accesscontrol/>
		</file>
		<file>
			<source>system/workplace/editors/direct_edit_include.txt</source>
			<destination>system/workplace/editors/direct_edit_include.txt</destination>
			<type>plain</type>
			<uuidstructure>80a1427c-11b7-11db-91cd-fdbae480bfff</uuidstructure>
			<uuidresource>60a57f49-f052-11d8-ba65-db38cc8f1fff</uuidresource>
			<datelastmodified>Mon, 27 Mar 2006 12:00:00 GMT</datelastmodified>
			<userlastmodified>Admin</userlastmodified>
			<datecreated>Mon, 27 Jun 2005 08:00:00 GMT</datecreated>
			<usercreated>Admin</usercreated>
			<flags>0</flags>
			<properties>
				<property>
					<name>Title</name>
					<value><![CDATA[Direct edit include file for default provider (since 6.2.3)]]></value>
				</property>
				<property>
					<name>export</name>
					<value><![CDATA[false]]></value>
				</property>
			</properties>
			<relations/>
			<accesscontrol/>
		</file>
		<file>
			<source>system/workplace/editors/editor.jsp</source>
			<destination>system/workplace/editors/editor.jsp</destination>
			<type>jsp</type>
			<uuidstructure>8973b380-11b7-11db-91cd-fdbae480bac9</uuidstructure>
			<uuidresource>605ef52d-f052-11d8-ba65-db38cc8f19d7</uuidresource>
			<datelastmodified>Mon, 27 Mar 2006 12:00:00 GMT</datelastmodified>
			<userlastmodified>Admin</userlastmodified>
			<datecreated>Mon, 27 Jun 2005 08:00:00 GMT</datecreated>
			<usercreated>Admin</usercreated>
			<flags>0</flags>
			<properties>
				<property>
					<name>Title</name>
					<value><![CDATA[Editor frameset]]></value>
				</property>
				<property>
					<name>export</name>
					<value><![CDATA[false]]></value>
				</property>
			</properties>
			<relations/>
			<accesscontrol/>
		</file>
		<file>
			<source>system/workplace/editors/editor_main.jsp</source>
			<destination>system/workplace/editors/editor_main.jsp</destination>
			<type>jsp</type>
			<uuidstructure>89786e78-11b7-11db-91cd-fdbae480bac9</uuidstructure>
			<uuidresource>60747905-f052-11d8-ba65-db38cc8f19d7</uuidresource>
			<datelastmodified>Mon, 27 Mar 2006 12:00:00 GMT</datelastmodified>
			<userlastmodified>Admin</userlastmodified>
			<datecreated>Mon, 27 Jun 2005 08:00:00 GMT</datecreated>
			<usercreated>Admin</usercreated>
			<flags>0</flags>
			<properties>
				<property>
					<name>Title</name>
					<value><![CDATA[Main editor frame]]></value>
				</property>
				<property>
					<name>export</name>
					<value><![CDATA[false]]></value>
				</property>
			</properties>
			<relations/>
			<accesscontrol/>
		</file>
		<file>
			<source>system/workplace/editors/jquery_direct_edit_include.txt</source>
			<destination>system/workplace/editors/jquery_direct_edit_include.txt</destination>
			<type>plain</type>
			<uuidstructure>6a2b2939-dbb1-11dc-a85f-9b4307eb5433</uuidstructure>
			<uuidresource>6a2b293a-dbb1-11dc-a85f-9b4307eb5433</uuidresource>
			<datelastmodified>Fri, 22 Feb 2008 11:17:32 GMT</datelastmodified>
			<userlastmodified>Admin</userlastmodified>
			<datecreated>Fri, 15 Feb 2008 10:33:15 GMT</datecreated>
			<usercreated>Admin</usercreated>
			<flags>0</flags>
			<properties>
				<property>
					<name>Title</name>
					<value><![CDATA[Direct edit include file for jquery provider]]></value>
				</property>
				<property>
					<name>export</name>
					<value><![CDATA[false]]></value>
				</property>
			</properties>
			<relations/>
			<accesscontrol/>
		</file>
		<file>
			<destination>system/workplace/resources/buttons</destination>
			<type>folder</type>
			<uuidstructure>82c3d154-11b7-11db-91cd-fdbae480bac9</uuidstructure>
			<datelastmodified>Mon, 27 Mar 2006 12:00:00 GMT</datelastmodified>
			<userlastmodified>Admin</userlastmodified>
			<datecreated>Mon, 27 Jun 2005 08:00:00 GMT</datecreated>
			<usercreated>Admin</usercreated>
			<flags>0</flags>
			<properties/>
			<relations/>
			<accesscontrol/>
		</file>
		<file>
			<source>system/workplace/resources/buttons/anchor.png</source>
			<destination>system/workplace/resources/buttons/anchor.png</destination>
			<type>image</type>
			<uuidstructure>8a5d5097-11b7-11db-91cd-fdbae480bac9</uuidstructure>
			<uuidresource>c459682f-dd86-11d9-9663-016dc05e1977</uuidresource>
			<datelastmodified>Mon, 27 Mar 2006 12:00:00 GMT</datelastmodified>
			<userlastmodified>Admin</userlastmodified>
			<datecreated>Mon, 27 Jun 2005 08:00:00 GMT</datecreated>
			<usercreated>Admin</usercreated>
			<flags>0</flags>
			<properties>
				<property type="shared">
					<name>image.size</name>
					<value><![CDATA[w:20,h:20]]></value>
				</property>
			</properties>
			<relations/>
			<accesscontrol/>
		</file>
		<file>
			<source>system/workplace/resources/buttons/bold.png</source>
			<destination>system/workplace/resources/buttons/bold.png</destination>
			<type>image</type>
			<uuidstructure>8a620b89-11b7-11db-91cd-fdbae480bac9</uuidstructure>
			<uuidresource>c4628ff2-dd86-11d9-9663-016dc05e1977</uuidresource>
			<datelastmodified>Mon, 27 Mar 2006 12:00:00 GMT</datelastmodified>
			<userlastmodified>Admin</userlastmodified>
			<datecreated>Mon, 27 Jun 2005 08:00:00 GMT</datecreated>
			<usercreated>Admin</usercreated>
			<flags>0</flags>
			<properties>
				<property type="shared">
					<name>image.size</name>
					<value><![CDATA[w:20,h:20]]></value>
				</property>
			</properties>
			<relations/>
			<accesscontrol/>
		</file>
		<file>
			<source>system/workplace/resources/buttons/bullist.png</source>
			<destination>system/workplace/resources/buttons/bullist.png</destination>
			<type>image</type>
			<uuidstructure>8a69377b-11b7-11db-91cd-fdbae480bac9</uuidstructure>
			<uuidresource>c46723d5-dd86-11d9-9663-016dc05e1977</uuidresource>
			<datelastmodified>Mon, 27 Mar 2006 12:00:00 GMT</datelastmodified>
			<userlastmodified>Admin</userlastmodified>
			<datecreated>Mon, 27 Jun 2005 08:00:00 GMT</datecreated>
			<usercreated>Admin</usercreated>
			<flags>0</flags>
			<properties>
				<property type="shared">
					<name>image.size</name>
					<value><![CDATA[w:20,h:20]]></value>
				</property>
			</properties>
			<relations/>
			<accesscontrol/>
		</file>
		<file>
			<source>system/workplace/resources/buttons/center.png</source>
			<destination>system/workplace/resources/buttons/center.png</destination>
			<type>image</type>
			<uuidstructure>8a751e5d-11b7-11db-91cd-fdbae480bac9</uuidstructure>
			<uuidresource>c46bb7bb-dd86-11d9-9663-016dc05e1977</uuidresource>
			<datelastmodified>Mon, 27 Mar 2006 12:00:00 GMT</datelastmodified>
			<userlastmodified>Admin</userlastmodified>
			<datecreated>Mon, 27 Jun 2005 08:00:00 GMT</datecreated>
			<usercreated>Admin</usercreated>
			<flags>0</flags>
			<properties>
				<property type="shared">
					<name>image.size</name>
					<value><![CDATA[w:20,h:20]]></value>
				</property>
			</properties>
			<relations/>
			<accesscontrol/>
		</file>
		<file>
			<source>system/workplace/resources/buttons/cleanup.png</source>
			<destination>system/workplace/resources/buttons/cleanup.png</destination>
			<type>image</type>
			<uuidstructure>8a7a005f-11b7-11db-91cd-fdbae480bac9</uuidstructure>
			<uuidresource>c46ec4fe-dd86-11d9-9663-016dc05e1977</uuidresource>
			<datelastmodified>Mon, 27 Mar 2006 12:00:00 GMT</datelastmodified>
			<userlastmodified>Admin</userlastmodified>
			<datecreated>Mon, 27 Jun 2005 08:00:00 GMT</datecreated>
			<usercreated>Admin</usercreated>
			<flags>0</flags>
			<properties>
				<property type="shared">
					<name>image.size</name>
					<value><![CDATA[w:20,h:20]]></value>
				</property>
			</properties>
			<relations/>
			<accesscontrol/>
		</file>
		<file>
			<source>system/workplace/resources/buttons/color_fill.png</source>
			<destination>system/workplace/resources/buttons/color_fill.png</destination>
			<type>image</type>
			<uuidstructure>8a7eba52-11b7-11db-91cd-fdbae480bac9</uuidstructure>
			<uuidresource>c471d241-dd86-11d9-9663-016dc05e1977</uuidresource>
			<datelastmodified>Mon, 27 Mar 2006 12:00:00 GMT</datelastmodified>
			<userlastmodified>Admin</userlastmodified>
			<datecreated>Mon, 27 Jun 2005 08:00:00 GMT</datecreated>
			<usercreated>Admin</usercreated>
			<flags>0</flags>
			<properties>
				<property type="shared">
					<name>image.size</name>
					<value><![CDATA[w:20,h:20]]></value>
				</property>
			</properties>
			<relations/>
			<accesscontrol/>
		</file>
		<file>
			<source>system/workplace/resources/buttons/color_text.png</source>
			<destination>system/workplace/resources/buttons/color_text.png</destination>
			<type>image</type>
			<uuidstructure>8a837544-11b7-11db-91cd-fdbae480bac9</uuidstructure>
			<uuidresource>c474df84-dd86-11d9-9663-016dc05e1977</uuidresource>
			<datelastmodified>Mon, 27 Mar 2006 12:00:00 GMT</datelastmodified>
			<userlastmodified>Admin</userlastmodified>
			<datecreated>Mon, 27 Jun 2005 08:00:00 GMT</datecreated>
			<usercreated>Admin</usercreated>
			<flags>0</flags>
			<properties>
				<property type="shared">
					<name>image.size</name>
					<value><![CDATA[w:20,h:20]]></value>
				</property>
			</properties>
			<relations/>
			<accesscontrol/>
		</file>
		<file>
			<source>system/workplace/resources/buttons/copy.png</source>
			<destination>system/workplace/resources/buttons/copy.png</destination>
			<type>image</type>
			<uuidstructure>8a883036-11b7-11db-91cd-fdbae480bac9</uuidstructure>
			<uuidresource>c477ecc7-dd86-11d9-9663-016dc05e1977</uuidresource>
			<datelastmodified>Mon, 27 Mar 2006 12:00:00 GMT</datelastmodified>
			<userlastmodified>Admin</userlastmodified>
			<datecreated>Mon, 27 Jun 2005 08:00:00 GMT</datecreated>
			<usercreated>Admin</usercreated>
			<flags>0</flags>
			<properties>
				<property type="shared">
					<name>image.size</name>
					<value><![CDATA[w:20,h:20]]></value>
				</property>
			</properties>
			<relations/>
			<accesscontrol/>
		</file>
		<file>
			<source>system/workplace/resources/buttons/cut.png</source>
			<destination>system/workplace/resources/buttons/cut.png</destination>
			<type>image</type>
			<uuidstructure>8a8d1238-11b7-11db-91cd-fdbae480bac9</uuidstructure>
			<uuidresource>c479736a-dd86-11d9-9663-016dc05e1977</uuidresource>
			<datelastmodified>Mon, 27 Mar 2006 12:00:00 GMT</datelastmodified>
			<userlastmodified>Admin</userlastmodified>
			<datecreated>Mon, 27 Jun 2005 08:00:00 GMT</datecreated>
			<usercreated>Admin</usercreated>
			<flags>0</flags>
			<properties>
				<property type="shared">
					<name>image.size</name>
					<value><![CDATA[w:20,h:20]]></value>
				</property>
			</properties>
			<relations/>
			<accesscontrol/>
		</file>
		<file>
			<source>system/workplace/resources/buttons/details.png</source>
			<destination>system/workplace/resources/buttons/details.png</destination>
			<type>image</type>
			<uuidstructure>8a91cd2a-11b7-11db-91cd-fdbae480bac9</uuidstructure>
			<uuidresource>c47c80ad-dd86-11d9-9663-016dc05e1977</uuidresource>
			<datelastmodified>Mon, 27 Mar 2006 12:00:00 GMT</datelastmodified>
			<userlastmodified>Admin</userlastmodified>
			<datecreated>Mon, 27 Jun 2005 08:00:00 GMT</datecreated>
			<usercreated>Admin</usercreated>
			<flags>0</flags>
			<properties>
				<property type="shared">
					<name>image.size</name>
					<value><![CDATA[w:20,h:20]]></value>
				</property>
			</properties>
			<relations/>
			<accesscontrol/>
		</file>
		<file>
			<source>system/workplace/resources/buttons/directedit_cl.png</source>
			<destination>system/workplace/resources/buttons/directedit_cl.png</destination>
			<type>image</type>
			<uuidstructure>8a94171c-11b7-11db-91cd-fdbae480bac9</uuidstructure>
			<uuidresource>c47f8df0-dd86-11d9-9663-016dc05e1977</uuidresource>
			<datelastmodified>Mon, 27 Mar 2006 12:00:00 GMT</datelastmodified>
			<userlastmodified>Admin</userlastmodified>
			<datecreated>Mon, 27 Jun 2005 08:00:00 GMT</datecreated>
			<usercreated>Admin</usercreated>
			<flags>0</flags>
			<properties>
				<property type="shared">
					<name>image.size</name>
					<value><![CDATA[w:20,h:20]]></value>
				</property>
			</properties>
			<relations/>
			<accesscontrol/>
		</file>
		<file>
			<source>system/workplace/resources/buttons/directedit_in.png</source>
			<destination>system/workplace/resources/buttons/directedit_in.png</destination>
			<type>image</type>
			<uuidstructure>8a96881f-11b7-11db-91cd-fdbae480bac9</uuidstructure>
			<uuidresource>c4811493-dd86-11d9-9663-016dc05e1977</uuidresource>
			<datelastmodified>Mon, 27 Mar 2006 12:00:00 GMT</datelastmodified>
			<userlastmodified>Admin</userlastmodified>
			<datecreated>Mon, 27 Jun 2005 08:00:00 GMT</datecreated>
			<usercreated>Admin</usercreated>
			<flags>0</flags>
			<properties>
				<property type="shared">
					<name>image.size</name>
					<value><![CDATA[w:20,h:20]]></value>
				</property>
			</properties>
			<relations/>
			<accesscontrol/>
		</file>
		<file>
			<source>system/workplace/resources/buttons/directedit_op.png</source>
			<destination>system/workplace/resources/buttons/directedit_op.png</destination>
			<type>image</type>
			<uuidstructure>8a98f922-11b7-11db-91cd-fdbae480bac9</uuidstructure>
			<uuidresource>c4829b36-dd86-11d9-9663-016dc05e1977</uuidresource>
			<datelastmodified>Mon, 27 Mar 2006 12:00:00 GMT</datelastmodified>
			<userlastmodified>Admin</userlastmodified>
			<datecreated>Mon, 27 Jun 2005 08:00:00 GMT</datecreated>
			<usercreated>Admin</usercreated>
			<flags>0</flags>
			<properties>
				<property type="shared">
					<name>image.size</name>
					<value><![CDATA[w:20,h:20]]></value>
				</property>
			</properties>
			<relations/>
			<accesscontrol/>
		</file>
		<file>
			<source>system/workplace/resources/buttons/editorsearch.png</source>
			<destination>system/workplace/resources/buttons/editorsearch.png</destination>
			<type>image</type>
			<uuidstructure>8a9b4315-11b7-11db-91cd-fdbae480bac9</uuidstructure>
			<uuidresource>c48a3c5c-dd86-11d9-9663-016dc05e1977</uuidresource>
			<datelastmodified>Mon, 27 Mar 2006 12:00:00 GMT</datelastmodified>
			<userlastmodified>Admin</userlastmodified>
			<datecreated>Mon, 27 Jun 2005 08:00:00 GMT</datecreated>
			<usercreated>Admin</usercreated>
			<flags>0</flags>
			<properties>
				<property type="shared">
					<name>image.size</name>
					<value><![CDATA[w:20,h:20]]></value>
				</property>
			</properties>
			<relations/>
			<accesscontrol/>
		</file>
		<file>
			<source>system/workplace/resources/buttons/elements.png</source>
			<destination>system/workplace/resources/buttons/elements.png</destination>
			<type>image</type>
			<uuidstructure>8a9db417-11b7-11db-91cd-fdbae480bac9</uuidstructure>
			<uuidresource>c48d499f-dd86-11d9-9663-016dc05e1977</uuidresource>
			<datelastmodified>Mon, 27 Mar 2006 12:00:00 GMT</datelastmodified>
			<userlastmodified>Admin</userlastmodified>
			<datecreated>Mon, 27 Jun 2005 08:00:00 GMT</datecreated>
			<usercreated>Admin</usercreated>
			<flags>0</flags>
			<properties>
				<property type="shared">
					<name>image.size</name>
					<value><![CDATA[w:20,h:20]]></value>
				</property>
			</properties>
			<relations/>
			<accesscontrol/>
		</file>
		<file>
			<source>system/workplace/resources/buttons/elements_in.png</source>
			<destination>system/workplace/resources/buttons/elements_in.png</destination>
			<type>image</type>
			<uuidstructure>8aa02519-11b7-11db-91cd-fdbae480bac9</uuidstructure>
			<uuidresource>c48ed042-dd86-11d9-9663-016dc05e1977</uuidresource>
			<datelastmodified>Mon, 27 Mar 2006 12:00:00 GMT</datelastmodified>
			<userlastmodified>Admin</userlastmodified>
			<datecreated>Mon, 27 Jun 2005 08:00:00 GMT</datecreated>
			<usercreated>Admin</usercreated>
			<flags>0</flags>
			<properties>
				<property type="shared">
					<name>image.size</name>
					<value><![CDATA[w:20,h:20]]></value>
				</property>
			</properties>
			<relations/>
			<accesscontrol/>
		</file>
		<file>
			<source>system/workplace/resources/buttons/erase.png</source>
			<destination>system/workplace/resources/buttons/erase.png</destination>
			<type>image</type>
			<uuidstructure>8aa26f0b-11b7-11db-91cd-fdbae480bac9</uuidstructure>
			<uuidresource>c491dd85-dd86-11d9-9663-016dc05e1977</uuidresource>
			<datelastmodified>Mon, 27 Mar 2006 12:00:00 GMT</datelastmodified>
			<userlastmodified>Admin</userlastmodified>
			<datecreated>Mon, 27 Jun 2005 08:00:00 GMT</datecreated>
			<usercreated>Admin</usercreated>
			<flags>0</flags>
			<properties>
				<property type="shared">
					<name>image.size</name>
					<value><![CDATA[w:20,h:20]]></value>
				</property>
			</properties>
			<relations/>
			<accesscontrol/>
		</file>
		<file>
			<source>system/workplace/resources/buttons/exit.png</source>
			<destination>system/workplace/resources/buttons/exit.png</destination>
			<type>image</type>
			<uuidstructure>8aa4e00e-11b7-11db-91cd-fdbae480bac9</uuidstructure>
			<uuidresource>c4967168-dd86-11d9-9663-016dc05e1977</uuidresource>
			<datelastmodified>Mon, 27 Mar 2006 12:00:00 GMT</datelastmodified>
			<userlastmodified>Admin</userlastmodified>
			<datecreated>Mon, 27 Jun 2005 08:00:00 GMT</datecreated>
			<usercreated>Admin</usercreated>
			<flags>0</flags>
			<properties>
				<property type="shared">
					<name>image.size</name>
					<value><![CDATA[w:20,h:20]]></value>
				</property>
			</properties>
			<relations/>
			<accesscontrol/>
		</file>
		<file>
			<source>system/workplace/resources/buttons/image.png</source>
			<destination>system/workplace/resources/buttons/image.png</destination>
			<type>image</type>
			<uuidstructure>8aa72a00-11b7-11db-91cd-fdbae480bac9</uuidstructure>
			<uuidresource>c4a42d14-dd86-11d9-9663-016dc05e1977</uuidresource>
			<datelastmodified>Mon, 27 Mar 2006 12:00:00 GMT</datelastmodified>
			<userlastmodified>Admin</userlastmodified>
			<datecreated>Mon, 27 Jun 2005 08:00:00 GMT</datecreated>
			<usercreated>Admin</usercreated>
			<flags>0</flags>
			<properties>
				<property type="shared">
					<name>image.size</name>
					<value><![CDATA[w:20,h:20]]></value>
				</property>
			</properties>
			<relations/>
			<accesscontrol/>
		</file>
		<file>
			<source>system/workplace/resources/buttons/indent.png</source>
			<destination>system/workplace/resources/buttons/indent.png</destination>
			<type>image</type>
			<uuidstructure>8aa99b02-11b7-11db-91cd-fdbae480bac9</uuidstructure>
			<uuidresource>c4a8c0fa-dd86-11d9-9663-016dc05e1977</uuidresource>
			<datelastmodified>Mon, 27 Mar 2006 12:00:00 GMT</datelastmodified>
			<userlastmodified>Admin</userlastmodified>
			<datecreated>Mon, 27 Jun 2005 08:00:00 GMT</datecreated>
			<usercreated>Admin</usercreated>
			<flags>0</flags>
			<properties>
				<property type="shared">
					<name>image.size</name>
					<value><![CDATA[w:20,h:20]]></value>
				</property>
			</properties>
			<relations/>
			<accesscontrol/>
		</file>
		<file>
			<source>system/workplace/resources/buttons/italic.png</source>
			<destination>system/workplace/resources/buttons/italic.png</destination>
			<type>image</type>
			<uuidstructure>8aac0c04-11b7-11db-91cd-fdbae480bac9</uuidstructure>
			<uuidresource>c4abce3d-dd86-11d9-9663-016dc05e1977</uuidresource>
			<datelastmodified>Mon, 27 Mar 2006 12:00:00 GMT</datelastmodified>
			<userlastmodified>Admin</userlastmodified>
			<datecreated>Mon, 27 Jun 2005 08:00:00 GMT</datecreated>
			<usercreated>Admin</usercreated>
			<flags>0</flags>
			<properties>
				<property type="shared">
					<name>image.size</name>
					<value><![CDATA[w:20,h:20]]></value>
				</property>
			</properties>
			<relations/>
			<accesscontrol/>
		</file>
		<file>
			<source>system/workplace/resources/buttons/left.png</source>
			<destination>system/workplace/resources/buttons/left.png</destination>
			<type>image</type>
			<uuidstructure>8aae55f6-11b7-11db-91cd-fdbae480bac9</uuidstructure>
			<uuidresource>c4aedb80-dd86-11d9-9663-016dc05e1977</uuidresource>
			<datelastmodified>Mon, 27 Mar 2006 12:00:00 GMT</datelastmodified>
			<userlastmodified>Admin</userlastmodified>
			<datecreated>Mon, 27 Jun 2005 08:00:00 GMT</datecreated>
			<usercreated>Admin</usercreated>
			<flags>0</flags>
			<properties>
				<property type="shared">
					<name>image.size</name>
					<value><![CDATA[w:20,h:20]]></value>
				</property>
			</properties>
			<relations/>
			<accesscontrol/>
		</file>
		<file>
			<source>system/workplace/resources/buttons/link.png</source>
			<destination>system/workplace/resources/buttons/link.png</destination>
			<type>image</type>
			<uuidstructure>8ab0c6f8-11b7-11db-91cd-fdbae480bac9</uuidstructure>
			<uuidresource>c4b06223-dd86-11d9-9663-016dc05e1977</uuidresource>
			<datelastmodified>Mon, 27 Mar 2006 12:00:00 GMT</datelastmodified>
			<userlastmodified>Admin</userlastmodified>
			<datecreated>Mon, 27 Jun 2005 08:00:00 GMT</datecreated>
			<usercreated>Admin</usercreated>
			<flags>0</flags>
			<properties>
				<property type="shared">
					<name>image.size</name>
					<value><![CDATA[w:20,h:20]]></value>
				</property>
			</properties>
			<relations/>
			<accesscontrol/>
		</file>
		<file>
			<source>system/workplace/resources/buttons/numlist.png</source>
			<destination>system/workplace/resources/buttons/numlist.png</destination>
			<type>image</type>
			<uuidstructure>8ab337fa-11b7-11db-91cd-fdbae480bac9</uuidstructure>
			<uuidresource>c4b80349-dd86-11d9-9663-016dc05e1977</uuidresource>
			<datelastmodified>Mon, 27 Mar 2006 12:00:00 GMT</datelastmodified>
			<userlastmodified>Admin</userlastmodified>
			<datecreated>Mon, 27 Jun 2005 08:00:00 GMT</datecreated>
			<usercreated>Admin</usercreated>
			<flags>0</flags>
			<properties>
				<property type="shared">
					<name>image.size</name>
					<value><![CDATA[w:20,h:20]]></value>
				</property>
			</properties>
			<relations/>
			<accesscontrol/>
		</file>
		<file>
			<source>system/workplace/resources/buttons/outdent.png</source>
			<destination>system/workplace/resources/buttons/outdent.png</destination>
			<type>image</type>
			<uuidstructure>8ab581ec-11b7-11db-91cd-fdbae480bac9</uuidstructure>
			<uuidresource>c4bc972c-dd86-11d9-9663-016dc05e1977</uuidresource>
			<datelastmodified>Mon, 27 Mar 2006 12:00:00 GMT</datelastmodified>
			<userlastmodified>Admin</userlastmodified>
			<datecreated>Mon, 27 Jun 2005 08:00:00 GMT</datecreated>
			<usercreated>Admin</usercreated>
			<flags>0</flags>
			<properties>
				<property type="shared">
					<name>image.size</name>
					<value><![CDATA[w:20,h:20]]></value>
				</property>
			</properties>
			<relations/>
			<accesscontrol/>
		</file>
		<file>
			<source>system/workplace/resources/buttons/paste.png</source>
			<destination>system/workplace/resources/buttons/paste.png</destination>
			<type>image</type>
			<uuidstructure>8abcadde-11b7-11db-91cd-fdbae480bac9</uuidstructure>
			<uuidresource>c4be44df-dd86-11d9-9663-016dc05e1977</uuidresource>
			<datelastmodified>Mon, 27 Mar 2006 12:00:00 GMT</datelastmodified>
			<userlastmodified>Admin</userlastmodified>
			<datecreated>Mon, 27 Jun 2005 08:00:00 GMT</datecreated>
			<usercreated>Admin</usercreated>
			<flags>0</flags>
			<properties>
				<property type="shared">
					<name>image.size</name>
					<value><![CDATA[w:20,h:20]]></value>
				</property>
			</properties>
			<relations/>
			<accesscontrol/>
		</file>
		<file>
			<source>system/workplace/resources/buttons/properties.png</source>
			<destination>system/workplace/resources/buttons/properties.png</destination>
			<type>image</type>
			<uuidstructure>8abcade0-11b7-11db-91cd-fdbae480bac9</uuidstructure>
			<uuidresource>c4c2d7c5-dd86-11d9-9663-016dc05e1977</uuidresource>
			<datelastmodified>Mon, 27 Mar 2006 12:00:00 GMT</datelastmodified>
			<userlastmodified>Admin</userlastmodified>
			<datecreated>Mon, 27 Jun 2005 08:00:00 GMT</datecreated>
			<usercreated>Admin</usercreated>
			<flags>0</flags>
			<properties>
				<property type="shared">
					<name>image.size</name>
					<value><![CDATA[w:20,h:20]]></value>
				</property>
			</properties>
			<relations/>
			<accesscontrol/>
		</file>
		<file>
			<source>system/workplace/resources/buttons/properties_in.png</source>
			<destination>system/workplace/resources/buttons/properties_in.png</destination>
			<type>image</type>
			<uuidstructure>8abf1ee2-11b7-11db-91cd-fdbae480bac9</uuidstructure>
			<uuidresource>c4c45e68-dd86-11d9-9663-016dc05e1977</uuidresource>
			<datelastmodified>Mon, 27 Mar 2006 12:00:00 GMT</datelastmodified>
			<userlastmodified>Admin</userlastmodified>
			<datecreated>Mon, 27 Jun 2005 08:00:00 GMT</datecreated>
			<usercreated>Admin</usercreated>
			<flags>0</flags>
			<properties>
				<property type="shared">
					<name>image.size</name>
					<value><![CDATA[w:20,h:20]]></value>
				</property>
			</properties>
			<relations/>
			<accesscontrol/>
		</file>
		<file>
			<source>system/workplace/resources/buttons/redo.png</source>
			<destination>system/workplace/resources/buttons/redo.png</destination>
			<type>image</type>
			<uuidstructure>8ac168d4-11b7-11db-91cd-fdbae480bac9</uuidstructure>
			<uuidresource>c4c5e50b-dd86-11d9-9663-016dc05e1977</uuidresource>
			<datelastmodified>Mon, 27 Mar 2006 12:00:00 GMT</datelastmodified>
			<userlastmodified>Admin</userlastmodified>
			<datecreated>Mon, 27 Jun 2005 08:00:00 GMT</datecreated>
			<usercreated>Admin</usercreated>
			<flags>0</flags>
			<properties>
				<property type="shared">
					<name>image.size</name>
					<value><![CDATA[w:20,h:20]]></value>
				</property>
			</properties>
			<relations/>
			<accesscontrol/>
		</file>
		<file>
			<source>system/workplace/resources/buttons/right.png</source>
			<destination>system/workplace/resources/buttons/right.png</destination>
			<type>image</type>
			<uuidstructure>8ac3d9d6-11b7-11db-91cd-fdbae480bac9</uuidstructure>
			<uuidresource>c4cbff91-dd86-11d9-9663-016dc05e1977</uuidresource>
			<datelastmodified>Mon, 27 Mar 2006 12:00:00 GMT</datelastmodified>
			<userlastmodified>Admin</userlastmodified>
			<datecreated>Mon, 27 Jun 2005 08:00:00 GMT</datecreated>
			<usercreated>Admin</usercreated>
			<flags>0</flags>
			<properties>
				<property type="shared">
					<name>image.size</name>
					<value><![CDATA[w:20,h:20]]></value>
				</property>
			</properties>
			<relations/>
			<accesscontrol/>
		</file>
		<file>
			<source>system/workplace/resources/buttons/save.png</source>
			<destination>system/workplace/resources/buttons/save.png</destination>
			<type>image</type>
			<uuidstructure>8ac64ad8-11b7-11db-91cd-fdbae480bac9</uuidstructure>
			<uuidresource>c4cf0cd4-dd86-11d9-9663-016dc05e1977</uuidresource>
			<datelastmodified>Mon, 27 Mar 2006 12:00:00 GMT</datelastmodified>
			<userlastmodified>Admin</userlastmodified>
			<datecreated>Mon, 27 Jun 2005 08:00:00 GMT</datecreated>
			<usercreated>Admin</usercreated>
			<flags>0</flags>
			<properties>
				<property type="shared">
					<name>image.size</name>
					<value><![CDATA[w:20,h:20]]></value>
				</property>
			</properties>
			<relations/>
			<accesscontrol/>
		</file>
		<file>
			<source>system/workplace/resources/buttons/save_exit.png</source>
			<destination>system/workplace/resources/buttons/save_exit.png</destination>
			<type>image</type>
			<uuidstructure>8ac894ca-11b7-11db-91cd-fdbae480bac9</uuidstructure>
			<uuidresource>c4d09377-dd86-11d9-9663-016dc05e1977</uuidresource>
			<datelastmodified>Mon, 27 Mar 2006 12:00:00 GMT</datelastmodified>
			<userlastmodified>Admin</userlastmodified>
			<datecreated>Mon, 27 Jun 2005 08:00:00 GMT</datecreated>
			<usercreated>Admin</usercreated>
			<flags>0</flags>
			<properties>
				<property type="shared">
					<name>image.size</name>
					<value><![CDATA[w:20,h:20]]></value>
				</property>
			</properties>
			<relations/>
			<accesscontrol/>
		</file>
		<file>
			<source>system/workplace/resources/buttons/specialchar.png</source>
			<destination>system/workplace/resources/buttons/specialchar.png</destination>
			<type>image</type>
			<uuidstructure>8acb05cc-11b7-11db-91cd-fdbae480bac9</uuidstructure>
			<uuidresource>c4d3a0ba-dd86-11d9-9663-016dc05e1977</uuidresource>
			<datelastmodified>Mon, 27 Mar 2006 12:00:00 GMT</datelastmodified>
			<userlastmodified>Admin</userlastmodified>
			<datecreated>Mon, 27 Jun 2005 08:00:00 GMT</datecreated>
			<usercreated>Admin</usercreated>
			<flags>0</flags>
			<properties>
				<property type="shared">
					<name>image.size</name>
					<value><![CDATA[w:20,h:20]]></value>
				</property>
			</properties>
			<relations/>
			<accesscontrol/>
		</file>
		<file>
			<source>system/workplace/resources/buttons/table.png</source>
			<destination>system/workplace/resources/buttons/table.png</destination>
			<type>image</type>
			<uuidstructure>8acd4fbe-11b7-11db-91cd-fdbae480bac9</uuidstructure>
			<uuidresource>c4d9bb40-dd86-11d9-9663-016dc05e1977</uuidresource>
			<datelastmodified>Mon, 27 Mar 2006 12:00:00 GMT</datelastmodified>
			<userlastmodified>Admin</userlastmodified>
			<datecreated>Mon, 27 Jun 2005 08:00:00 GMT</datecreated>
			<usercreated>Admin</usercreated>
			<flags>0</flags>
			<properties>
				<property type="shared">
					<name>image.size</name>
					<value><![CDATA[w:20,h:20]]></value>
				</property>
			</properties>
			<relations/>
			<accesscontrol/>
		</file>
		<file>
			<source>system/workplace/resources/buttons/table_td.png</source>
			<destination>system/workplace/resources/buttons/table_td.png</destination>
			<type>image</type>
			<uuidstructure>8acfc0c0-11b7-11db-91cd-fdbae480bac9</uuidstructure>
			<uuidresource>c4db41e3-dd86-11d9-9663-016dc05e1977</uuidresource>
			<datelastmodified>Mon, 27 Mar 2006 12:00:00 GMT</datelastmodified>
			<userlastmodified>Admin</userlastmodified>
			<datecreated>Mon, 27 Jun 2005 08:00:00 GMT</datecreated>
			<usercreated>Admin</usercreated>
			<flags>0</flags>
			<properties>
				<property type="shared">
					<name>image.size</name>
					<value><![CDATA[w:20,h:20]]></value>
				</property>
			</properties>
			<relations/>
			<accesscontrol/>
		</file>
		<file>
			<source>system/workplace/resources/buttons/table_tr.png</source>
			<destination>system/workplace/resources/buttons/table_tr.png</destination>
			<type>image</type>
			<uuidstructure>8acfc0c2-11b7-11db-91cd-fdbae480bac9</uuidstructure>
			<uuidresource>c4dfd5c6-dd86-11d9-9663-016dc05e1977</uuidresource>
			<datelastmodified>Mon, 27 Mar 2006 12:00:00 GMT</datelastmodified>
			<userlastmodified>Admin</userlastmodified>
			<datecreated>Mon, 27 Jun 2005 08:00:00 GMT</datecreated>
			<usercreated>Admin</usercreated>
			<flags>0</flags>
			<properties>
				<property type="shared">
					<name>image.size</name>
					<value><![CDATA[w:20,h:20]]></value>
				</property>
			</properties>
			<relations/>
			<accesscontrol/>
		</file>
		<file>
			<source>system/workplace/resources/buttons/underline.png</source>
			<destination>system/workplace/resources/buttons/underline.png</destination>
			<type>image</type>
			<uuidstructure>8ad231c4-11b7-11db-91cd-fdbae480bac9</uuidstructure>
			<uuidresource>c4e5f04f-dd86-11d9-9663-016dc05e1977</uuidresource>
			<datelastmodified>Mon, 27 Mar 2006 12:00:00 GMT</datelastmodified>
			<userlastmodified>Admin</userlastmodified>
			<datecreated>Mon, 27 Jun 2005 08:00:00 GMT</datecreated>
			<usercreated>Admin</usercreated>
			<flags>0</flags>
			<properties>
				<property type="shared">
					<name>image.size</name>
					<value><![CDATA[w:20,h:20]]></value>
				</property>
			</properties>
			<relations/>
			<accesscontrol/>
		</file>
		<file>
			<source>system/workplace/resources/buttons/undo.png</source>
			<destination>system/workplace/resources/buttons/undo.png</destination>
			<type>image</type>
			<uuidstructure>8ad47bb6-11b7-11db-91cd-fdbae480bac9</uuidstructure>
			<uuidresource>c4ea8432-dd86-11d9-9663-016dc05e1977</uuidresource>
			<datelastmodified>Mon, 27 Mar 2006 12:00:00 GMT</datelastmodified>
			<userlastmodified>Admin</userlastmodified>
			<datecreated>Mon, 27 Jun 2005 08:00:00 GMT</datecreated>
			<usercreated>Admin</usercreated>
			<flags>0</flags>
			<properties>
				<property type="shared">
					<name>image.size</name>
					<value><![CDATA[w:20,h:20]]></value>
				</property>
			</properties>
			<relations/>
			<accesscontrol/>
		</file>
		<file>
			<source>system/workplace/resources/buttons/xmledit.png</source>
			<destination>system/workplace/resources/buttons/xmledit.png</destination>
			<type>image</type>
			<uuidstructure>8ad95db8-11b7-11db-91cd-fdbae480bac9</uuidstructure>
			<uuidresource>087ad4c2-ba48-11da-8cb6-0df9507b543e</uuidresource>
			<datelastmodified>Mon, 27 Mar 2006 12:00:00 GMT</datelastmodified>
			<userlastmodified>Admin</userlastmodified>
			<datecreated>Thu, 23 Mar 2006 08:35:50 GMT</datecreated>
			<usercreated>Admin</usercreated>
			<flags>0</flags>
			<properties>
				<property type="shared">
					<name>image.size</name>
					<value><![CDATA[w:20,h:20]]></value>
				</property>
			</properties>
			<relations/>
			<accesscontrol/>
		</file>
		<file>
			<source>system/workplace/resources/buttons/xmledit_add.png</source>
			<destination>system/workplace/resources/buttons/xmledit_add.png</destination>
			<type>image</type>
			<uuidstructure>8adba7ab-11b7-11db-91cd-fdbae480bac9</uuidstructure>
			<uuidresource>1bde0eb7-ba48-11da-8cb6-0df9507b543e</uuidresource>
			<datelastmodified>Mon, 27 Mar 2006 12:00:00 GMT</datelastmodified>
			<userlastmodified>Admin</userlastmodified>
			<datecreated>Thu, 23 Mar 2006 08:36:22 GMT</datecreated>
			<usercreated>Admin</usercreated>
			<flags>0</flags>
			<properties>
				<property type="shared">
					<name>image.size</name>
					<value><![CDATA[w:20,h:20]]></value>
				</property>
			</properties>
			<relations/>
			<accesscontrol/>
		</file>
		<file>
			<source>system/workplace/resources/buttons/xmledit_del.png</source>
			<destination>system/workplace/resources/buttons/xmledit_del.png</destination>
			<type>image</type>
			<uuidstructure>8ade18ae-11b7-11db-91cd-fdbae480bac9</uuidstructure>
			<uuidresource>1bf4f21c-ba48-11da-8cb6-0df9507b543e</uuidresource>
			<datelastmodified>Mon, 27 Mar 2006 12:00:00 GMT</datelastmodified>
			<userlastmodified>Admin</userlastmodified>
			<datecreated>Thu, 23 Mar 2006 08:36:23 GMT</datecreated>
			<usercreated>Admin</usercreated>
			<flags>0</flags>
			<properties>
				<property type="shared">
					<name>image.size</name>
					<value><![CDATA[w:20,h:20]]></value>
				</property>
			</properties>
			<relations/>
			<accesscontrol/>
		</file>
		<file>
			<source>system/workplace/resources/buttons/xmledit_del_add.png</source>
			<destination>system/workplace/resources/buttons/xmledit_del_add.png</destination>
			<type>image</type>
			<uuidstructure>8ae062a1-11b7-11db-91cd-fdbae480bac9</uuidstructure>
			<uuidresource>1bffa081-ba48-11da-8cb6-0df9507b543e</uuidresource>
			<datelastmodified>Mon, 27 Mar 2006 12:00:00 GMT</datelastmodified>
			<userlastmodified>Admin</userlastmodified>
			<datecreated>Thu, 23 Mar 2006 08:36:23 GMT</datecreated>
			<usercreated>Admin</usercreated>
			<flags>0</flags>
			<properties>
				<property type="shared">
					<name>image.size</name>
					<value><![CDATA[w:20,h:20]]></value>
				</property>
			</properties>
			<relations/>
			<accesscontrol/>
		</file>
	</files>
</export>
