<?xml version="1.0" encoding="UTF-8"?>

<BootstrapImages xmlns:xsi="http://www.w3.org/2001/XMLSchema-instance" xsi:noNamespaceSchemaLocation="opencms://system/modules/com.alkacon.bootstrap.schemas/schemas/image.xsd">
  <BootstrapImage language="en">
    <Headline><![CDATA[Activate the toolbar]]></Headline>
    <Text/>
    <Image>
      <link type="WEAK">
        <target><![CDATA[/sites/default/tutorial/.galleries/tutorial-images/tut-01.png]]></target>
        <uuid>798fed0a-47cd-11e3-8474-000c29d28104</uuid>
        <query><![CDATA[__scale=h:300,w:300]]></query>
      </link>
    </Image>
  </BootstrapImage>
</BootstrapImages>
