<?xml version="1.0" encoding="UTF-8"?>

<BootstrapTexts xmlns:xsi="http://www.w3.org/2001/XMLSchema-instance" xsi:noNamespaceSchemaLocation="opencms://system/modules/com.alkacon.bootstrap.schemas/schemas/text.xsd">
  <BootstrapText language="en">
    <Headline><![CDATA[Default login info]]></Headline>
    <Text name="Text0">
      <links/>
      <content><![CDATA[<p><span class="badge badge-orange rounded">Username: Editor</span></p>
<p><span class="badge badge-orange rounded">Password: password</span></p>
<p><em>Please note: This is one of several users created only for this demo. You should make sure to disable / delete these users in a live installation later.</em></p>]]></content>
    </Text>
  </BootstrapText>
</BootstrapTexts>
