<?xml version="1.0" encoding="UTF-8"?>

<BootstrapTexts xmlns:xsi="http://www.w3.org/2001/XMLSchema-instance" xsi:noNamespaceSchemaLocation="opencms://system/modules/com.alkacon.bootstrap.schemas/schemas/text.xsd">
  <BootstrapText language="en">
    <Headline><![CDATA[Preview a page in different devices]]></Headline>
    <Text name="Text0">
      <links/>
      <content><![CDATA[<p>Our demo template (which is used for this introduction) is based on the popular Bootstrap HTML framework. As a result, it is also a responsive template that adujsts to the size of the device.</p>]]></content>
    </Text>
  </BootstrapText>
</BootstrapTexts>
