<?xml version="1.0" encoding="UTF-8"?>

<BootstrapTexts xmlns:xsi="http://www.w3.org/2001/XMLSchema-instance" xsi:noNamespaceSchemaLocation="opencms://system/modules/com.alkacon.bootstrap.schemas/schemas/text.xsd">
  <BootstrapText language="en">
    <Headline><![CDATA[Link to Step 4]]></Headline>
    <Text name="Text0">
      <links/>
      <content><![CDATA[<p>The images above provide a quick intro to using the sitemap editor. In the sitemap editor, you can move existing pages around or create new pages by drag and drop, similar to editing content.</p>
<p>Go ahead and try the sitemap editor. Afterwards, come back and continue the introduction tour with the device preview.</p>]]></content>
    </Text>
    <Link>
      <Text><![CDATA[Continue with step 4: Preview in a device]]></Text>
      <URI>
        <link internal="true" type="WEAK">
          <target><![CDATA[/sites/default/tutorial/step-4-preview-in-a-device/]]></target>
          <uuid>db990f7d-5ae1-11e4-955d-005056b61161</uuid>
        </link>
      </URI>
    </Link>
  </BootstrapText>
</BootstrapTexts>
