<?xml version="1.0" encoding="UTF-8"?>

<BootstrapTexts xmlns:xsi="http://www.w3.org/2001/XMLSchema-instance" xsi:noNamespaceSchemaLocation="opencms://system/modules/com.alkacon.bootstrap.schemas/schemas/text.xsd">
  <BootstrapText language="en">
    <Headline><![CDATA[Start exploring OpenCms]]></Headline>
    <Text name="Text0">
      <links>
        <link name="link0" internal="true" type="A">
          <target><![CDATA[/sites/default/grid-demo/]]></target>
          <uuid>0d82626d-276b-11e4-96d6-005056b61161</uuid>
        </link>
      </links>
      <content><![CDATA[<h4>Congratulations!</h4>
<p>Now you know how to manage contents in OpenCms. Of course, there are many more possibilities. OpenCms is a full featured website CMS that allows creation of the most demanding websites.</p>
<h4>Click on any of the boxes below to continue exploring</h4>
<p>The <strong><em>Release Notes</em></strong> contain information about what is new this OpenCms release. Our <em><strong>Documentation</strong></em> contains in depth information about how to manage and develop websites with OpenCms.</p>
<p>We recommend you start with the <a href="%(link0)"><em><strong>OpenCms Demo Website</strong></em></a>, which provides a full featured, nice looking example.</p>]]></content>
    </Text>
  </BootstrapText>
</BootstrapTexts>
