<?xml version="1.0" encoding="UTF-8"?>

<BootstrapTexts xmlns:xsi="http://www.w3.org/2001/XMLSchema-instance" xsi:noNamespaceSchemaLocation="opencms://system/modules/com.alkacon.bootstrap.schemas/schemas/text.xsd">
  <BootstrapText language="en">
    <Headline><![CDATA[There is a lot more to discover]]></Headline>
    <Text name="Text0">
      <links/>
      <content><![CDATA[<p>To get an impression about what else is available in OpenCms, use the login box on this page to logout as "Editor" and then log in with the user name "<strong>Admin</strong>" and the password "<strong>admin</strong>". Then click the <em><strong>Show menu</strong></em> on the toolbar and select <em><strong>Show workplace</strong></em>. This will bring up the OpenCms Workplace, our "power user" interface. There you can see the internal file structure of the pages that have been created, modify permissions and maintain other system aspects.</p>]]></content>
    </Text>
  </BootstrapText>
</BootstrapTexts>
