<?xml version="1.0" encoding="UTF-8"?>

<BootstrapTexts xmlns:xsi="http://www.w3.org/2001/XMLSchema-instance" xsi:noNamespaceSchemaLocation="opencms://system/modules/com.alkacon.bootstrap.schemas/schemas/text.xsd">
  <BootstrapText language="en">
    <Headline><![CDATA[Activate the OpenCms Toolbar]]></Headline>
    <Text name="Text0">
      <links/>
      <content><![CDATA[<p>So you are logged in and wonder where the controls are? Look to the upper right corner of the screen. See the OpenCms "edit point" icon? <strong>Click this to activate the toolbar!</strong></p>
<h3>Now let's add some content to this page</h3>
<ul>
<li><strong>Step 1:</strong> Click on the <em><strong>Add content</strong></em> button in the toolbar. You get a list of the available content types that you can add to the page.</li>
<li><strong>Step 2:</strong> Click on the first entry "Text". You get a list of text blocks that have already been created.</li>
<li><strong>Step 3:</strong> Move the mouse cursor over the entries in the list. On the right hand side of the element box you will see some icons appear.</li>
<li><strong>Step 4:</strong> Move the cursor over the <em><strong>Move to page </strong></em>icon, click and drag one element into the page. Possible target areas will be highlighted. Place the content anywhere you like.</li>
</ul>]]></content>
    </Text>
  </BootstrapText>
</BootstrapTexts>
