<?xml version="1.0" encoding="UTF-8"?>

<BootstrapTexts xmlns:xsi="http://www.w3.org/2001/XMLSchema-instance" xsi:noNamespaceSchemaLocation="opencms://system/modules/com.alkacon.bootstrap.schemas/schemas/text.xsd">
  <BootstrapText language="en">
    <Headline><![CDATA[Further login options]]></Headline>
    <Text name="Text0">
      <links/>
      <content><![CDATA[<p>Once you have successfully logged in, please continue to the next step. </p>]]></content>
    </Text>
    <Link>
      <Text><![CDATA[Continue with Step 1: Modify a page]]></Text>
      <URI>
        <link internal="true" type="WEAK">
          <target><![CDATA[/sites/default/tutorial/step-1-modify-a-page/]]></target>
          <uuid>aa24899f-5ae1-11e4-955d-005056b61161</uuid>
        </link>
      </URI>
    </Link>
  </BootstrapText>
</BootstrapTexts>
