<?xml version="1.0" encoding="UTF-8"?>

<UserGeneratedContentFormConfigurations xmlns:xsi="http://www.w3.org/2001/XMLSchema-instance" xsi:noNamespaceSchemaLocation="opencms://system/modules/org.opencms.ugc/schemas/ugc_config.xsd">
  <UserGeneratedContentFormConfiguration language="en">
    <Title><![CDATA[Blog UGC form configuration]]></Title>
    <ContentType><![CDATA[bs-blog]]></ContentType>
    <ContentPath>
      <link type="WEAK">
        <target><![CDATA[/sites/default/grid-demo/.content/blogentries/]]></target>
        <uuid>f4492ac5-59f6-11e4-99ba-005056b61161</uuid>
      </link>
    </ContentPath>
    <NamePattern><![CDATA[be_%(number).xml]]></NamePattern>
    <Locale><![CDATA[en]]></Locale>
    <AutoPublish>true</AutoPublish>
    <UserForGuest><![CDATA[Admin]]></UserForGuest>
    <ProjectGroup><![CDATA[Administrators]]></ProjectGroup>
    <UploadPath>
      <link type="WEAK">
        <target><![CDATA[/sites/default/grid-demo/.content/blogentries/images-ugc/]]></target>
        <uuid>fbe655bc-5abe-11e4-955d-005056b61161</uuid>
      </link>
    </UploadPath>
    <ValidExtensions><![CDATA[.png;.jpg;.jpeg;.gif]]></ValidExtensions>
  </UserGeneratedContentFormConfiguration>
</UserGeneratedContentFormConfigurations>
