<?xml version="1.0" encoding="UTF-8"?>

<NewFormatters xmlns:xsi="http://www.w3.org/2001/XMLSchema-instance" xsi:noNamespaceSchemaLocation="opencms://system/modules/org.opencms.ade.config/schemas/formatters/new_formatter.xsd">
  <NewFormatter language="en">
    <NiceName><![CDATA[Demo Source Formatter]]></NiceName>
    <Type><![CDATA[documentation-demo-source]]></Type>
    <Jsp>
      <link type="WEAK">
        <target><![CDATA[/system/modules/com.alkacon.opencms.documentation/formatters/documentation-demo-source-formatter.jsp]]></target>
        <uuid>574f96dd-1e2e-11e4-8373-d9f74955ba1b</uuid>
      </link>
    </Jsp>
    <Rank><![CDATA[1000]]></Rank>
    <Match>
      <Types>
        <ContainerType><![CDATA[documentation-section]]></ContainerType>
      </Types>
    </Match>
    <Preview>false</Preview>
    <SearchContent>true</SearchContent>
    <AutoEnabled>true</AutoEnabled>
    <Detail>true</Detail>
    <NestedContainers>false</NestedContainers>
    <HeadIncludeCss>
      <CssLink>
        <link type="WEAK">
          <target><![CDATA[/system/modules/com.alkacon.opencms.documentation/resources/highlight-js/styles/default.css]]></target>
          <uuid>3d6be70e-00f0-11e4-aa3f-1305b26fecac</uuid>
        </link>
      </CssLink>
    </HeadIncludeCss>
    <HeadIncludeJs>
      <JavascriptInline><![CDATA[function cms_ade_closeEditorDialog() {
  location.reload();
}

hljs.initHighlightingOnLoad();]]></JavascriptInline>
      <JavascriptLink>
        <link type="WEAK">
          <target><![CDATA[/system/modules/com.alkacon.opencms.documentation/resources/highlight-js/highlight.pack.js]]></target>
          <uuid>29b86a38-00f0-11e4-aa3f-1305b26fecac</uuid>
        </link>
      </JavascriptLink>
    </HeadIncludeJs>
    <Setting>
      <PropertyName><![CDATA[display]]></PropertyName>
      <DisplayName><![CDATA[Display]]></DisplayName>
      <Description><![CDATA[Choose, what to display, when the source is shown.]]></Description>
      <Widget><![CDATA[select]]></Widget>
      <Default><![CDATA[linkandsource]]></Default>
      <WidgetConfig><![CDATA[linkandsource:Link and Source|link:Link only|source:Source only]]></WidgetConfig>
    </Setting>
    <Setting>
      <PropertyName><![CDATA[heightoffline]]></PropertyName>
      <DisplayName><![CDATA[Offline height]]></DisplayName>
      <Description><![CDATA[The height of the source in Offline-Mode]]></Description>
      <Widget><![CDATA[combo]]></Widget>
      <Default><![CDATA[400]]></Default>
      <WidgetConfig><![CDATA[0:0|100:100|200:200|300:300|400:400|500:500|600:600|700:700|800:800|900:900|1000:1000]]></WidgetConfig>
      <RuleRegex><![CDATA[\d{1,5}]]></RuleRegex>
      <RuleType><![CDATA[warning]]></RuleType>
      <Error><![CDATA[The width sould be given as integer value between 0 (auto) and 99999.]]></Error>
    </Setting>
    <Setting>
      <PropertyName><![CDATA[heightonline]]></PropertyName>
      <DisplayName><![CDATA[Online height]]></DisplayName>
      <Description><![CDATA[The height of the source in Online-Mode]]></Description>
      <Widget><![CDATA[combo]]></Widget>
      <Default><![CDATA[0]]></Default>
      <WidgetConfig><![CDATA[0:0|100:100|200:200|300:300|400:400|500:500|600:600|700:700|800:800|900:900|1000:1000]]></WidgetConfig>
      <RuleRegex><![CDATA[\d{1,5}]]></RuleRegex>
      <RuleType><![CDATA[warning]]></RuleType>
      <Error><![CDATA[The width sould be given as integer value between 0 (auto) and 99999.]]></Error>
    </Setting>
  </NewFormatter>
</NewFormatters>
