<?xml version="1.0" encoding="UTF-8"?>

<NewFormatters xmlns:xsi="http://www.w3.org/2001/XMLSchema-instance" xsi:noNamespaceSchemaLocation="opencms://system/modules/org.opencms.ade.config/schemas/formatters/new_formatter.xsd">
  <NewFormatter language="en">
    <NiceName><![CDATA[Sample formatter for Documentation code block]]></NiceName>
    <Type><![CDATA[documentation-codeblock]]></Type>
    <Jsp>
      <link type="WEAK">
        <target><![CDATA[/system/modules/com.alkacon.opencms.documentation/formatters/documentation-codeblock-formatter.jsp]]></target>
        <uuid>f29b9a7b-fd33-11e3-8938-fb93821e3720</uuid>
      </link>
    </Jsp>
    <Rank><![CDATA[1000]]></Rank>
    <Match>
      <Types>
        <ContainerType><![CDATA[documentation-section]]></ContainerType>
      </Types>
    </Match>
    <Preview>false</Preview>
    <SearchContent>true</SearchContent>
    <AutoEnabled>true</AutoEnabled>
    <Detail>true</Detail>
    <NestedContainers>false</NestedContainers>
    <HeadIncludeCss>
      <CssLink>
        <link type="WEAK">
          <target><![CDATA[/system/modules/com.alkacon.opencms.documentation/resources/highlight-js/styles/default.css]]></target>
          <uuid>3d6be70e-00f0-11e4-aa3f-1305b26fecac</uuid>
        </link>
      </CssLink>
      <CssLink>
        <link type="WEAK">
          <target><![CDATA[/system/modules/com.alkacon.opencms.documentation/resources/stylesheets/linenumbers.css]]></target>
          <uuid>f7470b65-4315-11e4-a380-6725b2578a6f</uuid>
        </link>
      </CssLink>
    </HeadIncludeCss>
    <HeadIncludeJs>
      <JavascriptLink>
        <link type="WEAK">
          <target><![CDATA[/system/modules/com.alkacon.opencms.documentation/resources/js/linenumbers.js]]></target>
          <uuid>c2674722-4315-11e4-a380-6725b2578a6f</uuid>
        </link>
      </JavascriptLink>
      <JavascriptLink>
        <link type="WEAK">
          <target><![CDATA[/system/modules/com.alkacon.opencms.documentation/resources/highlight-js/highlight.pack.js]]></target>
          <uuid>29b86a38-00f0-11e4-aa3f-1305b26fecac</uuid>
        </link>
      </JavascriptLink>
      <JavascriptInline><![CDATA[hljs.configure({
   languages: ['jsp', 'java', 'html', 'javascript', 'css', 'bash']
});
hljs.initHighlightingOnLoad();
$(document).ready(function() {
   addLineNumbers();
});]]></JavascriptInline>
    </HeadIncludeJs>
    <Setting>
      <PropertyName><![CDATA[linenumbers]]></PropertyName>
      <DisplayName><![CDATA[Show line numbers]]></DisplayName>
      <Widget><![CDATA[checkbox]]></Widget>
      <Default><![CDATA[false]]></Default>
    </Setting>
  </NewFormatter>
</NewFormatters>
