<?xml version="1.0" encoding="UTF-8"?>

<NewFormatters xmlns:xsi="http://www.w3.org/2001/XMLSchema-instance" xsi:noNamespaceSchemaLocation="opencms://system/modules/org.opencms.ade.config/schemas/formatters/new_formatter.xsd">
  <NewFormatter language="en">
    <NiceName><![CDATA[Sample formatter for Documentation definition list]]></NiceName>
    <Type><![CDATA[documentation-definition-list]]></Type>
    <Jsp>
      <link type="WEAK">
        <target><![CDATA[/system/modules/com.alkacon.opencms.documentation/formatters/documentation-definition-list-formatter.jsp]]></target>
        <uuid>bc1ddec8-005d-11e4-8f23-1305b26fecac</uuid>
      </link>
    </Jsp>
    <Rank><![CDATA[1000]]></Rank>
    <Match>
      <Types>
        <ContainerType><![CDATA[documentation-section]]></ContainerType>
      </Types>
    </Match>
    <Preview>false</Preview>
    <SearchContent>true</SearchContent>
    <AutoEnabled>true</AutoEnabled>
    <Detail>true</Detail>
    <NestedContainers>false</NestedContainers>
    <HeadIncludeCss>
      <CssLink>
        <link type="WEAK">
          <target><![CDATA[/system/modules/com.alkacon.opencms.documentation/resources/stylesheets/definition-list.css]]></target>
          <uuid>bf4278bd-26c3-11e4-be78-49dbf0abad32</uuid>
        </link>
      </CssLink>
    </HeadIncludeCss>
    <Setting>
      <PropertyName><![CDATA[style]]></PropertyName>
      <DisplayName><![CDATA[Style]]></DisplayName>
      <Description><![CDATA[Change the style of the list]]></Description>
      <Widget><![CDATA[select]]></Widget>
      <Default><![CDATA[default]]></Default>
      <WidgetConfig><![CDATA[default:Default style|compact:Compact style]]></WidgetConfig>
    </Setting>
  </NewFormatter>
</NewFormatters>
