<?xml version="1.0" encoding="UTF-8"?>

<DocumentationHtmls xmlns:xsi="http://www.w3.org/2001/XMLSchema-instance" xsi:noNamespaceSchemaLocation="opencms://system/modules/com.alkacon.opencms.documentation/schemas/documentation-html.xsd">
  <DocumentationHtml language="en">
    <Html name="Html0">
      <links/>
      <content><![CDATA[<p>Of course, the <code>param</code> attribute on containers is very flexible and may have many more realistic use cases than the one shown here.</p>]]></content>
    </Html>
  </DocumentationHtml>
</DocumentationHtmls>
