<?xml version="1.0" encoding="UTF-8"?>

<DocumentationHtmls xmlns:xsi="http://www.w3.org/2001/XMLSchema-instance" xsi:noNamespaceSchemaLocation="opencms://system/modules/com.alkacon.opencms.documentation/schemas/documentation-html.xsd">
  <DocumentationHtml language="en">
    <Html name="Html0">
      <links/>
      <content><![CDATA[<p>The result shows a layout element that exposes different containers. Click on the upper-right edit point in the result to edit the layout element. For each container the layout element introduces, edit permissions can be set via "EditableBy". Here you can choose roles - log in as a user that has not the required role to experience that you can not add or delete elements from the container. In general, it is also possible to set edit permissions for groups or single users.</p>
<p>Play with the layout element and drop elements in the containers exposed by the layout element. You can also add another layout element. Be aware that the demo articles will only fit in containers of type "nested-demo-content".</p>]]></content>
    </Html>
  </DocumentationHtml>
</DocumentationHtmls>
