<?xml version="1.0" encoding="UTF-8"?>

<DocumentationHtmls xmlns:xsi="http://www.w3.org/2001/XMLSchema-instance" xsi:noNamespaceSchemaLocation="opencms://system/modules/com.alkacon.opencms.documentation/schemas/documentation-html.xsd">
  <DocumentationHtml language="en">
    <Html name="Html0">
      <links/>
      <content><![CDATA[<p>The formatter used for articles in the nested containers read the surounding container's param attribute and output the value. Look for <code>${cms.container.param}</code> in the formatter code below.</p>]]></content>
    </Html>
  </DocumentationHtml>
</DocumentationHtmls>
