<?xml version="1.0" encoding="UTF-8"?>

<DocumentationHtmls xmlns:xsi="http://www.w3.org/2001/XMLSchema-instance" xsi:noNamespaceSchemaLocation="opencms://system/modules/com.alkacon.opencms.documentation/schemas/documentation-html.xsd">
  <DocumentationHtml language="en">
    <Html name="Html0">
      <links/>
      <content><![CDATA[<p>If you are offline you can open the sitemap editor from this page and reorder the sub-pages of the navigation level. See what happens if you click on the navigation level again. It should redirect to the first sub-page of the navigation, equal which page this is.</p>]]></content>
    </Html>
  </DocumentationHtml>
</DocumentationHtmls>
