<?xml version="1.0" encoding="UTF-8"?>

<DocumentationHtmls xmlns:xsi="http://www.w3.org/2001/XMLSchema-instance" xsi:noNamespaceSchemaLocation="opencms://system/modules/com.alkacon.opencms.documentation/schemas/documentation-html.xsd">
  <DocumentationHtml language="en">
    <Html name="Html0">
      <links/>
      <content><![CDATA[<div class="alert alert-danger">The examples will only work online since caching is disabled offline (in the default flex cache configuration)!</div>
<p>Below you find three examples. Each example is a dynamic function, whose provider JSP includes another JSP. Reload this page in the online project and see how time changes (or not). Also note, that the navigation renders differently on different pages. For each page one version is cached.</p>]]></content>
    </Html>
  </DocumentationHtml>
</DocumentationHtmls>
