<?xml version="1.0" encoding="UTF-8"?>

<DocumentationHtmls xmlns:xsi="http://www.w3.org/2001/XMLSchema-instance" xsi:noNamespaceSchemaLocation="opencms://system/modules/com.alkacon.opencms.documentation/schemas/documentation-html.xsd">
  <DocumentationHtml language="en">
    <Html name="Html0">
      <links/>
      <content><![CDATA[<p>Below you see the same demo article content, but with different element settings.</p>
<p>If you are in offline mode, you see edit points at the demo articles. Hover over the edit points and click the small gear wheel that appears to edit the element settings. See how the articles appearance changes if the settings are altered.</p>]]></content>
    </Html>
  </DocumentationHtml>
</DocumentationHtmls>
