<?xml version="1.0" encoding="UTF-8"?>

<DocumentationHtmls xmlns:xsi="http://www.w3.org/2001/XMLSchema-instance" xsi:noNamespaceSchemaLocation="opencms://system/modules/com.alkacon.opencms.documentation/schemas/documentation-html.xsd">
  <DocumentationHtml language="en">
    <Html name="Html0">
      <links/>
      <content><![CDATA[<p>The second component, the function provider is a JSP that renders the shown content and therefore it may read parameters and element settings from the function.</p>
<p>Here is the code of the provider from the above example.</p>]]></content>
    </Html>
  </DocumentationHtml>
</DocumentationHtmls>
