<?xml version="1.0" encoding="UTF-8"?>

<DocumentationHtmls xmlns:xsi="http://www.w3.org/2001/XMLSchema-instance" xsi:noNamespaceSchemaLocation="opencms://system/modules/com.alkacon.opencms.documentation/schemas/documentation-html.xsd">
  <DocumentationHtml language="en">
    <Html name="Html0">
      <links/>
      <content><![CDATA[<p>The navigation level is added via the sitemap editor. Open the "Add wizard", choose the tab "Function pages" and drag the navigation level to drop it into your sitemap. Sub-pages are added as usual container pages.</p>
<p>In the sitemap editor, the navigation level is highlighted as a blue folder. Below, you see the sitemap for the example presented here.</p>]]></content>
    </Html>
  </DocumentationHtml>
</DocumentationHtmls>
