<?xml version="1.0" encoding="UTF-8"?>

<DocumentationHtmls xmlns:xsi="http://www.w3.org/2001/XMLSchema-instance" xsi:noNamespaceSchemaLocation="opencms://system/modules/com.alkacon.opencms.documentation/schemas/documentation-html.xsd">
  <DocumentationHtml language="en">
    <Html name="Html0">
      <links/>
      <content><![CDATA[<p>The following example content is a dynamic function with parameters and settings configured. The function provider displays the parameters and settings and uses them to format a date.</p>
<p>If you are offline, edit the dynamic function and see how its appearance changes. Moreover, you can add the dynamic function again ("Add content" -&gt; "Dynamic functions" -&gt; "Demo dynamic function".</p>]]></content>
    </Html>
  </DocumentationHtml>
</DocumentationHtmls>
