<?xml version="1.0" encoding="UTF-8"?>

<DocumentationHtmls xmlns:xsi="http://www.w3.org/2001/XMLSchema-instance" xsi:noNamespaceSchemaLocation="opencms://system/modules/com.alkacon.opencms.documentation/schemas/documentation-html.xsd">
  <DocumentationHtml language="en">
    <Html name="Html0">
      <links>
        <link name="link0" internal="false" type="A">
          <target><![CDATA[http://files.opencms.org/javadoc/core/org/opencms/jsp/util/CmsJspStandardContextBean.html]]></target>
        </link>
      </links>
      <content><![CDATA[<div class="alert alert-info">Find out, what OpenCms-specific information is accessible via the <code>cms</code>, an object of type <code>org.opencms.jsp.util.CmsJspStandardContextBean</code> by consulting the <a href="%(link0)">JavaDoc</a>.</div>]]></content>
    </Html>
  </DocumentationHtml>
</DocumentationHtmls>
