<?xml version="1.0" encoding="UTF-8"?>

<DocumentationHtmls xmlns:xsi="http://www.w3.org/2001/XMLSchema-instance" xsi:noNamespaceSchemaLocation="opencms://system/modules/com.alkacon.opencms.documentation/schemas/documentation-html.xsd">
  <DocumentationHtml language="en">
    <Html name="Html0">
      <links/>
      <content><![CDATA[<p>Just one resource is interesting for this example: the function provider for the above displayed function. Look at the EL expressions starting with <code>cms.container</code>, <code>cms.page</code> and on the expression <code>cms.edited</code>. These provide the displayed information.</p>]]></content>
    </Html>
  </DocumentationHtml>
</DocumentationHtmls>
