<?xml version="1.0" encoding="UTF-8"?>

<DocumentationHtmls xmlns:xsi="http://www.w3.org/2001/XMLSchema-instance" xsi:noNamespaceSchemaLocation="opencms://system/modules/com.alkacon.opencms.documentation/schemas/documentation-html.xsd">
  <DocumentationHtml language="en">
    <Html name="Html0">
      <links>
        <link name="link0" internal="true" type="A">
          <target><![CDATA[/sites/default/documentation/demos/navigation-level/]]></target>
          <uuid>c1a5bcca-2206-11e4-9aa0-d9f74955ba1b</uuid>
        </link>
      </links>
      <content><![CDATA[<div class="alert alert-info"><a href="%(link0)">Go back to the main demo page.</a></div>]]></content>
    </Html>
  </DocumentationHtml>
</DocumentationHtmls>
