<?xml version="1.0" encoding="UTF-8"?>

<DocumentationHtmls xmlns:xsi="http://www.w3.org/2001/XMLSchema-instance" xsi:noNamespaceSchemaLocation="opencms://system/modules/com.alkacon.opencms.documentation/schemas/documentation-html.xsd">
  <DocumentationHtml language="en">
    <Html name="Html0">
      <links/>
      <content><![CDATA[<p>A dynamic function consists of two main parts: the function itself and a function provider, that is kind of a formatter for the function.</p>
<p>The function itself is an XML content where the provider, element settings and parameters passed to the function provider are configured. Moreover, the containers where the function can be rendered (optionally with different providers) can be defined. Below, the function for the above example is shown. It also opens, when you edit the above example.</p>]]></content>
    </Html>
  </DocumentationHtml>
</DocumentationHtmls>
