<?xml version="1.0" encoding="UTF-8"?>

<DocumentationHtmls xmlns:xsi="http://www.w3.org/2001/XMLSchema-instance" xsi:noNamespaceSchemaLocation="opencms://system/modules/com.alkacon.opencms.documentation/schemas/documentation-html.xsd">
  <DocumentationHtml language="en">
    <Html name="Html0">
      <links/>
      <content><![CDATA[<p>It is possible to map every other element instead of Title. If no element is mapped, the resource-id of the article content would be used for the content-specific URL part.</p>]]></content>
    </Html>
  </DocumentationHtml>
</DocumentationHtmls>
