<?xml version="1.0" encoding="UTF-8"?>

<DocumentationHtmls xmlns:xsi="http://www.w3.org/2001/XMLSchema-instance" xsi:noNamespaceSchemaLocation="opencms://system/modules/com.alkacon.opencms.documentation/schemas/documentation-html.xsd">
  <DocumentationHtml language="en">
    <Html name="Html0">
      <links/>
      <content><![CDATA[<p>If detail pages for a content type are allowed (what is configured in the module configuration of the module where the resource type is defined), you can add a detail page via the sitemap editor. Therefore, go to the sitemap editor, open the "Add wizard" and choose the tab "Detail pages". Now you can select the detail page for your type and drop it in the sitemap.</p>
<p>In the example, we added the page "Article detail pages" as detail page for the type "documentation-demo-article". The page is marked as such a detail page in the sitemap by stating the type in brackets and using the type's icon for the page entry:</p>]]></content>
    </Html>
  </DocumentationHtml>
</DocumentationHtmls>
