<?xml version="1.0" encoding="UTF-8"?>

<DocumentationHtmls xmlns:xsi="http://www.w3.org/2001/XMLSchema-instance" xsi:noNamespaceSchemaLocation="opencms://system/modules/com.alkacon.opencms.documentation/schemas/documentation-html.xsd">
  <DocumentationHtml language="en">
    <Html name="Html0">
      <links/>
      <content><![CDATA[<p>The list, shown in the example is generated by a dynamic function. The function provider looks as follows:</p>
<div class="alert alert-info">In the dynamic function that uses the provider, the parameters folder, type and count are specified. If offline, click on the function's edit point in the result section.</div>]]></content>
    </Html>
  </DocumentationHtml>
</DocumentationHtmls>
