<?xml version="1.0" encoding="UTF-8"?>

<DocumentationHtmls xmlns:xsi="http://www.w3.org/2001/XMLSchema-instance" xsi:noNamespaceSchemaLocation="opencms://system/modules/com.alkacon.opencms.documentation/schemas/documentation-html.xsd">
  <DocumentationHtml language="en">
    <Html name="Html0">
      <links/>
      <content><![CDATA[<p>If you are offline, you may move or edit the dynamic function shown as result and see how values change.</p>
<div class="alert alert-info">You may wonder about the container's name: When a container is nested, it's name is generated automatically out of its name, its parents' names and the parents' element ids.</div>]]></content>
    </Html>
  </DocumentationHtml>
</DocumentationHtmls>
