<?xml version="1.0" encoding="UTF-8"?>

<DocumentationHtmls xmlns:xsi="http://www.w3.org/2001/XMLSchema-instance" xsi:noNamespaceSchemaLocation="opencms://system/modules/com.alkacon.opencms.documentation/schemas/documentation-html.xsd">
  <DocumentationHtml language="en">
    <Html name="Html0">
      <links/>
      <content><![CDATA[<p>For the above example a special formatter for the "Demo Article" content was created and configured. In the formatter configuration the element settings are configured, while in the formatter, the settings are read. Depending on values of the settings, the content is formatted differently.</p>
<p>The configuration is done in the "Supported Settings" tab of the formatter configuration. See the tab "Supported Settings" in the configuration below.</p>]]></content>
    </Html>
  </DocumentationHtml>
</DocumentationHtmls>
