<?xml version="1.0" encoding="UTF-8"?>

<DocumentationHtmls xmlns:xsi="http://www.w3.org/2001/XMLSchema-instance" xsi:noNamespaceSchemaLocation="opencms://system/modules/com.alkacon.opencms.documentation/schemas/documentation-html.xsd">
  <DocumentationHtml language="en">
    <Html name="Html0">
      <links/>
      <content><![CDATA[<p>The demo article content has an element <code>Script</code> of type <code>OpenCmsString</code>. Edit the above content presented as result to see its structure. To let you paste and edit scripts easily the <code>TextareaWidget</code> is configured for the <code>Script</code> element. Have a look at the <code>&lt;layout&gt;</code>-node in the XSD that defines the widget:</p>]]></content>
    </Html>
  </DocumentationHtml>
</DocumentationHtmls>
