<?xml version="1.0" encoding="UTF-8"?>

<DocumentationHtmls xmlns:xsi="http://www.w3.org/2001/XMLSchema-instance" xsi:noNamespaceSchemaLocation="opencms://system/modules/com.alkacon.opencms.documentation/schemas/documentation-html.xsd">
  <DocumentationHtml language="en">
    <Html name="Html0">
      <links/>
      <content><![CDATA[<p>See the site navigation at the left. Beneath the current page, you find the page "I'm a navigation level". Click it and see the result.</p>]]></content>
    </Html>
  </DocumentationHtml>
</DocumentationHtmls>
