<?xml version="1.0" encoding="UTF-8"?>

<DocumentationHtmls xmlns:xsi="http://www.w3.org/2001/XMLSchema-instance" xsi:noNamespaceSchemaLocation="opencms://system/modules/com.alkacon.opencms.documentation/schemas/documentation-html.xsd">
  <DocumentationHtml language="en">
    <Html name="Html0">
      <links/>
      <content><![CDATA[<p>To create a function detail page, first create a normal dynamic function and its function provider. Preferably, place them in a module.</p>
<p>Below, you see the function for displaying the calculations result and its provider. Note that neither parameters nor element settings are configured.</p>]]></content>
    </Html>
  </DocumentationHtml>
</DocumentationHtmls>
