<?xml version="1.0" encoding="UTF-8"?>

<DocumentationHtmls xmlns:xsi="http://www.w3.org/2001/XMLSchema-instance" xsi:noNamespaceSchemaLocation="opencms://system/modules/com.alkacon.opencms.documentation/schemas/documentation-html.xsd">
  <DocumentationHtml language="en">
    <Html name="Html0">
      <links/>
      <content><![CDATA[<p>Enter numbers and click "Calculate". This will redirect you the the configured function detail page and display the result. Press you browser "Back" button to get back to this page.</p>]]></content>
    </Html>
  </DocumentationHtml>
</DocumentationHtmls>
