<?xml version="1.0" encoding="UTF-8"?>

<DocumentationHtmls xmlns:xsi="http://www.w3.org/2001/XMLSchema-instance" xsi:noNamespaceSchemaLocation="opencms://system/modules/com.alkacon.opencms.documentation/schemas/documentation-html.xsd">
  <DocumentationHtml language="en">
    <Html name="Html0">
      <links/>
      <content><![CDATA[<p>Click on the headings of the list entries to see their detail views. If you are offline, you might also change some parameters of the function that provides the list.</p>
<div class="alert alert-info">In the detail view a special formatter is used. It displays the title, the text and the image, if present. Hence, it may happens that the content says "Do something!" - but you simply can't because of the different formatter that is used. Or the article might describe somethings thats not true for its detail view formatter.</div>]]></content>
    </Html>
  </DocumentationHtml>
</DocumentationHtmls>
