<?xml version="1.0" encoding="UTF-8"?>

<DocumentationHtmls xmlns:xsi="http://www.w3.org/2001/XMLSchema-instance" xsi:noNamespaceSchemaLocation="opencms://system/modules/com.alkacon.opencms.documentation/schemas/documentation-html.xsd">
  <DocumentationHtml language="en">
    <Html name="Html0">
      <links/>
      <content><![CDATA[<p>Note that there are two ways to add head includes: either inline, as the styles are added, or as link, as the JavaScript is added. If offline, hover over the edit points at the includes to see that more includes, inline and link mixed, are possible.</p>
<p>Just to complete the example, here is the included JavaScript:</p>]]></content>
    </Html>
  </DocumentationHtml>
</DocumentationHtmls>
