<?xml version="1.0" encoding="UTF-8"?>

<DocumentationHtmls xmlns:xsi="http://www.w3.org/2001/XMLSchema-instance" xsi:noNamespaceSchemaLocation="opencms://system/modules/com.alkacon.opencms.documentation/schemas/documentation-html.xsd">
  <DocumentationHtml language="en">
    <Html name="Html0">
      <links/>
      <content><![CDATA[<p><strong>Second, the function is exported as named function</strong> by a module. Here, it is configured in the module <code>com.alkacon.opencms.documentation</code> as shown below. The configuration is done in the <code>.config</code> file of the module in the tab "Function". Offline, you can follow the link to see the configuration file.</p>]]></content>
    </Html>
  </DocumentationHtml>
</DocumentationHtmls>
