<?xml version="1.0" encoding="UTF-8"?>

<DocumentationHtmls xmlns:xsi="http://www.w3.org/2001/XMLSchema-instance" xsi:noNamespaceSchemaLocation="opencms://system/modules/com.alkacon.opencms.documentation/schemas/documentation-html.xsd">
  <DocumentationHtml language="en">
    <Html name="Html0">
      <links/>
      <content><![CDATA[<p>The interesting spot is the node <code>&lt;editorchangehandlers&gt;</code>. Here the dependencies are defined. Each sub-node <code>&lt;editorchangehandler&gt;</code> has three attributes:</p>]]></content>
    </Html>
  </DocumentationHtml>
</DocumentationHtmls>
