<?xml version="1.0" encoding="UTF-8"?>

<DocumentationHtmls xmlns:xsi="http://www.w3.org/2001/XMLSchema-instance" xsi:noNamespaceSchemaLocation="opencms://system/modules/com.alkacon.opencms.documentation/schemas/documentation-html.xsd">
  <DocumentationHtml language="en">
    <Html name="Html0">
      <links/>
      <content><![CDATA[<p>What makes the function available as detail function page are several configurations.</p>
<p><strong>First, your template has to be prepared to handle function detail pages</strong>. Therefore, set the property container.info on your template to functionDetail={containername}, where {containername} has to be replaced with the name attribute of the template's &lt;cms:container&gt; tag from the container the function should be displayed in. In the above example, the property is set as follows:</p>]]></content>
    </Html>
  </DocumentationHtml>
</DocumentationHtmls>
