<?xml version="1.0" encoding="UTF-8"?>

<DocumentationHtmls xmlns:xsi="http://www.w3.org/2001/XMLSchema-instance" xsi:noNamespaceSchemaLocation="opencms://system/modules/com.alkacon.opencms.documentation/schemas/documentation-html.xsd">
  <DocumentationHtml language="en">
    <Html name="Html0">
      <links/>
      <content><![CDATA[<p>The simple calculator shown above is a normal dynamic function with function and provider as demonstrated in the dynamic functions demo. The only function detail page specific part is the link to the function detail page in the function provider. It is set as <code>action</code> attribute of the form. The link is: <code>${cms.functionDetail['Demo: Calculation result']}</code>. Where the given name is the name of the "named function" to whose detail page we link.</p>
<p>Below, you see the source of the function provider of the simple calculator.</p>]]></content>
    </Html>
  </DocumentationHtml>
</DocumentationHtmls>
