<?xml version="1.0" encoding="UTF-8"?>

<DocumentationHtmls xmlns:xsi="http://www.w3.org/2001/XMLSchema-instance" xsi:noNamespaceSchemaLocation="opencms://system/modules/com.alkacon.opencms.documentation/schemas/documentation-html.xsd">
  <DocumentationHtml language="en">
    <Html name="Html0">
      <links/>
      <content><![CDATA[<p>While the first part of the URL of the detail view of an article is quite clear: It is the detail pages URL, the last, content-specific part is not that obvious. In the demo, it is generated from the article's Title elements. This behavior is configured in the content type definition of the article. In the &lt;appinfo&gt;-part a mapping from the Title element to urlName is configured:</p>]]></content>
    </Html>
  </DocumentationHtml>
</DocumentationHtmls>
