<?xml version="1.0" encoding="UTF-8"?>

<DocumentationHtmls xmlns:xsi="http://www.w3.org/2001/XMLSchema-instance" xsi:noNamespaceSchemaLocation="opencms://system/modules/com.alkacon.opencms.documentation/schemas/documentation-html.xsd">
  <DocumentationHtml language="en">
    <Html name="Html0">
      <links>
        <link name="link0" internal="true" type="A">
          <target><![CDATA[/sites/default/documentation/creating-a-website/creating-a-template-jsp/advanced-template-features/head-includes/]]></target>
          <uuid>6c12ef88-1bdd-11e4-bfa5-b7bfd6088c56</uuid>
          <anchor><![CDATA[enable_headincludes]]></anchor>
        </link>
      </links>
      <content><![CDATA[<p>What the example will show you:</p>
<div class="alert alert-info">Head includes always affect the whole page.</div>
<p>In the example this is apparent from the changed styles for the headings. To avoid such side effects, choose appropriate selectors, as done for example for the change of the text color in the demo article.</p>
<p>What the example does not show: Head includes must be enabled in the template of your page via &lt;cms:headincludes&gt;. Details are found <a href="%(link0)">here</a>.</p>]]></content>
    </Html>
  </DocumentationHtml>
</DocumentationHtmls>
