<?xml version="1.0" encoding="UTF-8"?>

<DocumentationHtmls xmlns:xsi="http://www.w3.org/2001/XMLSchema-instance" xsi:noNamespaceSchemaLocation="opencms://system/modules/com.alkacon.opencms.documentation/schemas/documentation-html.xsd">
  <DocumentationHtml language="en">
    <Html name="Html0">
      <links/>
      <content><![CDATA[<p>In the above example, we formatted the demo article content. All the inline editing "magic" is enabled in the formatter via <code>rdfa</code> annotations at tags.</p>
<p>Below you see the formatter used for the above example.</p>]]></content>
    </Html>
  </DocumentationHtml>
</DocumentationHtmls>
