<?xml version="1.0" encoding="UTF-8"?>

<DocumentationHtmls xmlns:xsi="http://www.w3.org/2001/XMLSchema-instance" xsi:noNamespaceSchemaLocation="opencms://system/modules/com.alkacon.opencms.documentation/schemas/documentation-html.xsd">
  <DocumentationHtml language="en">
    <Html name="Html0">
      <links/>
      <content><![CDATA[<div class="alert alert-info">Note: It is the article's head include alters the style of all headings on the page - that's intended in the example.</div>]]></content>
    </Html>
  </DocumentationHtml>
</DocumentationHtmls>
