<?xml version="1.0" encoding="UTF-8"?>

<DocumentationHtmls xmlns:xsi="http://www.w3.org/2001/XMLSchema-instance" xsi:noNamespaceSchemaLocation="opencms://system/modules/com.alkacon.opencms.documentation/schemas/documentation-html.xsd">
  <DocumentationHtml language="en">
    <Html name="Html0">
      <links/>
      <content><![CDATA[<p>In this demo different things are of interest:</p>
<ul>
<li>How to build the list?</li>
<li>How to add a detail-page for a type?</li>
<li>How to configure the naming scheme for the URLs of detail pages?</li>
</ul>
<p>We discuss these questions in the following subsections.</p>]]></content>
    </Html>
  </DocumentationHtml>
</DocumentationHtmls>
