<?xml version="1.0" encoding="UTF-8"?>

<DocumentationHtmls xmlns:xsi="http://www.w3.org/2001/XMLSchema-instance" xsi:noNamespaceSchemaLocation="opencms://system/modules/com.alkacon.opencms.documentation/schemas/documentation-html.xsd">
  <DocumentationHtml language="en">
    <Html name="Html0">
      <links/>
      <content><![CDATA[<p><strong>Third, a detail page for the function is placed in the sitemap</strong>. Here we placed the page "Calculation result" as subpage of the current page.</p>
<div class="alert alert-info">The page is added via the "Add wizard" using the tab "Detail pages". There you find the dynamic function with its name as title.</div>
<p>Have a look in the sitemap editor to see the function detail page. It is marked with a star, indicating that it is used as detail page and behind its title it is indicated for which function it is used.</p>]]></content>
    </Html>
  </DocumentationHtml>
</DocumentationHtmls>
