<?xml version="1.0" encoding="UTF-8"?>

<DocumentationHtmls xmlns:xsi="http://www.w3.org/2001/XMLSchema-instance" xsi:noNamespaceSchemaLocation="opencms://system/modules/com.alkacon.opencms.documentation/schemas/documentation-html.xsd">
  <DocumentationHtml language="en">
    <Html name="Html0">
      <links/>
      <content><![CDATA[<p>The interesting parts here are not the JSPs itself, but the properties set there.</p>
<p>If you are offline: Open the workplace's explorer view in the root site and go to the following folder to see the resources used in the examples:</p>]]></content>
    </Html>
  </DocumentationHtml>
</DocumentationHtmls>
