<?xml version="1.0" encoding="UTF-8"?>

<DocumentationHtmls xmlns:xsi="http://www.w3.org/2001/XMLSchema-instance" xsi:noNamespaceSchemaLocation="opencms://system/modules/com.alkacon.opencms.documentation/schemas/documentation-html.xsd">
  <DocumentationHtml language="en">
    <Html name="Html0">
      <links>
        <link name="link0" internal="true" type="A">
          <target><![CDATA[/sites/default/documentation/demos/flex-cache-settings/index.html]]></target>
          <uuid>fc08b7e8-21e3-11e4-9aa0-d9f74955ba1b</uuid>
        </link>
      </links>
      <content><![CDATA[<p><a href="%(link0)">Go back to the main flex cache demo page.</a></p>]]></content>
    </Html>
  </DocumentationHtml>
</DocumentationHtmls>
