<?xml version="1.0" encoding="UTF-8"?>

<DocumentationHtmls xmlns:xsi="http://www.w3.org/2001/XMLSchema-instance" xsi:noNamespaceSchemaLocation="opencms://system/modules/com.alkacon.opencms.documentation/schemas/documentation-html.xsd">
  <DocumentationHtml language="en">
    <Html name="Html0">
      <links/>
      <content><![CDATA[<p>In this folder, you find all the used resources. Right-click on a resource and choose "Properties" in the context menu to view the properties. In the "Individual properties" tab you find the cache settings.</p>
<p>To see that the JSP's output is really cached, go to the workplace's administration view and choose "Cache Administration". In the frame "Browse cache contents", click "Flex Cache". Then you find a listing of all flex-cache entries. Click on "Variations" (upper-right corner of the listing) to see the different variations that are cached.</p>
<div class="alert alert-info">To find the cached variations of the JSP outputs from the above example, first view it online.</div>]]></content>
    </Html>
  </DocumentationHtml>
</DocumentationHtmls>
