<?xml version="1.0" encoding="UTF-8"?>

<BootstrapIconBoxs xmlns:xsi="http://www.w3.org/2001/XMLSchema-instance" xsi:noNamespaceSchemaLocation="opencms://system/modules/com.alkacon.bootstrap.schemas/schemas/iconbox.xsd">
  <BootstrapIconBox language="en">
    <Headline><![CDATA[Powerful and feature rich CMS]]></Headline>
    <Icon><![CDATA[Star]]></Icon>
    <Text><![CDATA[Lorem ipsum dolor sit amet, consetetur sadipscing elitr, sed diam nonumy eirmod tempor invidunt ut labore et dolore magna aliquyam erat, sed diam voluptua. At vero eos et accusam et justo duo dolores et ea rebum. Stet clita kasd gubergren, no]]></Text>
  </BootstrapIconBox>
</BootstrapIconBoxs>
