<?xml version="1.0" encoding="UTF-8"?>

<BootstrapIconBoxs xmlns:xsi="http://www.w3.org/2001/XMLSchema-instance" xsi:noNamespaceSchemaLocation="opencms://system/modules/com.alkacon.bootstrap.schemas/schemas/iconbox.xsd">
  <BootstrapIconBox language="en">
    <Headline><![CDATA[Powerful and feature rich CMS]]></Headline>
    <Icon><![CDATA[Star]]></Icon>
    <Text><![CDATA[Duis autem vel eum iriure dolor in hendrerit in vulputate velit esse molestie consequat, vel illum dolore eu feugiat nulla facilisis at vero eros.]]></Text>
  </BootstrapIconBox>
</BootstrapIconBoxs>
