<?xml version="1.0" encoding="UTF-8"?>

<BootstrapIconBoxs xmlns:xsi="http://www.w3.org/2001/XMLSchema-instance" xsi:noNamespaceSchemaLocation="opencms://system/modules/com.alkacon.bootstrap.schemas/schemas/iconbox.xsd">
  <BootstrapIconBox language="en">
    <Headline><![CDATA[What is new in OpenCms?]]></Headline>
    <Icon><![CDATA[Lightbulb]]></Icon>
    <Text><![CDATA[Aenean massa. Cum sociis natoque penatibus et magnis dis parturient montes.]]></Text>
  </BootstrapIconBox>
</BootstrapIconBoxs>
