<?xml version="1.0" encoding="UTF-8"?>

<BootstrapIconBoxs xmlns:xsi="http://www.w3.org/2001/XMLSchema-instance" xsi:noNamespaceSchemaLocation="opencms://system/modules/com.alkacon.bootstrap.schemas/schemas/iconbox.xsd">
  <BootstrapIconBox language="en">
    <Headline><![CDATA[OpenCms can do it!]]></Headline>
    <Icon><![CDATA[Thumbs-Up]]></Icon>
    <Text><![CDATA[Lorem ipsum dolor sit amet, consetetur sadipscing elitr, sed diam nonumy eirmod tempor invidunt et dolore magna, sed diam voluptua.]]></Text>
  </BootstrapIconBox>
</BootstrapIconBoxs>
