<?xml version="1.0" encoding="UTF-8"?>

<BootstrapNavigations xmlns:xsi="http://www.w3.org/2001/XMLSchema-instance" xsi:noNamespaceSchemaLocation="opencms://system/modules/com.alkacon.bootstrap.schemas/schemas/navigation.xsd">
  <BootstrapNavigation language="en">
    <Title><![CDATA[Tutorial Side Navigation]]></Title>
    <NavStartLevel><![CDATA[1]]></NavStartLevel>
    <LogoLink>
      <link internal="true" type="WEAK">
        <target><![CDATA[/sites/default/]]></target>
        <uuid>1eac6023-5b72-11e4-869a-005056b61161</uuid>
      </link>
    </LogoLink>
    <Header name="Header0">
      <links/>
      <content/>
    </Header>
  </BootstrapNavigation>
</BootstrapNavigations>
