<?xml version="1.0" encoding="UTF-8"?>

<AlkaconDocumentationGlossars xmlns:xsi="http://www.w3.org/2001/XMLSchema-instance" xsi:noNamespaceSchemaLocation="opencms://system/modules/com.alkacon.opencms.documentation/schemas/documentation-glossar.xsd">
  <AlkaconDocumentationGlossar language="en">
    <Title><![CDATA[Glossar]]></Title>
    <EntryFolder>
      <link type="WEAK">
        <target><![CDATA[/sites/default/documentation/.content/documentation-glossar-entries/]]></target>
        <uuid>b9f6d5e4-1d53-11e4-9d87-d9f74955ba1b</uuid>
      </link>
    </EntryFolder>
  </AlkaconDocumentationGlossar>
</AlkaconDocumentationGlossars>
