<?xml version="1.0" encoding="UTF-8"?>

<export>
	<info>
		<creator>Admin</creator>
		<opencms_version>9.0.0</opencms_version>
		<createdate>Thu, 18 Dec 2008 08:20:56 GMT</createdate>
		<infoproject>Offline</infoproject>
		<export_version>7</export_version>
	</info>
	<module>
		<name>org.opencms.workplace.tools.link</name>
		<nicename><![CDATA[OpenCms 9 Link checking tools]]></nicename>
		<group>OpenCms Workplace</group>
		<class/>
		<description><![CDATA[<p>This module contains the OpenCms administration tools for validating links in xml documents and pointer links.</p>
<p><i>&copy; 2014 by Alkacon Software GmbH (http://www.alkacon.com).</i></p>]]></description>
		<version>9.0.0</version>
		<authorname><![CDATA[Alkacon Software GmbH]]></authorname>
		<authoremail><![CDATA[info@alkacon.com]]></authoremail>
		<datecreated/>
		<userinstalled/>
		<dateinstalled/>
		<dependencies>
			<dependency name="org.opencms.workplace.administration" version="9.0.0"/>
		</dependencies>
		<exportpoints>
			<exportpoint uri="/system/modules/org.opencms.workplace.tools.link/lib/" destination="WEB-INF/lib/"/>
		</exportpoints>
		<resources>
            <resource uri="/system/workplace/admin/linkvalidation/internallinks-list.jsp"/>
            <resource uri="/system/workplace/admin/linkvalidation/internallinks.jsp"/>
            <resource uri="/system/workplace/admin/linkvalidation/external/validateexternallinks.jsp"/>
            <resource uri="/system/workplace/admin/linkvalidation/external/viewresults.jsp"/>
            <resource uri="/system/workplace/resources/tools/linkvalidation/icons/big/link.png"/>
            <resource uri="/system/workplace/resources/tools/linkvalidation/icons/big/link_extern.png"/>
            <resource uri="/system/workplace/resources/tools/linkvalidation/icons/big/link_extern_results.png"/>
            <resource uri="/system/workplace/resources/tools/linkvalidation/icons/big/link_extern_validate.png"/>
            <resource uri="/system/workplace/resources/tools/linkvalidation/icons/big/link_intern.png"/>
            <resource uri="/system/workplace/resources/tools/linkvalidation/icons/big/link_intern_validate.png"/>
            <resource uri="/system/workplace/resources/tools/linkvalidation/icons/small/link.png"/>
			<resource uri="/system/modules/org.opencms.workplace.tools.link/"/>
			<resource uri="/system/shared/linkexcludes"/>
		</resources>
		<parameters/>
	</module>
	<files>
		<file>
			<destination>system</destination>
			<type>folder</type>
			<uuidstructure>36493b9d-c5e3-11dd-a1fc-53ec2a4a9072</uuidstructure>
			<datelastmodified>Tue, 09 Dec 2008 11:19:15 GMT</datelastmodified>
			<userlastmodified>Admin</userlastmodified>
			<datecreated>Tue, 09 Dec 2008 11:19:15 GMT</datecreated>
			<usercreated>Admin</usercreated>
			<flags>0</flags>
			<properties/>
			<relations/>
			<accesscontrol>
				<accessentry>
					<uuidprincipal>ROLE.WORKPLACE_USER</uuidprincipal>
					<flags>514</flags>
					<permissionset>
						<allowed>1</allowed>
						<denied>0</denied>
					</permissionset>
				</accessentry>
			</accesscontrol>
		</file>
		<file>
			<destination>system/modules</destination>
			<type>folder</type>
			<uuidstructure>36af9ec6-c5e3-11dd-a1fc-53ec2a4a9072</uuidstructure>
			<datelastmodified>Tue, 09 Dec 2008 11:19:15 GMT</datelastmodified>
			<userlastmodified>Admin</userlastmodified>
			<datecreated>Tue, 09 Dec 2008 11:19:15 GMT</datecreated>
			<usercreated>Admin</usercreated>
			<flags>0</flags>
			<properties/>
			<relations/>
			<accesscontrol>
				<accessentry>
					<uuidprincipal>ROLE.WORKPLACE_USER</uuidprincipal>
					<flags>514</flags>
					<permissionset>
						<allowed>5</allowed>
						<denied>0</denied>
					</permissionset>
				</accessentry>
			</accesscontrol>
		</file>
		<file>
			<destination>system/modules/org.opencms.workplace.tools.link</destination>
			<type>folder</type>
			<uuidstructure>da39a628-11b7-11db-91cd-fdbae480bac9</uuidstructure>
			<datelastmodified>Mon, 27 Mar 2006 12:00:00 GMT</datelastmodified>
			<userlastmodified>Admin</userlastmodified>
			<datecreated>Mon, 10 Oct 2005 08:10:10 GMT</datecreated>
			<usercreated>Admin</usercreated>
			<flags>0</flags>
			<properties/>
			<relations/>
			<accesscontrol/>
		</file>
		<file>
			<destination>system/modules/org.opencms.workplace.tools.link/lib</destination>
			<type>folder</type>
			<uuidstructure>da3c172a-11b7-11db-91cd-fdbae480bac9</uuidstructure>
			<datelastmodified>Mon, 27 Mar 2006 12:00:00 GMT</datelastmodified>
			<userlastmodified>Admin</userlastmodified>
			<datecreated>Mon, 10 Oct 2005 08:10:10 GMT</datecreated>
			<usercreated>Admin</usercreated>
			<flags>0</flags>
			<properties/>
			<relations/>
			<accesscontrol/>
		</file>
		<file>
			<source>system/modules/org.opencms.workplace.tools.link/lib/org.opencms.workplace.tools.link.jar</source>
			<destination>system/modules/org.opencms.workplace.tools.link/lib/org.opencms.workplace.tools.link.jar</destination>
			<type>binary</type>
			<uuidstructure>da3c172b-11b7-11db-91cd-fdbae480bac9</uuidstructure>
			<uuidresource>ae288570-3b29-11da-8883-df763b25cc68</uuidresource>
			<datelastmodified>Mon, 27 Mar 2006 12:00:00 GMT</datelastmodified>
			<userlastmodified>Admin</userlastmodified>
			<datecreated>Mon, 10 Oct 2005 08:10:10 GMT</datecreated>
			<usercreated>Admin</usercreated>
			<flags>0</flags>
			<properties/>
			<relations/>
			<accesscontrol/>
		</file>
		<file>
			<destination>system/modules/org.opencms.workplace.tools.link/schemas</destination>
			<type>folder</type>
			<uuidstructure>9663eff5-cc29-11dd-8fb7-53ec2a4a9072</uuidstructure>
			<datelastmodified>Wed, 17 Dec 2008 10:58:08 GMT</datelastmodified>
			<userlastmodified>Admin</userlastmodified>
			<datecreated>Wed, 17 Dec 2008 10:58:08 GMT</datecreated>
			<usercreated>Admin</usercreated>
			<flags>0</flags>
			<properties/>
			<relations/>
			<accesscontrol/>
		</file>
		<file>
			<source>system/modules/org.opencms.workplace.tools.link/schemas/links.xsd</source>
			<destination>system/modules/org.opencms.workplace.tools.link/schemas/links.xsd</destination>
			<type>plain</type>
			<uuidstructure>ab09bc07-cc29-11dd-8fb7-53ec2a4a9072</uuidstructure>
			<uuidresource>ab09bc08-cc29-11dd-8fb7-53ec2a4a9072</uuidresource>
			<datelastmodified>Wed, 17 Dec 2008 11:05:04 GMT</datelastmodified>
			<userlastmodified>Admin</userlastmodified>
			<datecreated>Wed, 17 Dec 2008 10:58:42 GMT</datecreated>
			<usercreated>Admin</usercreated>
			<flags>0</flags>
			<properties>
				<property>
					<name>Title</name>
					<value><![CDATA[XSD for link definitions]]></value>
				</property>
			</properties>
			<relations/>
			<accesscontrol/>
		</file>
		<file>
			<destination>system/workplace</destination>
			<type>folder</type>
			<uuidstructure>825afce2-11b7-11db-91cd-fdbae480bac9</uuidstructure>
			<datelastmodified>Mon, 27 Mar 2006 12:00:00 GMT</datelastmodified>
			<userlastmodified>Admin</userlastmodified>
			<datecreated>Mon, 27 Jun 2005 08:00:00 GMT</datecreated>
			<usercreated>Admin</usercreated>
			<flags>0</flags>
			<properties>
				<property>
					<name>content-encoding</name>
					<value><![CDATA[UTF-8]]></value>
				</property>
				<property>
					<name>export</name>
					<value><![CDATA[false]]></value>
				</property>
				<property>
					<name>login-form</name>
					<value><![CDATA[/system/login/index.html]]></value>
				</property>
			</properties>
			<relations/>
			<accesscontrol>
				<accessentry>
					<uuidprincipal>ALL_OTHERS</uuidprincipal>
					<flags>134</flags>
					<permissionset>
						<allowed>0</allowed>
						<denied>0</denied>
					</permissionset>
				</accessentry>
				<accessentry>
					<uuidprincipal>ROLE.WORKPLACE_USER</uuidprincipal>
					<flags>518</flags>
					<permissionset>
						<allowed>5</allowed>
						<denied>0</denied>
					</permissionset>
				</accessentry>
			</accesscontrol>
		</file>
		<file>
			<destination>system/workplace/admin</destination>
			<type>folder</type>
			<uuidstructure>825fb7db-11b7-11db-91cd-fdbae480bac9</uuidstructure>
			<datelastmodified>Mon, 27 Mar 2006 12:00:00 GMT</datelastmodified>
			<userlastmodified>Admin</userlastmodified>
			<datecreated>Mon, 27 Jun 2005 08:00:00 GMT</datecreated>
			<usercreated>Admin</usercreated>
			<flags>0</flags>
			<properties>
				<property>
					<name>Title</name>
					<value><![CDATA[Administration View]]></value>
				</property>
				<property>
					<name>cache</name>
					<value><![CDATA[bypass]]></value>
				</property>
			</properties>
			<relations/>
			<accesscontrol/>
		</file>
		<file>
			<destination>system/workplace/admin/linkvalidation</destination>
			<type>folder</type>
			<uuidstructure>da3e882e-11b7-11db-91cd-fdbae480bac9</uuidstructure>
			<datelastmodified>Mon, 27 Mar 2006 12:00:00 GMT</datelastmodified>
			<userlastmodified>Admin</userlastmodified>
			<datecreated>Mon, 27 Jun 2005 08:00:00 GMT</datecreated>
			<usercreated>Admin</usercreated>
			<flags>0</flags>
			<properties>
				<property>
					<name>Description</name>
					<value><![CDATA[${key.GUI_LINK_ADMIN_TOOL_HELP_0}]]></value>
				</property>
				<property>
					<name>NavImage</name>
					<value><![CDATA[tools/linkvalidation/icons/big/link.png:tools/linkvalidation/icons/small/link.png]]></value>
				</property>
				<property>
					<name>NavInfo</name>
					<value><![CDATA[${key.GUI_MODULES_ADMIN_TOOL_GROUP_0}]]></value>
				</property>
				<property>
					<name>NavPos</name>
					<value><![CDATA[51.0]]></value>
				</property>
				<property>
					<name>NavText</name>
					<value><![CDATA[${key.GUI_LINK_ADMIN_TOOL_NAME_0}]]></value>
				</property>
				<property>
					<name>Title</name>
					<value><![CDATA[Link Checking]]></value>
				</property>
				<property>
					<name>admintoolhandler-class</name>
					<value><![CDATA[org.opencms.workplace.tools.CmsDefaultToolHandler]]></value>
				</property>
				<property>
					<name>default-file</name>
					<value><![CDATA[index.html]]></value>
				</property>
			</properties>
			<relations/>
			<accesscontrol/>
		</file>
		<file>
			<source>system/workplace/admin/linkvalidation/internallinks-list.jsp</source>
			<destination>system/workplace/admin/linkvalidation/internallinks-list.jsp</destination>
			<type>jsp</type>
			<uuidstructure>1bf5fcad-4fcc-11db-9861-5bf59c6009b3</uuidstructure>
			<uuidresource>1bf5fcae-4fcc-11db-9861-5bf59c6009b3</uuidresource>
			<datelastmodified>Fri, 29 Sep 2006 15:08:46 GMT</datelastmodified>
			<userlastmodified>Admin</userlastmodified>
			<datecreated>Fri, 29 Sep 2006 15:06:39 GMT</datecreated>
			<usercreated>Admin</usercreated>
			<flags>0</flags>
			<properties>
				<property>
					<name>Description</name>
					<value><![CDATA[${key.GUI_CHECK_INTERNAL_LINK_LIST_HELP_0}]]></value>
				</property>
				<property>
					<name>NavImage</name>
					<value><![CDATA[tools/linkvalidation/icons/big/link_intern_validate.png]]></value>
				</property>
				<property>
					<name>NavInfo</name>
					<value><![CDATA[${key.GUI_LINK_ADMIN_TOOL_LIST_NAME_0}]]></value>
				</property>
				<property>
					<name>NavPos</name>
					<value><![CDATA[1]]></value>
				</property>
				<property>
					<name>NavText</name>
					<value><![CDATA[${key.GUI_CHECK_INTERNAL_LINK_LIST_NAME_0}]]></value>
				</property>
				<property>
					<name>Title</name>
					<value><![CDATA[Check Internal Links]]></value>
				</property>
				<property>
					<name>admintoolhandler-args</name>
					<value><![CDATA[path:/linkvalidation/internallinks/list]]></value>
				</property>
				<property>
					<name>admintoolhandler-class</name>
					<value><![CDATA[org.opencms.workplace.tools.CmsInvisibleToolHandler]]></value>
				</property>
			</properties>
			<relations/>
			<accesscontrol/>
		</file>
		<file>
			<source>system/workplace/admin/linkvalidation/internallinks.jsp</source>
			<destination>system/workplace/admin/linkvalidation/internallinks.jsp</destination>
			<type>jsp</type>
			<uuidstructure>da434327-11b7-11db-91cd-fdbae480bac9</uuidstructure>
			<uuidresource>db56d9fb-d9aa-11d9-adac-e7655b3582a8</uuidresource>
			<datelastmodified>Mon, 27 Mar 2006 12:00:00 GMT</datelastmodified>
			<userlastmodified>Admin</userlastmodified>
			<datecreated>Mon, 27 Jun 2005 08:00:00 GMT</datecreated>
			<usercreated>Admin</usercreated>
			<flags>0</flags>
			<properties>
				<property>
					<name>Description</name>
					<value><![CDATA[${key.GUI_CHECK_INTERNAL_LINK_HELP_0}]]></value>
				</property>
				<property>
					<name>NavImage</name>
					<value><![CDATA[tools/linkvalidation/icons/big/link_intern_validate.png]]></value>
				</property>
				<property>
					<name>NavInfo</name>
					<value><![CDATA[${key.GUI_LINK_ADMIN_TOOL_NAME_0}]]></value>
				</property>
				<property>
					<name>NavPos</name>
					<value><![CDATA[1]]></value>
				</property>
				<property>
					<name>NavText</name>
					<value><![CDATA[${key.GUI_CHECK_INTERNAL_LINK_NAME_0}]]></value>
				</property>
				<property>
					<name>Title</name>
					<value><![CDATA[Check Internal Links]]></value>
				</property>
				<property>
					<name>admintoolhandler-class</name>
					<value><![CDATA[org.opencms.workplace.tools.link.CmsLinkValidationToolHandler]]></value>
				</property>
			</properties>
			<relations/>
			<accesscontrol/>
		</file>
		<file>
			<destination>system/workplace/admin/linkvalidation/external</destination>
			<type>folder</type>
			<uuidstructure>da45b431-11b7-11db-91cd-fdbae480bac9</uuidstructure>
			<datelastmodified>Mon, 27 Mar 2006 12:00:00 GMT</datelastmodified>
			<userlastmodified>Admin</userlastmodified>
			<datecreated>Mon, 27 Jun 2005 08:00:00 GMT</datecreated>
			<usercreated>Admin</usercreated>
			<flags>0</flags>
			<properties>
				<property>
					<name>Description</name>
					<value><![CDATA[${key.GUI_EXTERNALLINK_ADMIN_TOOL_HELP_0}]]></value>
				</property>
				<property>
					<name>NavImage</name>
					<value><![CDATA[tools/linkvalidation/icons/big/link_extern.png]]></value>
				</property>
				<property>
					<name>NavInfo</name>
					<value><![CDATA[${key.GUI_EXTERNALLINK_ADMIN_TOOL_GROUP_0}]]></value>
				</property>
				<property>
					<name>NavPos</name>
					<value><![CDATA[3]]></value>
				</property>
				<property>
					<name>NavText</name>
					<value><![CDATA[${key.GUI_EXTERNALLINK_ADMIN_TOOL_NAME_0}]]></value>
				</property>
				<property>
					<name>Title</name>
					<value><![CDATA[Check External Links]]></value>
				</property>
				<property>
					<name>admintoolhandler-class</name>
					<value><![CDATA[org.opencms.workplace.tools.link.CmsLinkValidationToolHandler]]></value>
				</property>
			</properties>
			<relations/>
			<accesscontrol/>
		</file>
		<file>
			<source>system/workplace/admin/linkvalidation/external/validateexternallinks.jsp</source>
			<destination>system/workplace/admin/linkvalidation/external/validateexternallinks.jsp</destination>
			<type>jsp</type>
			<uuidstructure>da4a6f29-11b7-11db-91cd-fdbae480bac9</uuidstructure>
			<uuidresource>09ef3bed-dca8-11d9-bce5-09c4e73e09e8</uuidresource>
			<datelastmodified>Mon, 27 Mar 2006 12:00:00 GMT</datelastmodified>
			<userlastmodified>Admin</userlastmodified>
			<datecreated>Mon, 27 Jun 2005 08:00:00 GMT</datecreated>
			<usercreated>Admin</usercreated>
			<flags>0</flags>
			<properties>
				<property>
					<name>Description</name>
					<value><![CDATA[${key.GUI_NEW_EXTERNAL_LINK_CHECK_HELP_0}]]></value>
				</property>
				<property>
					<name>NavImage</name>
					<value><![CDATA[tools/linkvalidation/icons/big/link_extern_validate.png]]></value>
				</property>
				<property>
					<name>NavInfo</name>
					<value><![CDATA[${key.GUI_NEW_EXTERNAL_LINK_CHECK_GROUP_0}]]></value>
				</property>
				<property>
					<name>NavPos</name>
					<value><![CDATA[3]]></value>
				</property>
				<property>
					<name>NavText</name>
					<value><![CDATA[${key.GUI_NEW_EXTERNAL_LINK_CHECK_NAME_0}]]></value>
				</property>
				<property>
					<name>Title</name>
					<value><![CDATA[New validation of external links]]></value>
				</property>
				<property>
					<name>admintoolhandler-class</name>
					<value><![CDATA[org.opencms.workplace.tools.link.CmsLinkValidationToolHandler]]></value>
				</property>
			</properties>
			<relations/>
			<accesscontrol/>
		</file>
		<file>
			<source>system/workplace/admin/linkvalidation/external/viewresults.jsp</source>
			<destination>system/workplace/admin/linkvalidation/external/viewresults.jsp</destination>
			<type>jsp</type>
			<uuidstructure>da4f2a22-11b7-11db-91cd-fdbae480bac9</uuidstructure>
			<uuidresource>5c6a40e3-dcec-11d9-b0e3-09c4e73e09e8</uuidresource>
			<datelastmodified>Mon, 27 Mar 2006 12:00:00 GMT</datelastmodified>
			<userlastmodified>Admin</userlastmodified>
			<datecreated>Mon, 27 Jun 2005 08:00:00 GMT</datecreated>
			<usercreated>Admin</usercreated>
			<flags>0</flags>
			<properties>
				<property>
					<name>Description</name>
					<value><![CDATA[${key.GUI_EXTERNALLINK_CHECK_VIEW_RESULTS_HELP_0}]]></value>
				</property>
				<property>
					<name>NavImage</name>
					<value><![CDATA[tools/linkvalidation/icons/big/link_extern_results.png]]></value>
				</property>
				<property>
					<name>NavInfo</name>
					<value><![CDATA[${key.GUI_EXTERNALLINK_CHECK_VIEW_RESULTS_GROUP_0}]]></value>
				</property>
				<property>
					<name>NavPos</name>
					<value><![CDATA[2]]></value>
				</property>
				<property>
					<name>NavText</name>
					<value><![CDATA[${key.GUI_EXTERNALLINK_CHECK_VIEW_RESULTS_NAME_0}]]></value>
				</property>
				<property>
					<name>Title</name>
					<value><![CDATA[View result of external link validation]]></value>
				</property>
				<property>
					<name>admintoolhandler-class</name>
					<value><![CDATA[org.opencms.workplace.tools.link.CmsLinkValidationToolHandler]]></value>
				</property>
			</properties>
			<relations/>
			<accesscontrol/>
		</file>
		<file>
			<destination>system/workplace/resources</destination>
			<type>folder</type>
			<uuidstructure>82c16052-11b7-11db-91cd-fdbae480bac9</uuidstructure>
			<datelastmodified>Mon, 27 Mar 2006 12:00:00 GMT</datelastmodified>
			<userlastmodified>Admin</userlastmodified>
			<datecreated>Mon, 27 Jun 2005 08:00:00 GMT</datecreated>
			<usercreated>Admin</usercreated>
			<flags>0</flags>
			<properties/>
			<relations/>
			<accesscontrol/>
		</file>
		<file>
			<destination>system/workplace/resources/tools</destination>
			<type>folder</type>
			<uuidstructure>c3a8d33c-11b7-11db-91cd-fdbae480bac9</uuidstructure>
			<datelastmodified>Mon, 27 Mar 2006 12:00:00 GMT</datelastmodified>
			<userlastmodified>Admin</userlastmodified>
			<datecreated>Mon, 27 Jun 2005 08:00:00 GMT</datecreated>
			<usercreated>Admin</usercreated>
			<flags>0</flags>
			<properties/>
			<relations/>
			<accesscontrol/>
		</file>
		<file>
			<destination>system/workplace/resources/tools/linkvalidation</destination>
			<type>folder</type>
			<uuidstructure>daec7b9e-11b7-11db-91cd-fdbae480bac9</uuidstructure>
			<datelastmodified>Mon, 27 Mar 2006 12:00:00 GMT</datelastmodified>
			<userlastmodified>Admin</userlastmodified>
			<datecreated>Mon, 27 Jun 2005 08:00:00 GMT</datecreated>
			<usercreated>Admin</usercreated>
			<flags>0</flags>
			<properties/>
			<relations/>
			<accesscontrol/>
		</file>
		<file>
			<destination>system/workplace/resources/tools/linkvalidation/icons</destination>
			<type>folder</type>
			<uuidstructure>daf15da0-11b7-11db-91cd-fdbae480bac9</uuidstructure>
			<datelastmodified>Mon, 27 Mar 2006 12:00:00 GMT</datelastmodified>
			<userlastmodified>Admin</userlastmodified>
			<datecreated>Mon, 27 Jun 2005 08:00:00 GMT</datecreated>
			<usercreated>Admin</usercreated>
			<flags>0</flags>
			<properties/>
			<relations/>
			<accesscontrol/>
		</file>
		<file>
			<destination>system/workplace/resources/tools/linkvalidation/icons/big</destination>
			<type>folder</type>
			<uuidstructure>daf3a792-11b7-11db-91cd-fdbae480bac9</uuidstructure>
			<datelastmodified>Mon, 27 Mar 2006 12:00:00 GMT</datelastmodified>
			<userlastmodified>Admin</userlastmodified>
			<datecreated>Mon, 27 Jun 2005 08:00:00 GMT</datecreated>
			<usercreated>Admin</usercreated>
			<flags>0</flags>
			<properties/>
			<relations/>
			<accesscontrol/>
		</file>
		<file>
			<source>system/workplace/resources/tools/linkvalidation/icons/big/link.png</source>
			<destination>system/workplace/resources/tools/linkvalidation/icons/big/link.png</destination>
			<type>image</type>
			<uuidstructure>daf61893-11b7-11db-91cd-fdbae480bac9</uuidstructure>
			<uuidresource>d2c85764-d9ab-11d9-adac-e7655b3582a8</uuidresource>
			<datelastmodified>Mon, 27 Mar 2006 12:00:00 GMT</datelastmodified>
			<userlastmodified>Admin</userlastmodified>
			<datecreated>Mon, 27 Jun 2005 08:00:00 GMT</datecreated>
			<usercreated>Admin</usercreated>
			<flags>0</flags>
			<properties>
				<property type="shared">
					<name>image.size</name>
					<value><![CDATA[w:32,h:32]]></value>
				</property>
			</properties>
			<relations/>
			<accesscontrol/>
		</file>
		<file>
			<source>system/workplace/resources/tools/linkvalidation/icons/big/link_extern.png</source>
			<destination>system/workplace/resources/tools/linkvalidation/icons/big/link_extern.png</destination>
			<type>image</type>
			<uuidstructure>dafad386-11b7-11db-91cd-fdbae480bac9</uuidstructure>
			<uuidresource>dc64d237-d9ab-11d9-adac-e7655b3582a8</uuidresource>
			<datelastmodified>Mon, 27 Mar 2006 12:00:00 GMT</datelastmodified>
			<userlastmodified>Admin</userlastmodified>
			<datecreated>Mon, 27 Jun 2005 08:00:00 GMT</datecreated>
			<usercreated>Admin</usercreated>
			<flags>0</flags>
			<properties>
				<property type="shared">
					<name>image.size</name>
					<value><![CDATA[w:32,h:32]]></value>
				</property>
			</properties>
			<relations/>
			<accesscontrol/>
		</file>
		<file>
			<source>system/workplace/resources/tools/linkvalidation/icons/big/link_extern_results.png</source>
			<destination>system/workplace/resources/tools/linkvalidation/icons/big/link_extern_results.png</destination>
			<type>image</type>
			<uuidstructure>db01ff79-11b7-11db-91cd-fdbae480bac9</uuidstructure>
			<uuidresource>f0f9d56d-d9ab-11d9-adac-e7655b3582a8</uuidresource>
			<datelastmodified>Mon, 27 Mar 2006 12:00:00 GMT</datelastmodified>
			<userlastmodified>Admin</userlastmodified>
			<datecreated>Mon, 27 Jun 2005 08:00:00 GMT</datecreated>
			<usercreated>Admin</usercreated>
			<flags>0</flags>
			<properties>
				<property type="shared">
					<name>image.size</name>
					<value><![CDATA[w:32,h:32]]></value>
				</property>
			</properties>
			<relations/>
			<accesscontrol/>
		</file>
		<file>
			<source>system/workplace/resources/tools/linkvalidation/icons/big/link_extern_validate.png</source>
			<destination>system/workplace/resources/tools/linkvalidation/icons/big/link_extern_validate.png</destination>
			<type>image</type>
			<uuidstructure>db04707c-11b7-11db-91cd-fdbae480bac9</uuidstructure>
			<uuidresource>e76bb27a-d9ab-11d9-adac-e7655b3582a8</uuidresource>
			<datelastmodified>Mon, 27 Mar 2006 12:00:00 GMT</datelastmodified>
			<userlastmodified>Admin</userlastmodified>
			<datecreated>Mon, 27 Jun 2005 08:00:00 GMT</datecreated>
			<usercreated>Admin</usercreated>
			<flags>0</flags>
			<properties>
				<property type="shared">
					<name>image.size</name>
					<value><![CDATA[w:32,h:32]]></value>
				</property>
			</properties>
			<relations/>
			<accesscontrol/>
		</file>
		<file>
			<source>system/workplace/resources/tools/linkvalidation/icons/big/link_intern.png</source>
			<destination>system/workplace/resources/tools/linkvalidation/icons/big/link_intern.png</destination>
			<type>image</type>
			<uuidstructure>db092b6f-11b7-11db-91cd-fdbae480bac9</uuidstructure>
			<uuidresource>fa0e82a0-d9ab-11d9-adac-e7655b3582a8</uuidresource>
			<datelastmodified>Mon, 27 Mar 2006 12:00:00 GMT</datelastmodified>
			<userlastmodified>Admin</userlastmodified>
			<datecreated>Mon, 27 Jun 2005 08:00:00 GMT</datecreated>
			<usercreated>Admin</usercreated>
			<flags>0</flags>
			<properties>
				<property type="shared">
					<name>image.size</name>
					<value><![CDATA[w:32,h:32]]></value>
				</property>
			</properties>
			<relations/>
			<accesscontrol/>
		</file>
		<file>
			<source>system/workplace/resources/tools/linkvalidation/icons/big/link_intern_validate.png</source>
			<destination>system/workplace/resources/tools/linkvalidation/icons/big/link_intern_validate.png</destination>
			<type>image</type>
			<uuidstructure>db105762-11b7-11db-91cd-fdbae480bac9</uuidstructure>
			<uuidresource>ffff81a3-d9ab-11d9-adac-e7655b3582a8</uuidresource>
			<datelastmodified>Mon, 27 Mar 2006 12:00:00 GMT</datelastmodified>
			<userlastmodified>Admin</userlastmodified>
			<datecreated>Mon, 27 Jun 2005 08:00:00 GMT</datecreated>
			<usercreated>Admin</usercreated>
			<flags>0</flags>
			<properties>
				<property type="shared">
					<name>image.size</name>
					<value><![CDATA[w:32,h:32]]></value>
				</property>
			</properties>
			<relations/>
			<accesscontrol/>
		</file>
		<file>
			<destination>system/workplace/resources/tools/linkvalidation/icons/small</destination>
			<type>folder</type>
			<uuidstructure>db151256-11b7-11db-91cd-fdbae480bac9</uuidstructure>
			<datelastmodified>Mon, 27 Mar 2006 12:00:00 GMT</datelastmodified>
			<userlastmodified>Admin</userlastmodified>
			<datecreated>Mon, 27 Jun 2005 08:00:00 GMT</datecreated>
			<usercreated>Admin</usercreated>
			<flags>0</flags>
			<properties/>
			<relations/>
			<accesscontrol/>
		</file>
		<file>
			<source>system/workplace/resources/tools/linkvalidation/icons/small/link.png</source>
			<destination>system/workplace/resources/tools/linkvalidation/icons/small/link.png</destination>
			<type>image</type>
			<uuidstructure>db178357-11b7-11db-91cd-fdbae480bac9</uuidstructure>
			<uuidresource>0addf256-d9ac-11d9-adac-e7655b3582a8</uuidresource>
			<datelastmodified>Mon, 27 Mar 2006 12:00:00 GMT</datelastmodified>
			<userlastmodified>Admin</userlastmodified>
			<datecreated>Mon, 27 Jun 2005 08:00:00 GMT</datecreated>
			<usercreated>Admin</usercreated>
			<flags>0</flags>
			<properties>
				<property type="shared">
					<name>image.size</name>
					<value><![CDATA[w:20,h:20]]></value>
				</property>
			</properties>
			<relations/>
			<accesscontrol/>
		</file>
		<file>
			<destination>system/shared</destination>
			<type>folder</type>
			<uuidstructure>8253d0e9-11b7-11db-91cd-fdbae480bac9</uuidstructure>
			<datelastmodified>Mon, 27 Mar 2006 12:00:00 GMT</datelastmodified>
			<userlastmodified>Admin</userlastmodified>
			<datecreated>Mon, 27 Jun 2005 08:00:00 GMT</datecreated>
			<usercreated>Admin</usercreated>
			<flags>0</flags>
			<properties>
				<property>
					<name>export</name>
					<value><![CDATA[false]]></value>
				</property>
			</properties>
			<relations/>
			<accesscontrol/>
		</file>
		<file>
			<source>system/shared/linkexcludes</source>
			<destination>system/shared/linkexcludes</destination>
			<type>xmlcontent</type>
			<uuidstructure>d8bb01d2-cc2a-11dd-8fb7-53ec2a4a9072</uuidstructure>
			<uuidresource>d8bb01d3-cc2a-11dd-8fb7-53ec2a4a9072</uuidresource>
			<datelastmodified>Thu, 18 Dec 2008 08:19:58 GMT</datelastmodified>
			<userlastmodified>Admin</userlastmodified>
			<datecreated>Wed, 17 Dec 2008 11:07:08 GMT</datecreated>
			<usercreated>Admin</usercreated>
			<flags>0</flags>
			<properties>
				<property>
					<name>Title</name>
					<value><![CDATA[Link excludes for internal link check]]></value>
				</property>
				<property>
					<name>locale-available</name>
					<value><![CDATA[en]]></value>
				</property>
			</properties>
			<relations/>
			<accesscontrol/>
		</file>
	</files>
</export>
