<?xml version="1.0" encoding="UTF-8"?>

<DocumentationFigures xmlns:xsi="http://www.w3.org/2001/XMLSchema-instance" xsi:noNamespaceSchemaLocation="opencms://system/modules/com.alkacon.opencms.documentation/schemas/documentation-figure.xsd">
  <DocumentationFigure language="en">
    <Identifier><![CDATA[Group widget example]]></Identifier>
    <Title><![CDATA[Layout of the group widget]]></Title>
    <Description name="Description0">
      <links/>
      <content><![CDATA[<p>The dialog for group selection, shown in the figure, pops up when the folder icon at the widget's edit line is clicked. Select a group by clicking on it.</p>]]></content>
    </Description>
    <Image>
      <link type="WEAK">
        <target><![CDATA[/sites/default/documentation/.galleries/pictures/ContentEditor_GroupWidget.png]]></target>
        <uuid>3b1dd4d5-0b2a-11e4-8c80-b7bfd6088c56</uuid>
      </link>
    </Image>
    <OpenCmsVersion><![CDATA[9.5]]></OpenCmsVersion>
  </DocumentationFigure>
</DocumentationFigures>
