<?xml version="1.0" encoding="UTF-8"?>

<DocumentationFigures xmlns:xsi="http://www.w3.org/2001/XMLSchema-instance" xsi:noNamespaceSchemaLocation="opencms://system/modules/com.alkacon.opencms.documentation/schemas/documentation-figure.xsd">
  <DocumentationFigure language="en">
    <Identifier><![CDATA[Add resource type option]]></Identifier>
    <Title><![CDATA[The "Add resource type" option when editing a module]]></Title>
    <Image>
      <link type="WEAK">
        <target><![CDATA[/sites/default/documentation/.galleries/pictures/ModuleManagemenAddResourceType.png]]></target>
        <uuid>0483b524-0b5a-11e4-8c80-b7bfd6088c56</uuid>
      </link>
    </Image>
    <OpenCmsVersion><![CDATA[9.5]]></OpenCmsVersion>
  </DocumentationFigure>
</DocumentationFigures>
