<?xml version="1.0" encoding="UTF-8"?>

<DocumentationFigures xmlns:xsi="http://www.w3.org/2001/XMLSchema-instance" xsi:noNamespaceSchemaLocation="opencms://system/modules/com.alkacon.opencms.documentation/schemas/documentation-figure.xsd">
  <DocumentationFigure language="en">
    <Identifier><![CDATA[templateelementview_permissions]]></Identifier>
    <Title><![CDATA[Permissions as set for the template element view]]></Title>
    <Image>
      <link type="WEAK">
        <target><![CDATA[/sites/default/documentation/.galleries/pictures/TemplateElementViewPermissions.png]]></target>
        <uuid>f2b889ed-6014-11e4-b7a7-005056b61161</uuid>
      </link>
    </Image>
    <OpenCmsVersion><![CDATA[9.5]]></OpenCmsVersion>
  </DocumentationFigure>
</DocumentationFigures>
