<?xml version="1.0" encoding="UTF-8"?>

<DocumentationFigures xmlns:xsi="http://www.w3.org/2001/XMLSchema-instance" xsi:noNamespaceSchemaLocation="opencms://system/modules/com.alkacon.opencms.documentation/schemas/documentation-figure.xsd">
  <DocumentationFigure language="en">
    <Identifier><![CDATA[Page Editor Toolbar]]></Identifier>
    <Title><![CDATA[The Page Editors Toolbar]]></Title>
    <Description name="Description0">
      <links/>
      <content><![CDATA[<p>Click on the marked colored edit point to hide or show the toolbar.</p>]]></content>
    </Description>
    <Image>
      <link type="WEAK">
        <target><![CDATA[/sites/default/documentation/.galleries/pictures/ToolbarPageEditor_HighlightToolbarToggle.png]]></target>
        <uuid>7c011383-02bc-11e4-8167-1305b26fecac</uuid>
      </link>
    </Image>
    <OpenCmsVersion><![CDATA[9.5]]></OpenCmsVersion>
  </DocumentationFigure>
</DocumentationFigures>
