<?xml version="1.0" encoding="UTF-8"?>

<DocumentationFigures xmlns:xsi="http://www.w3.org/2001/XMLSchema-instance" xsi:noNamespaceSchemaLocation="opencms://system/modules/com.alkacon.opencms.documentation/schemas/documentation-figure.xsd">
  <DocumentationFigure language="en">
    <Identifier><![CDATA[Adjusting a selected image]]></Identifier>
    <Title><![CDATA[Dialog for image adjustment]]></Title>
    <Image>
      <link type="WEAK">
        <target><![CDATA[/sites/default/documentation/.galleries/pictures/ContentEditor_ImageGalleryWidget_AdjustingASelectedImage.png]]></target>
        <uuid>333fd83f-0b3d-11e4-8c80-b7bfd6088c56</uuid>
      </link>
    </Image>
    <OpenCmsVersion><![CDATA[9.5]]></OpenCmsVersion>
  </DocumentationFigure>
</DocumentationFigures>
