<?xml version="1.0" encoding="UTF-8"?>

<DocumentationFigures xmlns:xsi="http://www.w3.org/2001/XMLSchema-instance" xsi:noNamespaceSchemaLocation="opencms://system/modules/com.alkacon.opencms.documentation/schemas/documentation-figure.xsd">
  <DocumentationFigure language="en">
    <Identifier><![CDATA[VFS file widget example]]></Identifier>
    <Title><![CDATA[Layout of the VFS file widget]]></Title>
    <Description name="Description0">
      <links>
        <link name="link0" internal="true" type="A">
          <target><![CDATA[]]></target>
          <anchor><![CDATA[fig_resource_selection_dialog]]></anchor>
        </link>
      </links>
      <content><![CDATA[Pushing the folder button on the right of the input field, the dialog shown in Figure <a href="%(link0)">[Resource selection dialog]</a> appears.]]></content>
    </Description>
    <Image>
      <link type="WEAK">
        <target><![CDATA[/sites/default/documentation/.galleries/pictures/ContentEditor_VfsFileWidget1.png]]></target>
        <uuid>1a1a0a01-0b2f-11e4-8c80-b7bfd6088c56</uuid>
      </link>
    </Image>
    <OpenCmsVersion><![CDATA[9.5]]></OpenCmsVersion>
  </DocumentationFigure>
</DocumentationFigures>
