<?xml version="1.0" encoding="UTF-8"?>

<DocumentationFigures xmlns:xsi="http://www.w3.org/2001/XMLSchema-instance" xsi:noNamespaceSchemaLocation="opencms://system/modules/com.alkacon.opencms.documentation/schemas/documentation-figure.xsd">
  <DocumentationFigure language="en">
    <Identifier><![CDATA[resourcetype_configuration]]></Identifier>
    <Title><![CDATA[Configuration options for one resource type as shown in the form-based editor]]></Title>
    <Image>
      <link type="WEAK">
        <target><![CDATA[/sites/default/documentation/.galleries/pictures/resourcetypeConfiguration.png]]></target>
        <uuid>da3147b3-487a-11e4-8008-336f7b60f7b1</uuid>
      </link>
    </Image>
    <OpenCmsVersion><![CDATA[9.5]]></OpenCmsVersion>
  </DocumentationFigure>
</DocumentationFigures>
