<?xml version="1.0" encoding="UTF-8"?>

<DocumentationFigures xmlns:xsi="http://www.w3.org/2001/XMLSchema-instance" xsi:noNamespaceSchemaLocation="opencms://system/modules/com.alkacon.opencms.documentation/schemas/documentation-figure.xsd">
  <DocumentationFigure language="en">
    <Identifier><![CDATA[Date-picker widget example]]></Identifier>
    <Title><![CDATA[Layout of the date-picker widget]]></Title>
    <Description name="Description0">
      <links/>
      <content><![CDATA[<span id="gwt-uid-645" class="mce-content-body mce-edit-focus" style="z-index: 1; position: relative;" tabindex="-1" spellcheck="false">The date-picker dialog shown in the picture appears if you click on the line where the currently set date is shown.</span>]]></content>
    </Description>
    <Image>
      <link type="WEAK">
        <target><![CDATA[/sites/default/documentation/.galleries/pictures/ContentEditor_DatepickerWidget.png]]></target>
        <uuid>1a09d0a6-083f-11e4-a403-b7bfd6088c56</uuid>
      </link>
    </Image>
    <OpenCmsVersion><![CDATA[9.5]]></OpenCmsVersion>
  </DocumentationFigure>
</DocumentationFigures>
