<?xml version="1.0" encoding="UTF-8"?>

<DocumentationFigures xmlns:xsi="http://www.w3.org/2001/XMLSchema-instance" xsi:noNamespaceSchemaLocation="opencms://system/modules/com.alkacon.opencms.documentation/schemas/documentation-figure.xsd">
  <DocumentationFigure language="en">
    <Identifier><![CDATA[Category widget example]]></Identifier>
    <Title><![CDATA[Layout of the category widget]]></Title>
    <Description name="Description0">
      <links/>
      <content><![CDATA[<p>To show the category selection dialog shown in the figure, click on the box where the currenty choosen categories are shown.</p>]]></content>
    </Description>
    <Image>
      <link type="WEAK">
        <target><![CDATA[/sites/default/documentation/.galleries/pictures/ContentEditor_CategoryWidget.png]]></target>
        <uuid>89020f4b-0840-11e4-a403-b7bfd6088c56</uuid>
      </link>
    </Image>
    <OpenCmsVersion><![CDATA[9.5]]></OpenCmsVersion>
  </DocumentationFigure>
</DocumentationFigures>
