<?xml version="1.0" encoding="UTF-8"?>

<DocumentationFigures xmlns:xsi="http://www.w3.org/2001/XMLSchema-instance" xsi:noNamespaceSchemaLocation="opencms://system/modules/com.alkacon.opencms.documentation/schemas/documentation-figure.xsd">
  <DocumentationFigure language="en">
    <Identifier><![CDATA[navigationlevel_usage]]></Identifier>
    <Title><![CDATA[Using a navigation level]]></Title>
    <Image>
      <link type="WEAK">
        <target><![CDATA[/sites/default/documentation/.galleries/pictures/NavigationLevel.png]]></target>
        <uuid>ea24fede-1bae-11e4-bfa5-b7bfd6088c56</uuid>
      </link>
    </Image>
    <OpenCmsVersion><![CDATA[9.5]]></OpenCmsVersion>
  </DocumentationFigure>
</DocumentationFigures>
