<?xml version="1.0" encoding="UTF-8"?>

<DocumentationFigures xmlns:xsi="http://www.w3.org/2001/XMLSchema-instance" xsi:noNamespaceSchemaLocation="opencms://system/modules/com.alkacon.opencms.documentation/schemas/documentation-figure.xsd">
  <DocumentationFigure language="en">
    <Identifier><![CDATA[gridlayout_templaterows]]></Identifier>
    <Title><![CDATA[The basic design, established by template rows]]></Title>
    <Image>
      <link type="WEAK">
        <target><![CDATA[/sites/default/documentation/.galleries/pictures/GridLayout_TemplateRows.png]]></target>
        <uuid>86803dd5-600d-11e4-b7a7-005056b61161</uuid>
        <query><![CDATA[__scale=h:245,w:500]]></query>
      </link>
    </Image>
    <OpenCmsVersion><![CDATA[9.5]]></OpenCmsVersion>
  </DocumentationFigure>
</DocumentationFigures>
