<?xml version="1.0" encoding="UTF-8"?>

<DocumentationFigures xmlns:xsi="http://www.w3.org/2001/XMLSchema-instance" xsi:noNamespaceSchemaLocation="opencms://system/modules/com.alkacon.opencms.documentation/schemas/documentation-figure.xsd">
  <DocumentationFigure language="en">
    <Identifier><![CDATA[deny_b]]></Identifier>
    <Title><![CDATA[Wrong solution: Denying access for group B will deny access also for users that are additionaly in group A.]]></Title>
    <Image>
      <link type="WEAK">
        <target><![CDATA[/sites/default/documentation/.galleries/pictures/AAndNotB.png]]></target>
        <uuid>9a6d5592-3e36-11e4-8375-578a14069906</uuid>
        <query><![CDATA[__scale=h:113,w:200]]></query>
      </link>
    </Image>
    <OpenCmsVersion><![CDATA[9.5]]></OpenCmsVersion>
  </DocumentationFigure>
</DocumentationFigures>
