<?xml version="1.0" encoding="UTF-8"?>

<DocumentationFigures xmlns:xsi="http://www.w3.org/2001/XMLSchema-instance" xsi:noNamespaceSchemaLocation="opencms://system/modules/com.alkacon.opencms.documentation/schemas/documentation-figure.xsd">
  <DocumentationFigure language="en">
    <Identifier><![CDATA[unset_b]]></Identifier>
    <Title><![CDATA[Correct solution: Overwrite inherited permissions for group B - all members of A get access, but members only in B do not.]]></Title>
    <Image>
      <link type="WEAK">
        <target><![CDATA[/sites/default/documentation/.galleries/pictures/AAndBUnset.png]]></target>
        <uuid>3ef34120-3e37-11e4-8375-578a14069906</uuid>
        <query><![CDATA[__scale=h:113,w:200]]></query>
      </link>
    </Image>
    <OpenCmsVersion><![CDATA[9.5]]></OpenCmsVersion>
  </DocumentationFigure>
</DocumentationFigures>
