<?xml version="1.0" encoding="UTF-8"?>

<DocumentationFigures xmlns:xsi="http://www.w3.org/2001/XMLSchema-instance" xsi:noNamespaceSchemaLocation="opencms://system/modules/com.alkacon.opencms.documentation/schemas/documentation-figure.xsd">
  <DocumentationFigure language="en">
    <Identifier><![CDATA[Open Sitemap Editor]]></Identifier>
    <Title><![CDATA[Opening the sitemap editor]]></Title>
    <Description name="Description0">
      <links/>
      <content><![CDATA[<p>In the page editor, click the marked Sitemap icon.</p>]]></content>
    </Description>
    <Image>
      <link type="WEAK">
        <target><![CDATA[/sites/default/documentation/.galleries/pictures/SitemapEditor_OpenIt.png]]></target>
        <uuid>65110403-06a2-11e4-909a-1305b26fecac</uuid>
      </link>
    </Image>
    <OpenCmsVersion><![CDATA[9.5]]></OpenCmsVersion>
  </DocumentationFigure>
</DocumentationFigures>
