<?xml version="1.0" encoding="UTF-8"?>

<DocumentationFigures xmlns:xsi="http://www.w3.org/2001/XMLSchema-instance" xsi:noNamespaceSchemaLocation="opencms://system/modules/com.alkacon.opencms.documentation/schemas/documentation-figure.xsd">
  <DocumentationFigure language="en">
    <Identifier><![CDATA[Color-picker widget example]]></Identifier>
    <Title><![CDATA[Layout of the color-picker widget]]></Title>
    <Description name="Description0">
      <links/>
      <content><![CDATA[The color-picker dialog shown in the picture appears if you click on the marked box with the color preview.]]></content>
    </Description>
    <Image>
      <link type="WEAK">
        <target><![CDATA[/sites/default/documentation/.galleries/pictures/ContentEditor_ColorpickerWidget.png]]></target>
        <uuid>436c8501-083d-11e4-a403-b7bfd6088c56</uuid>
      </link>
    </Image>
    <OpenCmsVersion><![CDATA[9.5]]></OpenCmsVersion>
  </DocumentationFigure>
</DocumentationFigures>
