<?xml version="1.0" encoding="UTF-8"?>

<export>
  <info>
    <creator>Admin</creator>
    <opencms_version>9.0.0</opencms_version>
    <createdate>Fri, 10 Feb 2012 10:42:28 GMT</createdate>
    <infoproject>Offline</infoproject>
    <export_version>7</export_version>
  </info>
  <module>
    <name>org.opencms.ade.contenteditor</name>
    <nicename><![CDATA[OpenCms 8 ADE Content Editor]]></nicename>
    <group>OpenCms ADE</group>
    <class/>
    <description><![CDATA[Editor for structured contents.<br>
<i>&copy; 2014  by Alkacon Software GmbH (http://www.alkacon.com).</i>]]></description>
    <version>9.5.0</version>
    <authorname><![CDATA[Alkacon Software GmbH]]></authorname>
    <authoremail><![CDATA[sales@alkacon.com]]></authoremail>
    <datecreated/>
    <userinstalled/>
    <dateinstalled/>
    <dependencies>
      <dependency name="org.opencms.ade.config" version="9.0.0"/>
    </dependencies>
    <exportpoints>
      <exportpoint uri="/system/modules/org.opencms.ade.contenteditor/resources/" destination="resources/ade/"/>
    </exportpoints>
    <resources>
      <resource uri="/system/modules/org.opencms.ade.contenteditor/"/>
      <resource uri="/system/workplace/editors/acacia/"/>
    </resources>
  </module>
  <files>
    <file>
      <destination>system</destination>
      <type>folder</type>
      <uuidstructure>7f695f71-5232-11e1-b64b-e5cbe0b4d4f3</uuidstructure>
      <datelastmodified>Wed, 08 Feb 2012 08:54:23 GMT</datelastmodified>
      <userlastmodified>Admin</userlastmodified>
      <datecreated>Wed, 08 Feb 2012 08:54:23 GMT</datecreated>
      <usercreated>Admin</usercreated>
      <flags>0</flags>
      <properties/>
      <relations/>
      <accesscontrol>
        <accessentry>
          <uuidprincipal>ROLE.WORKPLACE_USER</uuidprincipal>
          <flags>514</flags>
          <permissionset>
            <allowed>1</allowed>
            <denied>0</denied>
          </permissionset>
        </accessentry>
      </accesscontrol>
    </file>
    <file>
      <destination>system/modules</destination>
      <type>folder</type>
      <uuidstructure>8009221d-5232-11e1-b64b-e5cbe0b4d4f3</uuidstructure>
      <datelastmodified>Wed, 08 Feb 2012 08:54:24 GMT</datelastmodified>
      <userlastmodified>Admin</userlastmodified>
      <datecreated>Wed, 08 Feb 2012 08:54:24 GMT</datecreated>
      <usercreated>Admin</usercreated>
      <flags>0</flags>
      <properties/>
      <relations/>
      <accesscontrol>
        <accessentry>
          <uuidprincipal>ROLE.WORKPLACE_USER</uuidprincipal>
          <flags>514</flags>
          <permissionset>
            <allowed>5</allowed>
            <denied>0</denied>
          </permissionset>
        </accessentry>
      </accesscontrol>
    </file>
    <file>
      <destination>system/modules/org.opencms.ade.contenteditor</destination>
      <type>folder</type>
      <uuidstructure>b7467827-53cf-11e1-af11-e5cbe0b4d4f3</uuidstructure>
      <datelastmodified>Fri, 10 Feb 2012 10:12:19 GMT</datelastmodified>
      <userlastmodified>Admin</userlastmodified>
      <datecreated>Fri, 10 Feb 2012 10:12:19 GMT</datecreated>
      <usercreated>Admin</usercreated>
      <flags>0</flags>
      <properties/>
      <relations/>
      <accesscontrol/>
    </file>
    <file>
      <source>system/modules/org.opencms.ade.contenteditor/contenteditor.jsp</source>
      <destination>system/modules/org.opencms.ade.contenteditor/contenteditor.jsp</destination>
      <type>jsp</type>
      <uuidstructure>b91dbe4b-53d1-11e1-af11-e5cbe0b4d4f3</uuidstructure>
      <uuidresource>b91dbe4c-53d1-11e1-af11-e5cbe0b4d4f3</uuidresource>
      <datelastmodified>Fri, 10 Feb 2012 10:26:41 GMT</datelastmodified>
      <userlastmodified>Admin</userlastmodified>
      <datecreated>Fri, 10 Feb 2012 10:26:41 GMT</datecreated>
      <usercreated>Admin</usercreated>
      <flags>0</flags>
      <properties>
        <property type="shared">
          <name>export</name>
          <value><![CDATA[false]]></value>
        </property>
      </properties>
      <relations/>
      <accesscontrol/>
    </file>
    <file>
      <destination>system/modules/org.opencms.ade.contenteditor/resources</destination>
      <type>folder</type>
      <uuidstructure>ce6d97e9-53cf-11e1-af11-e5cbe0b4d4f3</uuidstructure>
      <datelastmodified>Fri, 10 Feb 2012 10:12:58 GMT</datelastmodified>
      <userlastmodified>Admin</userlastmodified>
      <datecreated>Fri, 10 Feb 2012 10:12:58 GMT</datecreated>
      <usercreated>Admin</usercreated>
      <flags>0</flags>
      <properties/>
      <relations/>
      <accesscontrol/>
    </file>
    <file>
      <destination>system/modules/org.opencms.ade.contenteditor/resources/contenteditor</destination>
      <type>folder</type>
      <uuidstructure>ce2722a1-53db-11e1-af11-e5cbe0b4d4f3</uuidstructure>
      <datelastmodified>Fri, 10 Feb 2012 11:38:51 GMT</datelastmodified>
      <userlastmodified>Admin</userlastmodified>
      <datecreated>Fri, 10 Feb 2012 11:38:51 GMT</datecreated>
      <usercreated>Admin</usercreated>
      <flags>0</flags>
      <properties/>
      <relations/>
      <accesscontrol/>
    </file>
    <file>
      <destination>system/workplace</destination>
      <type>folder</type>
      <uuidstructure>6dbd9558-8db6-11e0-972f-8f51174189b7</uuidstructure>
      <datelastmodified>Mon, 27 Mar 2006 12:00:00 GMT</datelastmodified>
      <userlastmodified>Admin</userlastmodified>
      <datecreated>Mon, 27 Jun 2005 08:00:00 GMT</datecreated>
      <usercreated>Admin</usercreated>
      <flags>0</flags>
      <properties>
        <property>
          <name>content-encoding</name>
          <value><![CDATA[UTF-8]]></value>
        </property>
        <property>
          <name>export</name>
          <value><![CDATA[false]]></value>
        </property>
        <property>
          <name>login-form</name>
          <value><![CDATA[/system/login/index.html]]></value>
        </property>
      </properties>
      <relations/>
      <accesscontrol>
        <accessentry>
          <uuidprincipal>ALL_OTHERS</uuidprincipal>
          <flags>134</flags>
          <permissionset>
            <allowed>0</allowed>
            <denied>0</denied>
          </permissionset>
        </accessentry>
        <accessentry>
          <uuidprincipal>ROLE.WORKPLACE_USER</uuidprincipal>
          <flags>518</flags>
          <permissionset>
            <allowed>5</allowed>
            <denied>0</denied>
          </permissionset>
        </accessentry>
      </accesscontrol>
    </file>
    <file>
      <destination>system/workplace/editors</destination>
      <type>folder</type>
      <uuidstructure>896ef88a-11b7-11db-91cd-fdbae480bac9</uuidstructure>
      <datelastmodified>Mon, 27 Mar 2006 12:00:00 GMT</datelastmodified>
      <userlastmodified>Admin</userlastmodified>
      <datecreated>Mon, 27 Jun 2005 08:00:00 GMT</datecreated>
      <usercreated>Admin</usercreated>
      <flags>0</flags>
      <properties>
        <property>
          <name>cache</name>
          <value><![CDATA[false]]></value>
        </property>
      </properties>
      <relations/>
      <accesscontrol>
        <accessentry>
          <uuidprincipal>ALL_OTHERS</uuidprincipal>
          <flags>134</flags>
          <permissionset>
            <allowed>0</allowed>
            <denied>0</denied>
          </permissionset>
        </accessentry>
        <accessentry>
          <uuidprincipal>ROLE.ELEMENT_AUTHOR</uuidprincipal>
          <flags>518</flags>
          <permissionset>
            <allowed>5</allowed>
            <denied>0</denied>
          </permissionset>
        </accessentry>
      </accesscontrol>
    </file>
    <file>
      <destination>system/workplace/editors/acacia</destination>
      <type>folder</type>
      <uuidstructure>ad2766c6-991c-11e1-a85e-d138de4a8c16</uuidstructure>
      <datelastmodified>Tue, 08 May 2012 14:47:25 GMT</datelastmodified>
      <userlastmodified>Admin</userlastmodified>
      <datecreated>Tue, 08 May 2012 14:47:04 GMT</datecreated>
      <usercreated>Admin</usercreated>
      <flags>0</flags>
      <properties>
        <property>
          <name>Title</name>
          <value><![CDATA[Acacia Editor]]></value>
        </property>
      </properties>
      <relations/>
      <accesscontrol/>
    </file>
    <file>
      <destination>system/workplace/editors/acacia/editor.jsp</destination>
      <type>jsp</type>
      <uuidstructure>caf4cbc9-991c-11e1-a85e-d138de4a8c16</uuidstructure>
      <uuidresource>b91dbe4c-53d1-11e1-af11-e5cbe0b4d4f3</uuidresource>
      <datelastmodified>Fri, 10 Feb 2012 10:26:41 GMT</datelastmodified>
      <userlastmodified>Admin</userlastmodified>
      <datecreated>Fri, 10 Feb 2012 10:26:41 GMT</datecreated>
      <usercreated>Admin</usercreated>
      <flags>0</flags>
      <properties>
        <property type="shared">
          <name>export</name>
          <value><![CDATA[false]]></value>
        </property>
      </properties>
      <relations/>
      <accesscontrol/>
    </file>
    <file>
      <source>system/workplace/editors/acacia/editor_configuration.xml</source>
      <destination>system/workplace/editors/acacia/editor_configuration.xml</destination>
      <type>plain</type>
      <uuidstructure>07ab3efc-991d-11e1-a85e-d138de4a8c16</uuidstructure>
      <uuidresource>07ab3efd-991d-11e1-a85e-d138de4a8c16</uuidresource>
      <datelastmodified>Wed, 09 May 2012 08:16:57 GMT</datelastmodified>
      <userlastmodified>Admin</userlastmodified>
      <datecreated>Tue, 08 May 2012 14:49:35 GMT</datecreated>
      <usercreated>Admin</usercreated>
      <flags>0</flags>
      <properties/>
      <relations/>
      <accesscontrol/>
    </file>
    <file>
      <source>system/modules/org.opencms.ade.contenteditor/resources/contenteditor/0D909F13382797DAA64616CDB40286EA.gwt.rpc</source>
      <destination>system/modules/org.opencms.ade.contenteditor/resources/contenteditor/0D909F13382797DAA64616CDB40286EA.gwt.rpc</destination>
      <type>binary</type>
      <uuidstructure>75aaed0f-60e9-11e4-b50b-b79003187127</uuidstructure>
      <uuidresource>75ab3b30-60e9-11e4-b50b-b79003187127</uuidresource>
      <datelastmodified>Fri, 31 Oct 2014 10:34:14 GMT</datelastmodified>
      <userlastmodified>Admin</userlastmodified>
      <datecreated>Fri, 31 Oct 2014 10:34:14 GMT</datecreated>
      <usercreated>Admin</usercreated>
      <flags>0</flags>
      <properties/>
      <relations/>
      <accesscontrol/>
    </file>
    <file>
      <source>system/modules/org.opencms.ade.contenteditor/resources/contenteditor/DA12CC18D44F7CE5E2DE96278FF37802.cache.html</source>
      <destination>system/modules/org.opencms.ade.contenteditor/resources/contenteditor/DA12CC18D44F7CE5E2DE96278FF37802.cache.html</destination>
      <type>binary</type>
      <uuidstructure>75adfa51-60e9-11e4-b50b-b79003187127</uuidstructure>
      <uuidresource>75ae4872-60e9-11e4-b50b-b79003187127</uuidresource>
      <datelastmodified>Fri, 31 Oct 2014 10:34:14 GMT</datelastmodified>
      <userlastmodified>Admin</userlastmodified>
      <datecreated>Fri, 31 Oct 2014 10:34:14 GMT</datecreated>
      <usercreated>Admin</usercreated>
      <flags>0</flags>
      <properties/>
      <relations/>
      <accesscontrol/>
    </file>
    <file>
      <source>system/modules/org.opencms.ade.contenteditor/resources/contenteditor/contenteditor.nocache.js</source>
      <destination>system/modules/org.opencms.ade.contenteditor/resources/contenteditor/contenteditor.nocache.js</destination>
      <type>binary</type>
      <uuidstructure>75b0e083-60e9-11e4-b50b-b79003187127</uuidstructure>
      <uuidresource>75b10794-60e9-11e4-b50b-b79003187127</uuidresource>
      <datelastmodified>Fri, 31 Oct 2014 10:34:14 GMT</datelastmodified>
      <userlastmodified>Admin</userlastmodified>
      <datecreated>Fri, 31 Oct 2014 10:34:14 GMT</datecreated>
      <usercreated>Admin</usercreated>
      <flags>0</flags>
      <properties/>
      <relations/>
      <accesscontrol/>
    </file>
    <file>
      <source>system/modules/org.opencms.ade.contenteditor/resources/contenteditor/BF32FC83B9B28FDB8A7FB1EB7737C22F.cache.html</source>
      <destination>system/modules/org.opencms.ade.contenteditor/resources/contenteditor/BF32FC83B9B28FDB8A7FB1EB7737C22F.cache.html</destination>
      <type>binary</type>
      <uuidstructure>75b37895-60e9-11e4-b50b-b79003187127</uuidstructure>
      <uuidresource>75b39fa6-60e9-11e4-b50b-b79003187127</uuidresource>
      <datelastmodified>Fri, 31 Oct 2014 10:34:14 GMT</datelastmodified>
      <userlastmodified>Admin</userlastmodified>
      <datecreated>Fri, 31 Oct 2014 10:34:14 GMT</datecreated>
      <usercreated>Admin</usercreated>
      <flags>0</flags>
      <properties/>
      <relations/>
      <accesscontrol/>
    </file>
    <file>
      <source>system/modules/org.opencms.ade.contenteditor/resources/contenteditor/clear.cache.gif</source>
      <destination>system/modules/org.opencms.ade.contenteditor/resources/contenteditor/clear.cache.gif</destination>
      <type>image</type>
      <uuidstructure>75b5c287-60e9-11e4-b50b-b79003187127</uuidstructure>
      <uuidresource>75b610a8-60e9-11e4-b50b-b79003187127</uuidresource>
      <datelastmodified>Fri, 31 Oct 2014 10:34:14 GMT</datelastmodified>
      <userlastmodified>Admin</userlastmodified>
      <datecreated>Fri, 31 Oct 2014 10:34:14 GMT</datecreated>
      <usercreated>Admin</usercreated>
      <flags>0</flags>
      <properties/>
      <relations/>
      <accesscontrol/>
    </file>
    <file>
      <source>system/modules/org.opencms.ade.contenteditor/resources/contenteditor/hosted.html</source>
      <destination>system/modules/org.opencms.ade.contenteditor/resources/contenteditor/hosted.html</destination>
      <type>binary</type>
      <uuidstructure>75b83389-60e9-11e4-b50b-b79003187127</uuidstructure>
      <uuidresource>75b85a9a-60e9-11e4-b50b-b79003187127</uuidresource>
      <datelastmodified>Fri, 31 Oct 2014 10:34:14 GMT</datelastmodified>
      <userlastmodified>Admin</userlastmodified>
      <datecreated>Fri, 31 Oct 2014 10:34:14 GMT</datecreated>
      <usercreated>Admin</usercreated>
      <flags>0</flags>
      <properties/>
      <relations/>
      <accesscontrol/>
    </file>
    <file>
      <source>system/modules/org.opencms.ade.contenteditor/resources/contenteditor/41DB4C409D60F7A1FA2E46CECC798659.gwt.rpc</source>
      <destination>system/modules/org.opencms.ade.contenteditor/resources/contenteditor/41DB4C409D60F7A1FA2E46CECC798659.gwt.rpc</destination>
      <type>binary</type>
      <uuidstructure>75ba7d7b-60e9-11e4-b50b-b79003187127</uuidstructure>
      <uuidresource>75bacb9c-60e9-11e4-b50b-b79003187127</uuidresource>
      <datelastmodified>Fri, 31 Oct 2014 10:34:14 GMT</datelastmodified>
      <userlastmodified>Admin</userlastmodified>
      <datecreated>Fri, 31 Oct 2014 10:34:14 GMT</datecreated>
      <usercreated>Admin</usercreated>
      <flags>0</flags>
      <properties/>
      <relations/>
      <accesscontrol/>
    </file>
    <file>
      <source>system/modules/org.opencms.ade.contenteditor/resources/contenteditor/F3B41940C683E42BA9B6575D7CDDB15C.gwt.rpc</source>
      <destination>system/modules/org.opencms.ade.contenteditor/resources/contenteditor/F3B41940C683E42BA9B6575D7CDDB15C.gwt.rpc</destination>
      <type>binary</type>
      <uuidstructure>75bd158d-60e9-11e4-b50b-b79003187127</uuidstructure>
      <uuidresource>75bd3c9e-60e9-11e4-b50b-b79003187127</uuidresource>
      <datelastmodified>Fri, 31 Oct 2014 10:34:14 GMT</datelastmodified>
      <userlastmodified>Admin</userlastmodified>
      <datecreated>Fri, 31 Oct 2014 10:34:14 GMT</datecreated>
      <usercreated>Admin</usercreated>
      <flags>0</flags>
      <properties/>
      <relations/>
      <accesscontrol/>
    </file>
    <file>
      <source>system/modules/org.opencms.ade.contenteditor/resources/contenteditor/4C6A98AE1EC869648C96730ABC8507BD.cache.html</source>
      <destination>system/modules/org.opencms.ade.contenteditor/resources/contenteditor/4C6A98AE1EC869648C96730ABC8507BD.cache.html</destination>
      <type>binary</type>
      <uuidstructure>75c022cf-60e9-11e4-b50b-b79003187127</uuidstructure>
      <uuidresource>75c070f0-60e9-11e4-b50b-b79003187127</uuidresource>
      <datelastmodified>Fri, 31 Oct 2014 10:34:14 GMT</datelastmodified>
      <userlastmodified>Admin</userlastmodified>
      <datecreated>Fri, 31 Oct 2014 10:34:14 GMT</datecreated>
      <usercreated>Admin</usercreated>
      <flags>0</flags>
      <properties/>
      <relations/>
      <accesscontrol/>
    </file>
    <file>
      <source>system/modules/org.opencms.ade.contenteditor/resources/contenteditor/FC193A08EFE8A8187D1771D3E7125CBD.cache.html</source>
      <destination>system/modules/org.opencms.ade.contenteditor/resources/contenteditor/FC193A08EFE8A8187D1771D3E7125CBD.cache.html</destination>
      <type>binary</type>
      <uuidstructure>75c3a541-60e9-11e4-b50b-b79003187127</uuidstructure>
      <uuidresource>75c3cc52-60e9-11e4-b50b-b79003187127</uuidresource>
      <datelastmodified>Fri, 31 Oct 2014 10:34:14 GMT</datelastmodified>
      <userlastmodified>Admin</userlastmodified>
      <datecreated>Fri, 31 Oct 2014 10:34:14 GMT</datecreated>
      <usercreated>Admin</usercreated>
      <flags>0</flags>
      <properties/>
      <relations/>
      <accesscontrol/>
    </file>
    <file>
      <source>system/modules/org.opencms.ade.contenteditor/resources/contenteditor/DE0F932F4B4C483ACD58B3F88007494F.gwt.rpc</source>
      <destination>system/modules/org.opencms.ade.contenteditor/resources/contenteditor/DE0F932F4B4C483ACD58B3F88007494F.gwt.rpc</destination>
      <type>binary</type>
      <uuidstructure>75c68b73-60e9-11e4-b50b-b79003187127</uuidstructure>
      <uuidresource>75c6b284-60e9-11e4-b50b-b79003187127</uuidresource>
      <datelastmodified>Fri, 31 Oct 2014 10:34:14 GMT</datelastmodified>
      <userlastmodified>Admin</userlastmodified>
      <datecreated>Fri, 31 Oct 2014 10:34:14 GMT</datecreated>
      <usercreated>Admin</usercreated>
      <flags>0</flags>
      <properties/>
      <relations/>
      <accesscontrol/>
    </file>
    <file>
      <source>system/modules/org.opencms.ade.contenteditor/resources/contenteditor/A2F581E9C9CEF6EB2779FA29C49F37BF.gwt.rpc</source>
      <destination>system/modules/org.opencms.ade.contenteditor/resources/contenteditor/A2F581E9C9CEF6EB2779FA29C49F37BF.gwt.rpc</destination>
      <type>binary</type>
      <uuidstructure>75c971a5-60e9-11e4-b50b-b79003187127</uuidstructure>
      <uuidresource>75c9bfc6-60e9-11e4-b50b-b79003187127</uuidresource>
      <datelastmodified>Fri, 31 Oct 2014 10:34:14 GMT</datelastmodified>
      <userlastmodified>Admin</userlastmodified>
      <datecreated>Fri, 31 Oct 2014 10:34:14 GMT</datecreated>
      <usercreated>Admin</usercreated>
      <flags>0</flags>
      <properties/>
      <relations/>
      <accesscontrol/>
    </file>
    <file>
      <source>system/modules/org.opencms.ade.contenteditor/resources/contenteditor/614A8351A28C0A4378525F849533D3FF.gwt.rpc</source>
      <destination>system/modules/org.opencms.ade.contenteditor/resources/contenteditor/614A8351A28C0A4378525F849533D3FF.gwt.rpc</destination>
      <type>binary</type>
      <uuidstructure>75cc09b7-60e9-11e4-b50b-b79003187127</uuidstructure>
      <uuidresource>75cc57d8-60e9-11e4-b50b-b79003187127</uuidresource>
      <datelastmodified>Fri, 31 Oct 2014 10:34:14 GMT</datelastmodified>
      <userlastmodified>Admin</userlastmodified>
      <datecreated>Fri, 31 Oct 2014 10:34:14 GMT</datecreated>
      <usercreated>Admin</usercreated>
      <flags>0</flags>
      <properties/>
      <relations/>
      <accesscontrol/>
    </file>
    <file>
      <source>system/modules/org.opencms.ade.contenteditor/resources/contenteditor/776E5765660CE8CCED9F9A8BEAE37021.gwt.rpc</source>
      <destination>system/modules/org.opencms.ade.contenteditor/resources/contenteditor/776E5765660CE8CCED9F9A8BEAE37021.gwt.rpc</destination>
      <type>binary</type>
      <uuidstructure>75cea1c9-60e9-11e4-b50b-b79003187127</uuidstructure>
      <uuidresource>75ceefea-60e9-11e4-b50b-b79003187127</uuidresource>
      <datelastmodified>Fri, 31 Oct 2014 10:34:14 GMT</datelastmodified>
      <userlastmodified>Admin</userlastmodified>
      <datecreated>Fri, 31 Oct 2014 10:34:14 GMT</datecreated>
      <usercreated>Admin</usercreated>
      <flags>0</flags>
      <properties/>
      <relations/>
      <accesscontrol/>
    </file>
    <file>
      <source>system/modules/org.opencms.ade.contenteditor/resources/contenteditor/144D8312A0C82053CB10960F4A165924.gwt.rpc</source>
      <destination>system/modules/org.opencms.ade.contenteditor/resources/contenteditor/144D8312A0C82053CB10960F4A165924.gwt.rpc</destination>
      <type>binary</type>
      <uuidstructure>75d0ebbb-60e9-11e4-b50b-b79003187127</uuidstructure>
      <uuidresource>75d112cc-60e9-11e4-b50b-b79003187127</uuidresource>
      <datelastmodified>Fri, 31 Oct 2014 10:34:14 GMT</datelastmodified>
      <userlastmodified>Admin</userlastmodified>
      <datecreated>Fri, 31 Oct 2014 10:34:14 GMT</datecreated>
      <usercreated>Admin</usercreated>
      <flags>0</flags>
      <properties/>
      <relations/>
      <accesscontrol/>
    </file>
  </files>
</export>
