<?xml version="1.0" encoding="UTF-8"?>

<DocumentationFigures xmlns:xsi="http://www.w3.org/2001/XMLSchema-instance" xsi:noNamespaceSchemaLocation="opencms://system/modules/com.alkacon.opencms.documentation/schemas/documentation-figure.xsd">
  <DocumentationFigure language="en">
    <Identifier><![CDATA[demo-functiondetailpage-containerinfo]]></Identifier>
    <Title><![CDATA[The property container.info, as set in the example.]]></Title>
    <Image>
      <link type="WEAK">
        <target><![CDATA[/sites/default/documentation/.galleries/pictures/FunctionDetailPage-ContainerInfoProperty.png]]></target>
        <uuid>2b5d347b-2156-11e4-a141-d9f74955ba1b</uuid>
      </link>
    </Image>
    <OpenCmsVersion><![CDATA[9.4.8]]></OpenCmsVersion>
  </DocumentationFigure>
</DocumentationFigures>
