<?xml version="1.0" encoding="UTF-8"?>

<DocumentationDemoArticleDependentFields xmlns:xsi="http://www.w3.org/2001/XMLSchema-instance" xsi:noNamespaceSchemaLocation="opencms://system/modules/com.alkacon.opencms.documentation/schemas/demo/documentation-demo-dependent-fields.xsd">
  <DocumentationDemoArticleDependentField language="en">
    <Image>
      <link type="WEAK">
        <target><![CDATA[/sites/default/documentation/demos/.galleries/demo-images/OpenCms_Logo.png]]></target>
        <uuid>71e54381-1e1e-11e4-8373-d9f74955ba1b</uuid>
      </link>
    </Image>
    <CopyText><![CDATA[copyleft]]></CopyText>
  </DocumentationDemoArticleDependentField>
</DocumentationDemoArticleDependentFields>
