<?xml version="1.0" encoding="UTF-8"?>

<NewFormatters xmlns:xsi="http://www.w3.org/2001/XMLSchema-instance" xsi:noNamespaceSchemaLocation="opencms://system/modules/org.opencms.ade.config/schemas/formatters/new_formatter.xsd">
  <NewFormatter language="en">
    <NiceName><![CDATA[Flexible content default formatter]]></NiceName>
    <Type><![CDATA[bs-flexible]]></Type>
    <Jsp>
      <link type="WEAK">
        <target><![CDATA[/system/modules/com.alkacon.bootstrap.formatters/formatters/flexible.jsp]]></target>
        <uuid>3496dbbd-210d-11e3-9f67-000c297c001d</uuid>
      </link>
    </Jsp>
    <Rank><![CDATA[1000]]></Rank>
    <Match>
      <Width>
        <Width><![CDATA[-1]]></Width>
      </Width>
    </Match>
    <Preview>false</Preview>
    <SearchContent>false</SearchContent>
    <AutoEnabled>true</AutoEnabled>
    <Detail>true</Detail>
    <Setting>
      <PropertyName><![CDATA[hideTitle]]></PropertyName>
      <DisplayName><![CDATA[%(key.bootstrap.setting.hidetitle)]]></DisplayName>
      <Widget><![CDATA[checkbox]]></Widget>
    </Setting>
    <Setting>
      <PropertyName><![CDATA[requireReload]]></PropertyName>
      <DisplayName><![CDATA[%(key.bootstrap.setting.requirereload)]]></DisplayName>
      <Widget><![CDATA[checkbox]]></Widget>
    </Setting>
    <Setting>
      <PropertyName><![CDATA[cssClass]]></PropertyName>
      <DisplayName><![CDATA[%(key.bootstrap.setting.cssclass)]]></DisplayName>
      <Widget><![CDATA[string]]></Widget>
    </Setting>
  </NewFormatter>
</NewFormatters>
