<?xml version="1.0" encoding="UTF-8"?>

<NewFormatters xmlns:xsi="http://www.w3.org/2001/XMLSchema-instance" xsi:noNamespaceSchemaLocation="opencms://system/modules/org.opencms.ade.config/schemas/formatters/new_formatter.xsd">
  <NewFormatter language="en">
    <NiceName><![CDATA[Icon box formatter]]></NiceName>
    <Type><![CDATA[bs-iconbox]]></Type>
    <Jsp>
      <link type="WEAK">
        <target><![CDATA[/system/modules/com.alkacon.bootstrap.formatters/formatters/iconbox.jsp]]></target>
        <uuid>5548055c-3cc3-11e4-bed5-005056b61161</uuid>
      </link>
    </Jsp>
    <Rank><![CDATA[1000]]></Rank>
    <Match>
      <Types>
        <ContainerType><![CDATA[full]]></ContainerType>
        <ContainerType><![CDATA[onehalf]]></ContainerType>
        <ContainerType><![CDATA[onethird]]></ContainerType>
        <ContainerType><![CDATA[twothirds]]></ContainerType>
        <ContainerType><![CDATA[onequarter]]></ContainerType>
        <ContainerType><![CDATA[threequarters]]></ContainerType>
      </Types>
    </Match>
    <Preview>true</Preview>
    <SearchContent>true</SearchContent>
    <AutoEnabled>true</AutoEnabled>
    <Detail>false</Detail>
    <NestedContainers>false</NestedContainers>
    <Setting>
      <PropertyName><![CDATA[color]]></PropertyName>
      <DisplayName><![CDATA[Color]]></DisplayName>
      <Description><![CDATA[The background color of the box.]]></Description>
      <Widget><![CDATA[select]]></Widget>
      <Default><![CDATA[default]]></Default>
      <WidgetConfig><![CDATA[default:Light gray (Default)|grey:Medium grey|dark:Dark grey|red:Red|purple:Purple|blue:Blue|dark-blue:Dark blue|aqua:Aqua|sea:Turquoise|green:Green|light-green:Light green|yellow:Yellow|orange:Orange|brown:Brown]]></WidgetConfig>
    </Setting>
    <Setting>
      <PropertyName><![CDATA[rounded]]></PropertyName>
      <DisplayName><![CDATA[Rounded corners]]></DisplayName>
      <Description><![CDATA[Select this for rounded corners.]]></Description>
      <Widget><![CDATA[select]]></Widget>
      <Default><![CDATA[x]]></Default>
      <WidgetConfig><![CDATA[x:None|rounded:4px|rounded-2x:10px|rounded-3x:15px|rounded-4x:20px|rounded-x:50%]]></WidgetConfig>
    </Setting>
  </NewFormatter>
</NewFormatters>
