<?xml version="1.0" encoding="UTF-8"?>

<NewFormatters xmlns:xsi="http://www.w3.org/2001/XMLSchema-instance" xsi:noNamespaceSchemaLocation="opencms://system/modules/org.opencms.ade.config/schemas/formatters/new_formatter.xsd">
  <NewFormatter language="en">
    <NiceName><![CDATA[Simple animation formatter]]></NiceName>
    <Type><![CDATA[bs-image]]></Type>
    <Jsp>
      <link type="WEAK">
        <target><![CDATA[/system/modules/com.alkacon.bootstrap.formatters/formatters/image-simple-animated.jsp]]></target>
        <uuid>070c758b-5e02-11e4-b480-005056b61161</uuid>
      </link>
    </Jsp>
    <Rank><![CDATA[700]]></Rank>
    <Match>
      <Types>
        <ContainerType><![CDATA[full]]></ContainerType>
        <ContainerType><![CDATA[onehalf]]></ContainerType>
        <ContainerType><![CDATA[onethird]]></ContainerType>
        <ContainerType><![CDATA[twothirds]]></ContainerType>
        <ContainerType><![CDATA[onequarter]]></ContainerType>
        <ContainerType><![CDATA[threequarters]]></ContainerType>
      </Types>
    </Match>
    <Preview>true</Preview>
    <SearchContent>true</SearchContent>
    <AutoEnabled>true</AutoEnabled>
    <Detail>false</Detail>
    <NestedContainers>false</NestedContainers>
    <Setting>
      <PropertyName><![CDATA[showheadline]]></PropertyName>
      <DisplayName><![CDATA[Headline display]]></DisplayName>
      <Description><![CDATA[Select how the headline will be shown.]]></Description>
      <Widget><![CDATA[select]]></Widget>
      <Default><![CDATA[false]]></Default>
      <WidgetConfig><![CDATA[false:Don't show the headline|top:Headline above the image, left aligned|bottom:Headline below, left aligned|bottomcenter:Small Headline below, centered]]></WidgetConfig>
    </Setting>
    <Setting>
      <PropertyName><![CDATA[showtext]]></PropertyName>
      <DisplayName><![CDATA[Text display]]></DisplayName>
      <Description><![CDATA[Select how text will be shown.]]></Description>
      <Widget><![CDATA[select]]></Widget>
      <Default><![CDATA[false]]></Default>
      <WidgetConfig><![CDATA[false:Don't show the text|true:Text below, left aligned]]></WidgetConfig>
    </Setting>
    <Setting>
      <PropertyName><![CDATA[showlink]]></PropertyName>
      <DisplayName><![CDATA[Link display]]></DisplayName>
      <Description><![CDATA[Select how the link will be shown.]]></Description>
      <Widget><![CDATA[select]]></Widget>
      <Default><![CDATA[false]]></Default>
      <WidgetConfig><![CDATA[false:Don't show the link|image:Image link|button:Show a link button below the image]]></WidgetConfig>
    </Setting>
    <Setting>
      <PropertyName><![CDATA[border]]></PropertyName>
      <DisplayName><![CDATA[Border]]></DisplayName>
      <Description><![CDATA[If checked, the image will be shown with a border.]]></Description>
      <Widget><![CDATA[checkbox]]></Widget>
      <Default><![CDATA[false]]></Default>
    </Setting>
    <Setting>
      <PropertyName><![CDATA[shadow]]></PropertyName>
      <DisplayName><![CDATA[Shadow]]></DisplayName>
      <Description><![CDATA[If checked, a shadow is added shadow to the image.]]></Description>
      <Widget><![CDATA[checkbox]]></Widget>
      <Default><![CDATA[false]]></Default>
    </Setting>
  </NewFormatter>
</NewFormatters>
