<?xml version="1.0" encoding="UTF-8"?>

<NewFormatters xmlns:xsi="http://www.w3.org/2001/XMLSchema-instance" xsi:noNamespaceSchemaLocation="opencms://system/modules/org.opencms.ade.config/schemas/formatters/new_formatter.xsd">
  <NewFormatter language="en">
    <NiceName><![CDATA[Image gallery default formatter]]></NiceName>
    <Type><![CDATA[bs-imagegalleryshow]]></Type>
    <Jsp>
      <link type="WEAK">
        <target><![CDATA[/system/modules/com.alkacon.bootstrap.formatters/formatters/imagegalleryshow.jsp]]></target>
        <uuid>41f1544e-3bde-11e3-a0c9-000c2943a707</uuid>
      </link>
    </Jsp>
    <Rank><![CDATA[1000]]></Rank>
    <Match>
      <Types>
        <ContainerType><![CDATA[full]]></ContainerType>
        <ContainerType><![CDATA[onehalf]]></ContainerType>
        <ContainerType><![CDATA[twothirds]]></ContainerType>
        <ContainerType><![CDATA[threequarters]]></ContainerType>
      </Types>
    </Match>
    <Preview>false</Preview>
    <SearchContent>true</SearchContent>
    <AutoEnabled>true</AutoEnabled>
    <Detail>true</Detail>
    <NestedContainers>false</NestedContainers>
    <HeadIncludeCss>
      <CssLink>
        <link type="WEAK">
          <target><![CDATA[/system/modules/com.alkacon.bootstrap.basics/resources/theme-unify/plugins/fancybox/source/jquery.fancybox.css]]></target>
          <uuid>7b2bb568-3bdd-11e3-a0c9-000c2943a707</uuid>
        </link>
      </CssLink>
    </HeadIncludeCss>
    <HeadIncludeJs>
      <JavascriptLink>
        <link type="WEAK">
          <target><![CDATA[/system/modules/com.alkacon.bootstrap.basics/resources/theme-unify/plugins/fancybox/source/jquery.fancybox.pack.js]]></target>
          <uuid>7b37271e-3bdd-11e3-a0c9-000c2943a707</uuid>
        </link>
      </JavascriptLink>
    </HeadIncludeJs>
    <Setting>
      <PropertyName><![CDATA[hidetitle]]></PropertyName>
      <DisplayName><![CDATA[%(key.bootstrap.setting.hidetitle)]]></DisplayName>
      <Widget><![CDATA[checkbox]]></Widget>
      <Default><![CDATA[false]]></Default>
    </Setting>
  </NewFormatter>
</NewFormatters>
