<?xml version="1.0" encoding="UTF-8"?>

<NewFormatters xmlns:xsi="http://www.w3.org/2001/XMLSchema-instance" xsi:noNamespaceSchemaLocation="opencms://system/modules/org.opencms.ade.config/schemas/formatters/new_formatter.xsd">
  <NewFormatter language="en">
    <NiceName><![CDATA[List formatter for small Blog Entries]]></NiceName>
    <Type><![CDATA[bs-list]]></Type>
    <Jsp>
      <link type="WEAK">
        <target><![CDATA[/system/modules/com.alkacon.bootstrap.formatters/formatters/list-small.jsp]]></target>
        <uuid>caabadf1-21db-11e3-b95f-000c29d28104</uuid>
      </link>
    </Jsp>
    <Rank><![CDATA[1000]]></Rank>
    <Match>
      <Types>
        <ContainerType><![CDATA[full]]></ContainerType>
        <ContainerType><![CDATA[onehalf]]></ContainerType>
        <ContainerType><![CDATA[onethird]]></ContainerType>
        <ContainerType><![CDATA[onequarter]]></ContainerType>
      </Types>
    </Match>
    <Preview>false</Preview>
    <SearchContent>true</SearchContent>
    <AutoEnabled>true</AutoEnabled>
    <Detail>true</Detail>
    <NestedContainers>false</NestedContainers>
    <HeadIncludeJs>
      <JavascriptLink>
        <link type="WEAK">
          <target><![CDATA[/system/modules/com.alkacon.bootstrap.basics/resources/bootstrap-paginator/bootstrap-paginator.min.js]]></target>
          <uuid>35ab8e6a-5372-11e4-9866-005056b61161</uuid>
        </link>
      </JavascriptLink>
    </HeadIncludeJs>
    <Setting>
      <PropertyName><![CDATA[hidetitle]]></PropertyName>
      <DisplayName><![CDATA[%(key.bootstrap.setting.hidetitle)]]></DisplayName>
      <Widget><![CDATA[checkbox]]></Widget>
      <Default><![CDATA[false]]></Default>
    </Setting>
    <Setting>
      <PropertyName><![CDATA[showdate]]></PropertyName>
      <DisplayName><![CDATA[%(key.bootstrap.setting.showdate)]]></DisplayName>
      <Widget><![CDATA[checkbox]]></Widget>
      <Default><![CDATA[true]]></Default>
    </Setting>
    <Setting>
      <PropertyName><![CDATA[teaserlength]]></PropertyName>
      <DisplayName><![CDATA[%(key.bootstrap.setting.teaserlength)]]></DisplayName>
      <Widget><![CDATA[string]]></Widget>
      <Default><![CDATA[100]]></Default>
    </Setting>
  </NewFormatter>
</NewFormatters>
