<?xml version="1.0" encoding="UTF-8"?>

<NewFormatters xmlns:xsi="http://www.w3.org/2001/XMLSchema-instance" xsi:noNamespaceSchemaLocation="opencms://system/modules/org.opencms.ade.config/schemas/formatters/new_formatter.xsd">
  <NewFormatter language="en">
    <NiceName><![CDATA[Slider default formatter]]></NiceName>
    <Type><![CDATA[bs-slider]]></Type>
    <Jsp>
      <link type="WEAK">
        <target><![CDATA[/system/modules/com.alkacon.bootstrap.formatters/formatters/slider.jsp]]></target>
        <uuid>5e9a18fa-241f-11e3-adc8-000c297c001d</uuid>
      </link>
    </Jsp>
    <Rank><![CDATA[1000]]></Rank>
    <Match>
      <Types>
        <ContainerType><![CDATA[full]]></ContainerType>
        <ContainerType><![CDATA[wide]]></ContainerType>
      </Types>
    </Match>
    <Preview>false</Preview>
    <SearchContent>true</SearchContent>
    <AutoEnabled>true</AutoEnabled>
    <Detail>true</Detail>
    <NestedContainers>false</NestedContainers>
    <HeadIncludeCss>
      <CssLink>
        <link type="WEAK">
          <target><![CDATA[/system/modules/com.alkacon.bootstrap.basics/resources/theme-unify/plugins/revolution_slider/rs-plugin/css/settings.css]]></target>
          <uuid>18676eb4-3a3b-11e3-a584-000c2943a707</uuid>
        </link>
      </CssLink>
    </HeadIncludeCss>
    <HeadIncludeJs>
      <JavascriptLink>
        <link type="WEAK">
          <target><![CDATA[/system/modules/com.alkacon.bootstrap.basics/resources/theme-unify/plugins/revolution_slider/rs-plugin/js/jquery.themepunch.plugins.min.js]]></target>
          <uuid>901241d6-2839-11e4-96d6-005056b61161</uuid>
        </link>
      </JavascriptLink>
      <JavascriptLink>
        <link type="WEAK">
          <target><![CDATA[/system/modules/com.alkacon.bootstrap.basics/resources/theme-unify/plugins/revolution_slider/rs-plugin/js/jquery.themepunch.revolution.min.js]]></target>
          <uuid>189e5d51-3a3b-11e3-a584-000c2943a707</uuid>
        </link>
      </JavascriptLink>
    </HeadIncludeJs>
    <Setting>
      <PropertyName><![CDATA[hidetitle]]></PropertyName>
      <DisplayName><![CDATA[%(key.bootstrap.setting.hidetitle)]]></DisplayName>
      <Widget><![CDATA[checkbox]]></Widget>
      <Default><![CDATA[false]]></Default>
    </Setting>
  </NewFormatter>
</NewFormatters>
