<?xml version="1.0" encoding="UTF-8"?>

<NewFormatters xmlns:xsi="http://www.w3.org/2001/XMLSchema-instance" xsi:noNamespaceSchemaLocation="opencms://system/modules/org.opencms.ade.config/schemas/formatters/new_formatter.xsd">
  <NewFormatter language="en">
    <NiceName><![CDATA[Template row formatter]]></NiceName>
    <Type><![CDATA[bs-templaterow]]></Type>
    <Jsp>
      <link type="WEAK">
        <target><![CDATA[/system/modules/com.alkacon.bootstrap.formatters/formatters/templaterow.jsp]]></target>
        <uuid>a85cb336-277d-11e4-96d6-005056b61161</uuid>
      </link>
    </Jsp>
    <Rank><![CDATA[1000]]></Rank>
    <Match>
      <Types>
        <ContainerType><![CDATA[page]]></ContainerType>
      </Types>
    </Match>
    <Preview>true</Preview>
    <SearchContent>true</SearchContent>
    <AutoEnabled>true</AutoEnabled>
    <Detail>false</Detail>
    <NestedContainers>true</NestedContainers>
    <Setting>
      <PropertyName><![CDATA[full]]></PropertyName>
      <DisplayName><![CDATA[Full width]]></DisplayName>
      <Description><![CDATA[If checked, the row will use the entire width of the viewport.]]></Description>
      <Widget><![CDATA[checkbox]]></Widget>
      <Default><![CDATA[false]]></Default>
    </Setting>
    <Setting>
      <PropertyName><![CDATA[createcontainerandrow]]></PropertyName>
      <DisplayName><![CDATA[Create container and row]]></DisplayName>
      <Description><![CDATA[If checked, the bootstrap container and row wrappers will be created.]]></Description>
      <Widget><![CDATA[checkbox]]></Widget>
      <Default><![CDATA[true]]></Default>
    </Setting>
    <Setting>
      <PropertyName><![CDATA[usemodifier]]></PropertyName>
      <DisplayName><![CDATA[Use CSS modifier]]></DisplayName>
      <Description><![CDATA[If checked, only the optional CSS modifier class will be used.]]></Description>
      <Widget><![CDATA[checkbox]]></Widget>
      <Default><![CDATA[false]]></Default>
    </Setting>
    <Setting>
      <PropertyName><![CDATA[addcontentclass]]></PropertyName>
      <DisplayName><![CDATA[Add padding on top]]></DisplayName>
      <Description><![CDATA[If checked, the content CSS class is added to the container element (for padding).]]></Description>
      <Widget><![CDATA[checkbox]]></Widget>
      <Default><![CDATA[false]]></Default>
    </Setting>
  </NewFormatter>
</NewFormatters>
