<?xml version="1.0" encoding="UTF-8"?>

<NewFormatters xmlns:xsi="http://www.w3.org/2001/XMLSchema-instance" xsi:noNamespaceSchemaLocation="opencms://system/modules/org.opencms.ade.config/schemas/formatters/new_formatter.xsd">
  <NewFormatter language="en">
    <NiceName><![CDATA[Jumbotron formatter]]></NiceName>
    <Type><![CDATA[bs-text]]></Type>
    <Jsp>
      <link type="WEAK">
        <target><![CDATA[/system/modules/com.alkacon.bootstrap.formatters/formatters/text-jumbotron.jsp]]></target>
        <uuid>c42f1a1b-3cd1-11e4-bed5-005056b61161</uuid>
      </link>
    </Jsp>
    <Rank><![CDATA[500]]></Rank>
    <Match>
      <Types>
        <ContainerType><![CDATA[full]]></ContainerType>
        <ContainerType><![CDATA[onehalf]]></ContainerType>
        <ContainerType><![CDATA[onethird]]></ContainerType>
        <ContainerType><![CDATA[twothirds]]></ContainerType>
        <ContainerType><![CDATA[onequarter]]></ContainerType>
        <ContainerType><![CDATA[threequarters]]></ContainerType>
        <ContainerType><![CDATA[contentandlayoutrows]]></ContainerType>
      </Types>
    </Match>
    <Preview>false</Preview>
    <SearchContent>true</SearchContent>
    <AutoEnabled>true</AutoEnabled>
    <Detail>false</Detail>
    <NestedContainers>false</NestedContainers>
  </NewFormatter>
</NewFormatters>
