<?xml version="1.0" encoding="UTF-8"?>

<NewFormatters xmlns:xsi="http://www.w3.org/2001/XMLSchema-instance" xsi:noNamespaceSchemaLocation="opencms://system/modules/org.opencms.ade.config/schemas/formatters/new_formatter.xsd">
  <NewFormatter language="en">
    <NiceName><![CDATA[Headline formatter]]></NiceName>
    <Type><![CDATA[bs-text]]></Type>
    <Jsp>
      <link type="WEAK">
        <target><![CDATA[/system/modules/com.alkacon.bootstrap.formatters/formatters/text-headline.jsp]]></target>
        <uuid>7b392b56-4a0a-11e4-9866-005056b61161</uuid>
      </link>
    </Jsp>
    <Rank><![CDATA[400]]></Rank>
    <Match>
      <Types>
        <ContainerType><![CDATA[full]]></ContainerType>
        <ContainerType><![CDATA[onehalf]]></ContainerType>
        <ContainerType><![CDATA[onethird]]></ContainerType>
        <ContainerType><![CDATA[twothirds]]></ContainerType>
        <ContainerType><![CDATA[onequarter]]></ContainerType>
        <ContainerType><![CDATA[threequarters]]></ContainerType>
        <ContainerType><![CDATA[contentandlayoutrows]]></ContainerType>
      </Types>
    </Match>
    <Preview>false</Preview>
    <SearchContent>true</SearchContent>
    <AutoEnabled>true</AutoEnabled>
    <Detail>false</Detail>
    <NestedContainers>false</NestedContainers>
  </NewFormatter>
</NewFormatters>
