<?xml version="1.0" encoding="UTF-8"?>

<NewFormatters xmlns:xsi="http://www.w3.org/2001/XMLSchema-instance" xsi:noNamespaceSchemaLocation="opencms://system/modules/org.opencms.ade.config/schemas/formatters/new_formatter.xsd">
  <NewFormatter language="en">
    <NiceName><![CDATA[Default formatter]]></NiceName>
    <Type><![CDATA[bs-text]]></Type>
    <Jsp>
      <link type="WEAK">
        <target><![CDATA[/system/modules/com.alkacon.bootstrap.formatters/formatters/text.jsp]]></target>
        <uuid>aaede9c2-3a5f-11e4-bed5-005056b61161</uuid>
      </link>
    </Jsp>
    <Rank><![CDATA[1000]]></Rank>
    <Match>
      <Types>
        <ContainerType><![CDATA[full]]></ContainerType>
        <ContainerType><![CDATA[onehalf]]></ContainerType>
        <ContainerType><![CDATA[onethird]]></ContainerType>
        <ContainerType><![CDATA[twothirds]]></ContainerType>
        <ContainerType><![CDATA[onequarter]]></ContainerType>
        <ContainerType><![CDATA[threequarters]]></ContainerType>
        <ContainerType><![CDATA[contentandlayoutrows]]></ContainerType>
      </Types>
    </Match>
    <Preview>true</Preview>
    <SearchContent>true</SearchContent>
    <AutoEnabled>true</AutoEnabled>
    <Detail>false</Detail>
    <NestedContainers>false</NestedContainers>
    <Setting>
      <PropertyName><![CDATA[hidetitle]]></PropertyName>
      <DisplayName><![CDATA[%(key.bootstrap.setting.hidetitle)]]></DisplayName>
      <Widget><![CDATA[checkbox]]></Widget>
      <Default><![CDATA[false]]></Default>
    </Setting>
    <Setting>
      <PropertyName><![CDATA[boxlayout]]></PropertyName>
      <DisplayName><![CDATA[Box layout]]></DisplayName>
      <Description><![CDATA[Optional Box layout variants for the text.]]></Description>
      <Widget><![CDATA[select]]></Widget>
      <Default><![CDATA[none]]></Default>
      <WidgetConfig><![CDATA[none:None|tag-box tag-box-v1:Colored border top|tag-box tag-box-v2:Colored border left (Grey background)|tag-box tag-box-v7:Colored border bottom|tag-box tag-box-v3:Framed Box|tag-box tag-box-v6:Grey background box|tag-box tag-box-v4:Dotted box|tag-box tag-box-v5:Dotted box (centered)]]></WidgetConfig>
    </Setting>
    <Setting>
      <PropertyName><![CDATA[wrapperclass]]></PropertyName>
      <DisplayName><![CDATA[Wrapper CSS class]]></DisplayName>
      <Description><![CDATA[Optional CSS class name for the outer <div> element.]]></Description>
      <Widget><![CDATA[string]]></Widget>
    </Setting>
  </NewFormatter>
</NewFormatters>
