<?xml version="1.0" encoding="UTF-8"?>

<BootstrapIconBoxs xmlns:xsi="http://www.w3.org/2001/XMLSchema-instance" xsi:noNamespaceSchemaLocation="opencms://system/modules/com.alkacon.bootstrap.schemas/schemas/iconbox.xsd">
  <BootstrapIconBox language="en">
    <Headline><![CDATA[OpenCms Beginners Tutorial]]></Headline>
    <Icon><![CDATA[Lightbulb]]></Icon>
    <Text><![CDATA[Click here for a guided tour that explains in 5 simple steps how to edit content, create pages and work with OpenCms. Also contains information about how to login. This is a good introduction if you are new to OpenCms.]]></Text>
    <Link>
      <link internal="true" type="WEAK">
        <target><![CDATA[/sites/default/tutorial/]]></target>
        <uuid>e839825e-5ade-11e4-955d-005056b61161</uuid>
      </link>
    </Link>
  </BootstrapIconBox>
</BootstrapIconBoxs>
