<?xml version="1.0" encoding="UTF-8"?>

<BootstrapIconBoxs xmlns:xsi="http://www.w3.org/2001/XMLSchema-instance" xsi:noNamespaceSchemaLocation="opencms://system/modules/com.alkacon.bootstrap.schemas/schemas/iconbox.xsd">
  <BootstrapIconBox language="en">
    <Headline><![CDATA[Login]]></Headline>
    <Icon><![CDATA[Key]]></Icon>
    <Text><![CDATA[Takes you to the login page. Please remember to disable the demo accounts later.]]></Text>
    <Link>
      <link internal="true" type="WEAK">
        <target><![CDATA[/sites/default/login/]]></target>
        <uuid>d87f4764-58f1-11e4-903d-005056b61161</uuid>
      </link>
    </Link>
  </BootstrapIconBox>
</BootstrapIconBoxs>
