<?xml version="1.0" encoding="UTF-8"?>

<BootstrapIconBoxs xmlns:xsi="http://www.w3.org/2001/XMLSchema-instance" xsi:noNamespaceSchemaLocation="opencms://system/modules/com.alkacon.bootstrap.schemas/schemas/iconbox.xsd">
  <BootstrapIconBox language="en">
    <Headline><![CDATA[Documentation]]></Headline>
    <Icon><![CDATA[Cog]]></Icon>
    <Text><![CDATA[In depth documentation explaining how to manage and develop websites with OpenCms.]]></Text>
    <Link>
      <link internal="true" type="WEAK">
        <target><![CDATA[/sites/default/documentation/]]></target>
        <uuid>7afb3d20-02bc-11e4-8167-1305b26fecac</uuid>
      </link>
    </Link>
  </BootstrapIconBox>
</BootstrapIconBoxs>
