<?xml version="1.0" encoding="UTF-8"?>

<BootstrapIconBoxs xmlns:xsi="http://www.w3.org/2001/XMLSchema-instance" xsi:noNamespaceSchemaLocation="opencms://system/modules/com.alkacon.bootstrap.schemas/schemas/iconbox.xsd">
  <BootstrapIconBox language="en">
    <Headline><![CDATA[Demo Website]]></Headline>
    <Icon><![CDATA[Globe]]></Icon>
    <Text><![CDATA[Example responsive website using a grid layout template based on Bootstrap.]]></Text>
    <Link>
      <link internal="true" type="WEAK">
        <target><![CDATA[/sites/default/grid-demo/]]></target>
        <uuid>0d82626d-276b-11e4-96d6-005056b61161</uuid>
      </link>
    </Link>
  </BootstrapIconBox>
</BootstrapIconBoxs>
