<?xml version="1.0" encoding="UTF-8"?>

<AlkaconDocumentationTopicFrames xmlns:xsi="http://www.w3.org/2001/XMLSchema-instance" xsi:noNamespaceSchemaLocation="opencms://system/modules/com.alkacon.opencms.documentation/schemas/documentation-topic.xsd">
  <AlkaconDocumentationTopicFrame language="en">
    <Overview name="Overview0">
      <links>
        <link name="link0" internal="true" type="A">
          <target><![CDATA[/sites/default/documentation/views-in-opencms/the-ade-views/content-editors/the-form-based-content-editor/]]></target>
          <uuid>00a4c7ee-0812-11e4-8e56-b7bfd6088c56</uuid>
          <anchor><![CDATA[vfs_image_widget]]></anchor>
        </link>
      </links>
      <content><![CDATA[<p>OpenCms scales images if requested and caches scaled versions. We demonstrate how to use the <code>&lt;cms:img&gt;</code>-tag in a formatter to scale images.</p>
<p>Note that this is just one way to scale images. Images may also be scaled, cropped, etc. when inserting them into the content when using according widgets (see the related links). Consult the <a href="%(link0)">descriptions of the ImageGalleryWidget and the VfsImageWidget</a> for such options.</p>]]></content>
    </Overview>
    <Teaser name="Teaser0">
      <links/>
      <content><![CDATA[<p>See the <code>&lt;cms:img&gt;</code> tag in action and learn about the image scaling facilities in OpenCms.</p>]]></content>
    </Teaser>
    <RelatedLinks>
      <LinkList>
        <Title><![CDATA[Widgets that allow image cropping on insertion]]></Title>
        <Link>
          <URI><![CDATA[/documentation/content-in-opencms/defining-a-content-type/defining-the-contents-behavior/adjusting-the-contents-appearance-in-the-content-editor/widget-configuration/#sec_image_gallery_widget]]></URI>
          <LinkText><![CDATA[The ImageGalleryWidget]]></LinkText>
        </Link>
        <Link>
          <URI><![CDATA[/documentation/content-in-opencms/defining-a-content-type/defining-the-contents-behavior/adjusting-the-contents-appearance-in-the-content-editor/widget-configuration/#vfs_image_widget]]></URI>
          <LinkText><![CDATA[The VfsImageWidget]]></LinkText>
        </Link>
      </LinkList>
    </RelatedLinks>
    <StatusMetaData>
      <Todos/>
    </StatusMetaData>
  </AlkaconDocumentationTopicFrame>
</AlkaconDocumentationTopicFrames>
