<?xml version="1.0" encoding="UTF-8"?>

<AlkaconDocumentationTopicFrames xmlns:xsi="http://www.w3.org/2001/XMLSchema-instance" xsi:noNamespaceSchemaLocation="opencms://system/modules/com.alkacon.opencms.documentation/schemas/documentation-topic.xsd">
  <AlkaconDocumentationTopicFrame language="en">
    <Overview name="Overview0">
      <links/>
      <content><![CDATA[<p>Inline editing means that you can click directly on content, in particular text, and edit it. We demonstrate inline editing for a demo article, presenting a formatter that enables inline editing.</p>]]></content>
    </Overview>
    <Teaser name="Teaser0">
      <links/>
      <content><![CDATA[<p>Edit text directly in the page editor - learn how inline editing is configured.</p>]]></content>
    </Teaser>
    <StatusMetaData>
      <Todos/>
    </StatusMetaData>
  </AlkaconDocumentationTopicFrame>
</AlkaconDocumentationTopicFrames>
