<?xml version="1.0" encoding="UTF-8"?>

<AlkaconDocumentationTopicFrames xmlns:xsi="http://www.w3.org/2001/XMLSchema-instance" xsi:noNamespaceSchemaLocation="opencms://system/modules/com.alkacon.opencms.documentation/schemas/documentation-topic.xsd">
  <AlkaconDocumentationTopicFrame language="en">
    <Overview name="Overview0">
      <links>
        <link name="link0" internal="true" type="A">
          <target><![CDATA[/sites/default/documentation/content-in-opencms/special-predefined-content-types/dynamic-functions/]]></target>
          <uuid>841cbb2c-18b5-11e4-8e8b-b7bfd6088c56</uuid>
        </link>
      </links>
      <content><![CDATA[<p>We show a <a href="%(link0)">dynamic function</a> that collects items and allows to link to a detail view of each item.</p>]]></content>
    </Overview>
    <Teaser name="Teaser0">
      <links/>
      <content><![CDATA[<p>Learn by example how an editable list is created and links to detail pages are added.</p>]]></content>
    </Teaser>
    <RelatedLinks>
      <Link>
        <URI><![CDATA[/documentation/content-in-opencms/lists-of-resources-and-detail-pages/]]></URI>
        <LinkText><![CDATA[For more information about lists and detail pages consult the corresponding topic.]]></LinkText>
      </Link>
    </RelatedLinks>
    <StatusMetaData>
      <Todos/>
    </StatusMetaData>
  </AlkaconDocumentationTopicFrame>
</AlkaconDocumentationTopicFrames>
