<?xml version="1.0" encoding="UTF-8"?>

<AlkaconDocumentationTopicFrames xmlns:xsi="http://www.w3.org/2001/XMLSchema-instance" xsi:noNamespaceSchemaLocation="opencms://system/modules/com.alkacon.opencms.documentation/schemas/documentation-topic.xsd">
  <AlkaconDocumentationTopicFrame language="en">
    <Overview name="Overview0">
      <links/>
      <content><![CDATA[<p>A navigation level is a web page that redirects to its first sub page. We show a navigation level at work.</p>]]></content>
    </Overview>
    <Teaser name="Teaser0">
      <links/>
      <content><![CDATA[<p>Directly jump to the first subpage? - See a navigation level in action.</p>]]></content>
    </Teaser>
    <RelatedLinks>
      <Link>
        <URI><![CDATA[/documentation/creating-a-website/building-a-page-navigation/changing-the-navigational-behavior-of-pages/#navigation_level]]></URI>
        <LinkText><![CDATA[More information on navigation levels]]></LinkText>
      </Link>
    </RelatedLinks>
    <StatusMetaData>
      <Todos/>
    </StatusMetaData>
  </AlkaconDocumentationTopicFrame>
</AlkaconDocumentationTopicFrames>
