<?xml version="1.0" encoding="UTF-8"?>

<AlkaconDocumentationTopicFrames xmlns:xsi="http://www.w3.org/2001/XMLSchema-instance" xsi:noNamespaceSchemaLocation="opencms://system/modules/com.alkacon.opencms.documentation/schemas/documentation-topic.xsd">
  <AlkaconDocumentationTopicFrame language="en">
    <Overview name="Overview0">
      <links/>
      <content><![CDATA[<p>This is the function detail page that shows calculation results.</p>]]></content>
    </Overview>
    <RelatedLinks>
      <Link>
        <URI><![CDATA[/documentation/demos/dynamic-function-detail-pages/]]></URI>
        <LinkText><![CDATA[Back to the demos main page.]]></LinkText>
      </Link>
    </RelatedLinks>
    <StatusMetaData>
      <Todos/>
    </StatusMetaData>
  </AlkaconDocumentationTopicFrame>
</AlkaconDocumentationTopicFrames>
