<?xml version="1.0" encoding="UTF-8"?>

<AlkaconDocumentationTopicFrames xmlns:xsi="http://www.w3.org/2001/XMLSchema-instance" xsi:noNamespaceSchemaLocation="opencms://system/modules/com.alkacon.opencms.documentation/schemas/documentation-topic.xsd">
  <AlkaconDocumentationTopicFrame language="en">
    <Overview name="Overview0">
      <links>
        <link name="link0" internal="true" type="A">
          <target><![CDATA[/sites/default/documentation/demos/navigation-level/]]></target>
          <uuid>c1a5bcca-2206-11e4-9aa0-d9f74955ba1b</uuid>
        </link>
      </links>
      <content><![CDATA[<p>Did you click on "I'm a navigation level" in the site navigation? Have a look where you are in the site navigation: It's "subpage 1".</p>
<ul>
<li><a href="%(link0)">Go back to the main page of the navigation level demo.</a></li>
</ul>]]></content>
    </Overview>
    <StatusMetaData>
      <Todos/>
    </StatusMetaData>
  </AlkaconDocumentationTopicFrame>
</AlkaconDocumentationTopicFrames>
