<?xml version="1.0" encoding="UTF-8"?>

<AlkaconDocumentationTopicFrames xmlns:xsi="http://www.w3.org/2001/XMLSchema-instance" xsi:noNamespaceSchemaLocation="opencms://system/modules/com.alkacon.opencms.documentation/schemas/documentation-topic.xsd">
  <AlkaconDocumentationTopicFrame language="en">
    <Overview name="Overview0">
      <links/>
      <content><![CDATA[<p>Head includes allow formatters to bring their own scripts and stylesheets. We present a formatter for the demo article that uses some special script. In its formatter configuration we add this script as head include, moreover, we add some extra styles.</p>]]></content>
    </Overview>
    <Teaser name="Teaser0">
      <links/>
      <content><![CDATA[<p>See an example formatter that adds scripts and styles to a page.</p>]]></content>
    </Teaser>
    <RelatedLinks>
      <Link>
        <URI><![CDATA[/documentation/creating-a-website/creating-a-template-jsp/advanced-template-features/head-includes/]]></URI>
        <LinkText><![CDATA[Read more about head includes here.]]></LinkText>
      </Link>
    </RelatedLinks>
    <StatusMetaData>
      <Todos/>
    </StatusMetaData>
  </AlkaconDocumentationTopicFrame>
</AlkaconDocumentationTopicFrames>
