<?xml version="1.0" encoding="UTF-8"?>

<AlkaconDocumentationTopicFrames xmlns:xsi="http://www.w3.org/2001/XMLSchema-instance" xsi:noNamespaceSchemaLocation="opencms://system/modules/com.alkacon.opencms.documentation/schemas/documentation-topic.xsd">
  <AlkaconDocumentationTopicFrame language="en">
    <Overview name="Overview0">
      <links/>
      <content><![CDATA[<p>The value of one editor field or even the widget configuration can depend on the values of other editor fields. The dependencies are defined in the XSD defining the content. We show an example for dependent fields: We change a field's value dependent on the value of another field.</p>]]></content>
    </Overview>
    <Teaser name="Teaser0">
      <links/>
      <content><![CDATA[<p>An example that show how dependent fields work.</p>]]></content>
    </Teaser>
    <RelatedLinks>
      <Link>
        <URI><![CDATA[/documentation/content-in-opencms/defining-a-content-type/defining-the-contents-behavior/adjusting-the-contents-appearance-in-the-content-editor/dependent-editor-fields/]]></URI>
        <LinkText><![CDATA[Get more background information on dependent fields.]]></LinkText>
      </Link>
    </RelatedLinks>
    <NewInVersion><![CDATA[9.5]]></NewInVersion>
    <NewInDocuVersion><![CDATA[9.5]]></NewInDocuVersion>
    <StatusMetaData>
      <Todos/>
    </StatusMetaData>
  </AlkaconDocumentationTopicFrame>
</AlkaconDocumentationTopicFrames>
