<?xml version="1.0" encoding="UTF-8"?>

<AlkaconDocumentationTopicFrames xmlns:xsi="http://www.w3.org/2001/XMLSchema-instance" xsi:noNamespaceSchemaLocation="opencms://system/modules/com.alkacon.opencms.documentation/schemas/documentation-topic.xsd">
  <AlkaconDocumentationTopicFrame language="en">
    <Overview name="Overview0">
      <links/>
      <content><![CDATA[<p>The flex cache caches the HTML output of JSPs in the memory (RAM) of your server. We demonstrate different variants of caching. Therefore, we include two JSPs into each other, both showing the current time. Playing with the cache directives set at the JSPs, the time is refreshed differently. Futhermore, we show how navigations should be cached.</p>]]></content>
    </Overview>
    <Teaser name="Teaser0">
      <links/>
      <content><![CDATA[<p>Caching is important - learn at a simple example how flex cache configurations change dynamic behavior.</p>]]></content>
    </Teaser>
    <RelatedLinks>
      <Link>
        <URI><![CDATA[/documentation/caching-in-opencms/index.html]]></URI>
        <LinkText><![CDATA[Topics on caching]]></LinkText>
      </Link>
    </RelatedLinks>
    <StatusMetaData>
      <Todos/>
    </StatusMetaData>
  </AlkaconDocumentationTopicFrame>
</AlkaconDocumentationTopicFrames>
