<?xml version="1.0" encoding="UTF-8"?>

<AlkaconDocumentationTopicFrames xmlns:xsi="http://www.w3.org/2001/XMLSchema-instance" xsi:noNamespaceSchemaLocation="opencms://system/modules/com.alkacon.opencms.documentation/schemas/documentation-topic.xsd">
  <AlkaconDocumentationTopicFrame language="en">
    <Overview name="Overview0">
      <links>
        <link name="link0" internal="true" type="A">
          <target><![CDATA[/sites/default/grid-demo/]]></target>
        </link>
      </links>
      <content><![CDATA[<p>With OpenCms version 9.5 containers have become much more flexible than before. In particular three features have been added:</p>
<ul>
<li>containers can be nested</li>
<li>containers can have permissions attached</li>
<li>containers can have a param attribute that can be evaluated in formatters</li>
<li>containers can display a default text if they are empty</li>
</ul>
<p>In this demo we explore all of these features. We define a layout content that exposes one, two or three nested containers. Via the layout content, you can also set which users can add or remove contents in the exposed containers.</p>
<p>The example is simple, but somehow artificial. A real use-case where all the new features play together is <a href="%(link0)">the grid demo shipped with OpenCms 9.5</a>. In this demo the template is designed as in a modular construction system:</p>
<ul>
<li>A template jsp exposes just one container where only template developers can add contents.</li>
<li>In the template's container, template developers can place template rows that expose new containers (where the template developer can decide who can add contents)</li>
<li>In containers exposed by template rows it is allowed to place layout rows, which themselves make up new containers.</li>
<li>The param attribute is used to forward information from template row containers to layout rows.</li>
</ul>
<p>That everything fits together perfectly in the demo, other features are used as well:</p>
<ul>
<li>Element views are used prevent edit points from overlapping and have a clear focus on what you are editing</li>
<li>Permissions on resource types are used allow adding and editing template rows only for template developers and to allow element authors to add layout rows - but not to add new ones.</li>
</ul>]]></content>
    </Overview>
    <Teaser name="Teaser0">
      <links/>
      <content><![CDATA[<p>Design your page layout with nested containers.</p>]]></content>
    </Teaser>
    <RelatedLinks>
      <Link>
        <URI><![CDATA[/documentation/content-in-opencms/formatters-and-their-configuration/nested-containers/]]></URI>
        <LinkText><![CDATA[More infos on nested containers (including another simple use case).]]></LinkText>
      </Link>
    </RelatedLinks>
    <NewInVersion><![CDATA[9.5]]></NewInVersion>
    <NewInDocuVersion><![CDATA[9.5]]></NewInDocuVersion>
    <StatusMetaData>
      <Todos/>
    </StatusMetaData>
  </AlkaconDocumentationTopicFrame>
</AlkaconDocumentationTopicFrames>
