<?xml version="1.0" encoding="UTF-8"?>

<AlkaconDocumentationTopicFrames xmlns:xsi="http://www.w3.org/2001/XMLSchema-instance" xsi:noNamespaceSchemaLocation="opencms://system/modules/com.alkacon.opencms.documentation/schemas/documentation-topic.xsd">
  <AlkaconDocumentationTopicFrame language="en">
    <Overview name="Overview0">
      <links>
        <link name="link0" internal="true" type="A">
          <target><![CDATA[/sites/default/documentation/content-in-opencms/formatters-and-their-configuration/]]></target>
          <uuid>c0625fc8-1bcf-11e4-bfa5-b7bfd6088c56</uuid>
          <anchor><![CDATA[formatter_configuration]]></anchor>
        </link>
      </links>
      <content><![CDATA[<p>We demonstrate how element settings are specified and set by a special formatter for an demo article content. The formatter's configuration defines different element settings used by the formatter to format the same article in many different ways.</p>
<ul>
<li><a href="%(link0)">Get an overview on formatters and their configuration.</a></li>
</ul>]]></content>
    </Overview>
    <Teaser name="Teaser0">
      <links/>
      <content><![CDATA[<p>See how element settings are specified and used.</p>]]></content>
    </Teaser>
    <StatusMetaData>
      <Todos/>
    </StatusMetaData>
  </AlkaconDocumentationTopicFrame>
</AlkaconDocumentationTopicFrames>
