<?xml version="1.0" encoding="UTF-8"?>

<export>
  <info>
    <creator>Admin</creator>
    <opencms_version>9.0.0</opencms_version>
    <createdate>Thu, 08 Dec 2011 08:18:34 GMT</createdate>
    <infoproject>Offline</infoproject>
    <export_version>7</export_version>
  </info>
  <module>
    <name>org.opencms.ade.publish</name>
    <nicename><![CDATA[OpenCms 9 ADE Publish]]></nicename>
    <group>OpenCms ADE</group>
    <class/>
    <description><![CDATA[<p>Gwt based publish dialog for OpenCms 8<p>

<p><i>&copy; 2014 by Alkacon Software GmbH (http://www.alkacon.com).</i></p>]]></description>
    <version>9.5.0</version>
    <authorname/>
    <authoremail/>
    <datecreated/>
    <userinstalled/>
    <dateinstalled/>
    <dependencies>
      <dependency name="org.opencms.ade.config" version="9.0.0"/>
    </dependencies>
    <exportpoints>
      <exportpoint uri="/system/modules/org.opencms.ade.publish/resources/" destination="resources/ade/"/>
    </exportpoints>
    <resources>
      <resource uri="/system/modules/org.opencms.ade.publish/"/>
    </resources>
  </module>
  <files>
    <file>
      <destination>system</destination>
      <type>folder</type>
      <uuidstructure>f233e6a6-20e6-11e1-ac1d-4d6aceb32220</uuidstructure>
      <datelastmodified>Wed, 07 Dec 2011 15:20:07 GMT</datelastmodified>
      <userlastmodified>Admin</userlastmodified>
      <datecreated>Wed, 07 Dec 2011 15:20:07 GMT</datecreated>
      <usercreated>Admin</usercreated>
      <flags>0</flags>
      <properties/>
      <relations/>
      <accesscontrol>
        <accessentry>
          <uuidprincipal>ROLE.WORKPLACE_USER</uuidprincipal>
          <flags>514</flags>
          <permissionset>
            <allowed>1</allowed>
            <denied>0</denied>
          </permissionset>
        </accessentry>
      </accesscontrol>
    </file>
    <file>
      <destination>system/modules</destination>
      <type>folder</type>
      <uuidstructure>f2eb7712-20e6-11e1-ac1d-4d6aceb32220</uuidstructure>
      <datelastmodified>Wed, 07 Dec 2011 15:20:08 GMT</datelastmodified>
      <userlastmodified>Admin</userlastmodified>
      <datecreated>Wed, 07 Dec 2011 15:20:08 GMT</datecreated>
      <usercreated>Admin</usercreated>
      <flags>0</flags>
      <properties/>
      <relations/>
      <accesscontrol>
        <accessentry>
          <uuidprincipal>ROLE.WORKPLACE_USER</uuidprincipal>
          <flags>514</flags>
          <permissionset>
            <allowed>5</allowed>
            <denied>0</denied>
          </permissionset>
        </accessentry>
      </accesscontrol>
    </file>
    <file>
      <destination>system/modules/org.opencms.ade.publish</destination>
      <type>folder</type>
      <uuidstructure>f4a8034b-2174-11e1-a3f6-4d6aceb32220</uuidstructure>
      <datelastmodified>Thu, 08 Dec 2011 08:16:40 GMT</datelastmodified>
      <userlastmodified>Admin</userlastmodified>
      <datecreated>Thu, 08 Dec 2011 08:16:40 GMT</datecreated>
      <usercreated>Admin</usercreated>
      <flags>0</flags>
      <properties/>
      <relations/>
      <accesscontrol/>
    </file>
    <file>
      <source>system/modules/org.opencms.ade.publish/publish.jsp</source>
      <destination>system/modules/org.opencms.ade.publish/publish.jsp</destination>
      <type>jsp</type>
      <uuidstructure>26ada581-2175-11e1-a3f6-4d6aceb32220</uuidstructure>
      <uuidresource>26ada582-2175-11e1-a3f6-4d6aceb32220</uuidresource>
      <datelastmodified>Thu, 08 Dec 2011 08:18:04 GMT</datelastmodified>
      <userlastmodified>Admin</userlastmodified>
      <datecreated>Thu, 08 Dec 2011 08:18:04 GMT</datecreated>
      <usercreated>Admin</usercreated>
      <flags>0</flags>
      <properties>
        <property type="shared">
          <name>export</name>
          <value><![CDATA[false]]></value>
        </property>
        <property>
          <name>login-form</name>
          <value><![CDATA[/system/login/index.html]]></value>
        </property>
      </properties>
      <relations/>
      <accesscontrol>
        <accessentry>
          <uuidprincipal>ALL_OTHERS</uuidprincipal>
          <flags>132</flags>
          <permissionset>
            <allowed>0</allowed>
            <denied>0</denied>
          </permissionset>
        </accessentry>
      </accesscontrol>
    </file>
    <file>
      <source>system/modules/org.opencms.ade.publish/direct_publish.jsp</source>
      <destination>system/modules/org.opencms.ade.publish/direct_publish.jsp</destination>
      <type>jsp</type>
      <uuidstructure>4794cb7c-0e03-4e48-b3fb-55f807c07e75</uuidstructure>
      <uuidresource>385bcf53-98dd-40fc-b1bb-4c1365e99f2b</uuidresource>
      <datelastmodified>Thu, 08 Dec 2011 08:18:04 GMT</datelastmodified>
      <userlastmodified>Admin</userlastmodified>
      <datecreated>Thu, 08 Dec 2011 08:18:04 GMT</datecreated>
      <usercreated>Admin</usercreated>
      <flags>0</flags>
      <properties>
        <property type="shared">
          <name>export</name>
          <value><![CDATA[false]]></value>
        </property>
      </properties>
      <relations/>
      <accesscontrol>
        <accessentry>
          <uuidprincipal>ALL_OTHERS</uuidprincipal>
          <flags>132</flags>
          <permissionset>
            <allowed>0</allowed>
            <denied>0</denied>
          </permissionset>
        </accessentry>
      </accesscontrol>
    </file>
    <file>
      <source>system/modules/org.opencms.ade.publish/publish_project.jsp</source>
      <destination>system/modules/org.opencms.ade.publish/publish_project.jsp</destination>
      <type>jsp</type>
      <uuidstructure>0c187fef-58cc-433f-ba7e-be97f5f3b480</uuidstructure>
      <uuidresource>0665ab9d-2833-49d1-bed4-53f05d6d2e51</uuidresource>
      <datelastmodified>Thu, 08 Dec 2011 08:18:04 GMT</datelastmodified>
      <userlastmodified>Admin</userlastmodified>
      <datecreated>Thu, 08 Dec 2011 08:18:04 GMT</datecreated>
      <usercreated>Admin</usercreated>
      <flags>0</flags>
      <properties>
        <property type="shared">
          <name>export</name>
          <value><![CDATA[false]]></value>
        </property>
      </properties>
      <relations/>
      <accesscontrol>
        <accessentry>
          <uuidprincipal>ALL_OTHERS</uuidprincipal>
          <flags>132</flags>
          <permissionset>
            <allowed>0</allowed>
            <denied>0</denied>
          </permissionset>
        </accessentry>
      </accesscontrol>
    </file>
    <file>
      <destination>system/modules/org.opencms.ade.publish/resources</destination>
      <type>folder</type>
      <uuidstructure>11d83ded-2175-11e1-a3f6-4d6aceb32220</uuidstructure>
      <datelastmodified>Thu, 08 Dec 2011 08:17:29 GMT</datelastmodified>
      <userlastmodified>Admin</userlastmodified>
      <datecreated>Thu, 08 Dec 2011 08:17:29 GMT</datecreated>
      <usercreated>Admin</usercreated>
      <flags>0</flags>
      <properties/>
      <relations/>
      <accesscontrol/>
    </file>
    <file>
      <destination>system/modules/org.opencms.ade.publish/resources/publish</destination>
      <type>folder</type>
      <uuidstructure>19a8ab4f-2175-11e1-a3f6-4d6aceb32220</uuidstructure>
      <datelastmodified>Thu, 08 Dec 2011 08:17:42 GMT</datelastmodified>
      <userlastmodified>Admin</userlastmodified>
      <datecreated>Thu, 08 Dec 2011 08:17:42 GMT</datecreated>
      <usercreated>Admin</usercreated>
      <flags>0</flags>
      <properties/>
      <relations/>
      <accesscontrol/>
    </file>
    <file>
      <source>system/modules/org.opencms.ade.publish/resources/publish/557D48C250334830F5FE37FA3120E3C4.cache.html</source>
      <destination>system/modules/org.opencms.ade.publish/resources/publish/557D48C250334830F5FE37FA3120E3C4.cache.html</destination>
      <type>binary</type>
      <uuidstructure>b08cd292-60ea-11e4-b4b6-2d650d734d54</uuidstructure>
      <uuidresource>b08cf9a3-60ea-11e4-b4b6-2d650d734d54</uuidresource>
      <datelastmodified>Fri, 31 Oct 2014 10:43:02 GMT</datelastmodified>
      <userlastmodified>Admin</userlastmodified>
      <datecreated>Fri, 31 Oct 2014 10:43:02 GMT</datecreated>
      <usercreated>Admin</usercreated>
      <flags>0</flags>
      <properties/>
      <relations/>
      <accesscontrol/>
    </file>
    <file>
      <source>system/modules/org.opencms.ade.publish/resources/publish/040CDE7AAA20394BFA6F61F6806B1DE3.cache.html</source>
      <destination>system/modules/org.opencms.ade.publish/resources/publish/040CDE7AAA20394BFA6F61F6806B1DE3.cache.html</destination>
      <type>binary</type>
      <uuidstructure>b08f91b4-60ea-11e4-b4b6-2d650d734d54</uuidstructure>
      <uuidresource>b08fb8c5-60ea-11e4-b4b6-2d650d734d54</uuidresource>
      <datelastmodified>Fri, 31 Oct 2014 10:43:02 GMT</datelastmodified>
      <userlastmodified>Admin</userlastmodified>
      <datecreated>Fri, 31 Oct 2014 10:43:02 GMT</datecreated>
      <usercreated>Admin</usercreated>
      <flags>0</flags>
      <properties/>
      <relations/>
      <accesscontrol/>
    </file>
    <file>
      <source>system/modules/org.opencms.ade.publish/resources/publish/EF1DA5D436636B8E7AA03548C1AAEC39.cache.html</source>
      <destination>system/modules/org.opencms.ade.publish/resources/publish/EF1DA5D436636B8E7AA03548C1AAEC39.cache.html</destination>
      <type>binary</type>
      <uuidstructure>b09229c6-60ea-11e4-b4b6-2d650d734d54</uuidstructure>
      <uuidresource>b09277e7-60ea-11e4-b4b6-2d650d734d54</uuidresource>
      <datelastmodified>Fri, 31 Oct 2014 10:43:02 GMT</datelastmodified>
      <userlastmodified>Admin</userlastmodified>
      <datecreated>Fri, 31 Oct 2014 10:43:02 GMT</datecreated>
      <usercreated>Admin</usercreated>
      <flags>0</flags>
      <properties/>
      <relations/>
      <accesscontrol/>
    </file>
    <file>
      <source>system/modules/org.opencms.ade.publish/resources/publish/F1B57E93A8E3BF80A729FAC3D7DA6AB0.cache.html</source>
      <destination>system/modules/org.opencms.ade.publish/resources/publish/F1B57E93A8E3BF80A729FAC3D7DA6AB0.cache.html</destination>
      <type>binary</type>
      <uuidstructure>b0953708-60ea-11e4-b4b6-2d650d734d54</uuidstructure>
      <uuidresource>b0955e19-60ea-11e4-b4b6-2d650d734d54</uuidresource>
      <datelastmodified>Fri, 31 Oct 2014 10:43:02 GMT</datelastmodified>
      <userlastmodified>Admin</userlastmodified>
      <datecreated>Fri, 31 Oct 2014 10:43:02 GMT</datecreated>
      <usercreated>Admin</usercreated>
      <flags>0</flags>
      <properties/>
      <relations/>
      <accesscontrol/>
    </file>
    <file>
      <source>system/modules/org.opencms.ade.publish/resources/publish/clear.cache.gif</source>
      <destination>system/modules/org.opencms.ade.publish/resources/publish/clear.cache.gif</destination>
      <type>image</type>
      <uuidstructure>b097a80a-60ea-11e4-b4b6-2d650d734d54</uuidstructure>
      <uuidresource>b097cf1b-60ea-11e4-b4b6-2d650d734d54</uuidresource>
      <datelastmodified>Fri, 31 Oct 2014 10:43:02 GMT</datelastmodified>
      <userlastmodified>Admin</userlastmodified>
      <datecreated>Fri, 31 Oct 2014 10:43:02 GMT</datecreated>
      <usercreated>Admin</usercreated>
      <flags>0</flags>
      <properties/>
      <relations/>
      <accesscontrol/>
    </file>
    <file>
      <source>system/modules/org.opencms.ade.publish/resources/publish/hosted.html</source>
      <destination>system/modules/org.opencms.ade.publish/resources/publish/hosted.html</destination>
      <type>binary</type>
      <uuidstructure>b099caec-60ea-11e4-b4b6-2d650d734d54</uuidstructure>
      <uuidresource>b099f1fd-60ea-11e4-b4b6-2d650d734d54</uuidresource>
      <datelastmodified>Fri, 31 Oct 2014 10:43:02 GMT</datelastmodified>
      <userlastmodified>Admin</userlastmodified>
      <datecreated>Fri, 31 Oct 2014 10:43:02 GMT</datecreated>
      <usercreated>Admin</usercreated>
      <flags>0</flags>
      <properties/>
      <relations/>
      <accesscontrol/>
    </file>
    <file>
      <source>system/modules/org.opencms.ade.publish/resources/publish/DE0F932F4B4C483ACD58B3F88007494F.gwt.rpc</source>
      <destination>system/modules/org.opencms.ade.publish/resources/publish/DE0F932F4B4C483ACD58B3F88007494F.gwt.rpc</destination>
      <type>binary</type>
      <uuidstructure>b09c14de-60ea-11e4-b4b6-2d650d734d54</uuidstructure>
      <uuidresource>b09c62ff-60ea-11e4-b4b6-2d650d734d54</uuidresource>
      <datelastmodified>Fri, 31 Oct 2014 10:43:02 GMT</datelastmodified>
      <userlastmodified>Admin</userlastmodified>
      <datecreated>Fri, 31 Oct 2014 10:43:02 GMT</datecreated>
      <usercreated>Admin</usercreated>
      <flags>0</flags>
      <properties/>
      <relations/>
      <accesscontrol/>
    </file>
    <file>
      <source>system/modules/org.opencms.ade.publish/resources/publish/A2F581E9C9CEF6EB2779FA29C49F37BF.gwt.rpc</source>
      <destination>system/modules/org.opencms.ade.publish/resources/publish/A2F581E9C9CEF6EB2779FA29C49F37BF.gwt.rpc</destination>
      <type>binary</type>
      <uuidstructure>b09e85e0-60ea-11e4-b4b6-2d650d734d54</uuidstructure>
      <uuidresource>b09ed401-60ea-11e4-b4b6-2d650d734d54</uuidresource>
      <datelastmodified>Fri, 31 Oct 2014 10:43:02 GMT</datelastmodified>
      <userlastmodified>Admin</userlastmodified>
      <datecreated>Fri, 31 Oct 2014 10:43:02 GMT</datecreated>
      <usercreated>Admin</usercreated>
      <flags>0</flags>
      <properties/>
      <relations/>
      <accesscontrol/>
    </file>
    <file>
      <source>system/modules/org.opencms.ade.publish/resources/publish/614A8351A28C0A4378525F849533D3FF.gwt.rpc</source>
      <destination>system/modules/org.opencms.ade.publish/resources/publish/614A8351A28C0A4378525F849533D3FF.gwt.rpc</destination>
      <type>binary</type>
      <uuidstructure>b0a14502-60ea-11e4-b4b6-2d650d734d54</uuidstructure>
      <uuidresource>b0a19323-60ea-11e4-b4b6-2d650d734d54</uuidresource>
      <datelastmodified>Fri, 31 Oct 2014 10:43:02 GMT</datelastmodified>
      <userlastmodified>Admin</userlastmodified>
      <datecreated>Fri, 31 Oct 2014 10:43:03 GMT</datecreated>
      <usercreated>Admin</usercreated>
      <flags>0</flags>
      <properties/>
      <relations/>
      <accesscontrol/>
    </file>
    <file>
      <source>system/modules/org.opencms.ade.publish/resources/publish/9F10BC99433458B7C8FAF6EBE030B64A.gwt.rpc</source>
      <destination>system/modules/org.opencms.ade.publish/resources/publish/9F10BC99433458B7C8FAF6EBE030B64A.gwt.rpc</destination>
      <type>binary</type>
      <uuidstructure>b0a5b1d4-60ea-11e4-b4b6-2d650d734d54</uuidstructure>
      <uuidresource>b0a5fff5-60ea-11e4-b4b6-2d650d734d54</uuidresource>
      <datelastmodified>Fri, 31 Oct 2014 10:43:03 GMT</datelastmodified>
      <userlastmodified>Admin</userlastmodified>
      <datecreated>Fri, 31 Oct 2014 10:43:03 GMT</datecreated>
      <usercreated>Admin</usercreated>
      <flags>0</flags>
      <properties/>
      <relations/>
      <accesscontrol/>
    </file>
    <file>
      <source>system/modules/org.opencms.ade.publish/resources/publish/publish.nocache.js</source>
      <destination>system/modules/org.opencms.ade.publish/resources/publish/publish.nocache.js</destination>
      <type>binary</type>
      <uuidstructure>b0a90d36-60ea-11e4-b4b6-2d650d734d54</uuidstructure>
      <uuidresource>b0a95b57-60ea-11e4-b4b6-2d650d734d54</uuidresource>
      <datelastmodified>Fri, 31 Oct 2014 10:43:03 GMT</datelastmodified>
      <userlastmodified>Admin</userlastmodified>
      <datecreated>Fri, 31 Oct 2014 10:43:03 GMT</datecreated>
      <usercreated>Admin</usercreated>
      <flags>0</flags>
      <properties/>
      <relations/>
      <accesscontrol/>
    </file>
    <file>
      <source>system/modules/org.opencms.ade.publish/resources/publish/D342BFD70169EAC819DCE08421ED0901.gwt.rpc</source>
      <destination>system/modules/org.opencms.ade.publish/resources/publish/D342BFD70169EAC819DCE08421ED0901.gwt.rpc</destination>
      <type>binary</type>
      <uuidstructure>b0ac6898-60ea-11e4-b4b6-2d650d734d54</uuidstructure>
      <uuidresource>b0ac8fa9-60ea-11e4-b4b6-2d650d734d54</uuidresource>
      <datelastmodified>Fri, 31 Oct 2014 10:43:03 GMT</datelastmodified>
      <userlastmodified>Admin</userlastmodified>
      <datecreated>Fri, 31 Oct 2014 10:43:03 GMT</datecreated>
      <usercreated>Admin</usercreated>
      <flags>0</flags>
      <properties/>
      <relations/>
      <accesscontrol/>
    </file>
  </files>
</export>
