<?xml version="1.0" encoding="UTF-8"?>

<export>
  <info>
    <creator>Admin</creator>
    <opencms_version>9.0.0</opencms_version>
    <createdate>Fri, 25 Feb 2011 13:06:35 GMT</createdate>
    <infoproject>Offline</infoproject>
    <export_version>7</export_version>
  </info>
  <module>
    <name>org.opencms.ade.upload</name>
    <nicename><![CDATA[OpenCms 9 ADE Upload]]></nicename>
    <group>OpenCms ADE</group>
    <class/>
    <description><![CDATA[<p>Gwt based upload dialog for OpenCms 8</p>
					 <p><i>&copy; 2014 by Alkacon Software GmbH (http://www.alkacon.com).</i></p>]]></description>
    <version>9.5.0</version>
    <authorname><![CDATA[Alkacon Software GmbH]]></authorname>
    <authoremail><![CDATA[info@alkacon.com]]></authoremail>
    <datecreated/>
    <userinstalled/>
    <dateinstalled/>
    <dependencies>
      <dependency name="org.opencms.ade.config" version="9.0.0"/>
    </dependencies>
    <exportpoints>
      <exportpoint uri="/system/modules/org.opencms.ade.upload/resources/" destination="resources/ade/"/>
    </exportpoints>
    <resources>
      <resource uri="/system/modules/org.opencms.ade.upload/"/>
    </resources>
  </module>
  <files>
    <file>
      <destination>system</destination>
      <type>folder</type>
      <uuidstructure>ef0c9a52-40ba-11e0-b520-e756eface22e</uuidstructure>
      <datelastmodified>Fri, 25 Feb 2011 08:40:44 GMT</datelastmodified>
      <userlastmodified>Admin</userlastmodified>
      <datecreated>Fri, 25 Feb 2011 08:40:44 GMT</datecreated>
      <usercreated>Admin</usercreated>
      <flags>0</flags>
      <properties/>
      <relations/>
      <accesscontrol>
        <accessentry>
          <uuidprincipal>ROLE.WORKPLACE_USER</uuidprincipal>
          <flags>514</flags>
          <permissionset>
            <allowed>1</allowed>
            <denied>0</denied>
          </permissionset>
        </accessentry>
      </accesscontrol>
    </file>
    <file>
      <destination>system/modules</destination>
      <type>folder</type>
      <uuidstructure>efc42abe-40ba-11e0-b520-e756eface22e</uuidstructure>
      <datelastmodified>Fri, 25 Feb 2011 08:40:45 GMT</datelastmodified>
      <userlastmodified>Admin</userlastmodified>
      <datecreated>Fri, 25 Feb 2011 08:40:45 GMT</datecreated>
      <usercreated>Admin</usercreated>
      <flags>0</flags>
      <properties/>
      <relations/>
      <accesscontrol>
        <accessentry>
          <uuidprincipal>ROLE.WORKPLACE_USER</uuidprincipal>
          <flags>514</flags>
          <permissionset>
            <allowed>5</allowed>
            <denied>0</denied>
          </permissionset>
        </accessentry>
      </accesscontrol>
    </file>
    <file>
      <destination>system/modules/org.opencms.ade.upload</destination>
      <type>folder</type>
      <uuidstructure>b83a2326-40de-11e0-b044-e756eface22e</uuidstructure>
      <datelastmodified>Fri, 25 Feb 2011 12:56:53 GMT</datelastmodified>
      <userlastmodified>Admin</userlastmodified>
      <datecreated>Fri, 25 Feb 2011 12:56:53 GMT</datecreated>
      <usercreated>Admin</usercreated>
      <flags>0</flags>
      <properties/>
      <relations/>
      <accesscontrol/>
    </file>
    <file>
      <source>system/modules/org.opencms.ade.upload/upload.jsp</source>
      <destination>system/modules/org.opencms.ade.upload/upload.jsp</destination>
      <type>jsp</type>
      <uuidstructure>be9eaf09-40df-11e0-b044-e756eface22e</uuidstructure>
      <uuidresource>be9eaf0a-40df-11e0-b044-e756eface22e</uuidresource>
      <datelastmodified>Fri, 25 Feb 2011 13:04:14 GMT</datelastmodified>
      <userlastmodified>Admin</userlastmodified>
      <datecreated>Fri, 25 Feb 2011 13:04:14 GMT</datecreated>
      <usercreated>Admin</usercreated>
      <flags>0</flags>
      <properties>
        <property type="shared">
          <name>export</name>
          <value><![CDATA[false]]></value>
        </property>
      </properties>
      <relations/>
      <accesscontrol/>
    </file>
    <file>
      <source>system/modules/org.opencms.ade.upload/uploadAction.jsp</source>
      <destination>system/modules/org.opencms.ade.upload/uploadAction.jsp</destination>
      <type>jsp</type>
      <uuidstructure>54fc80dc-287a-11e0-9363-9d0a6b56f130</uuidstructure>
      <uuidresource>54fc80dd-287a-11e0-9363-9d0a6b56f130</uuidresource>
      <datelastmodified>Tue, 25 Jan 2011 13:19:14 GMT</datelastmodified>
      <userlastmodified>Admin</userlastmodified>
      <datecreated>Tue, 25 Jan 2011 11:57:49 GMT</datecreated>
      <usercreated>Admin</usercreated>
      <flags>0</flags>
      <properties>
        <property>
          <name>Title</name>
          <value><![CDATA[The upload JSP]]></value>
        </property>
        <property type="shared">
          <name>export</name>
          <value><![CDATA[false]]></value>
        </property>
      </properties>
      <relations/>
      <accesscontrol/>
    </file>
    <file>
      <destination>system/modules/org.opencms.ade.upload/resources</destination>
      <type>folder</type>
      <uuidstructure>fd5d002c-40df-11e0-b044-e756eface22e</uuidstructure>
      <datelastmodified>Fri, 25 Feb 2011 13:05:59 GMT</datelastmodified>
      <userlastmodified>Admin</userlastmodified>
      <datecreated>Fri, 25 Feb 2011 13:05:59 GMT</datecreated>
      <usercreated>Admin</usercreated>
      <flags>0</flags>
      <properties/>
      <relations/>
      <accesscontrol/>
    </file>
    <file>
      <destination>system/modules/org.opencms.ade.upload/resources/upload</destination>
      <type>folder</type>
      <uuidstructure>2d8a47d6-71ae-11e0-883b-cd21a79dc8d2</uuidstructure>
      <datelastmodified>Thu, 28 Apr 2011 15:42:52 GMT</datelastmodified>
      <userlastmodified>Admin</userlastmodified>
      <datecreated>Thu, 28 Apr 2011 15:42:52 GMT</datecreated>
      <usercreated>Admin</usercreated>
      <flags>0</flags>
      <properties/>
      <relations/>
      <accesscontrol/>
    </file>
    <file>
      <source>system/modules/org.opencms.ade.upload/resources/upload/upload.nocache.js</source>
      <destination>system/modules/org.opencms.ade.upload/resources/upload/upload.nocache.js</destination>
      <type>binary</type>
      <uuidstructure>40ddb467-60eb-11e4-b23d-4b09e6f2f50a</uuidstructure>
      <uuidresource>40de0288-60eb-11e4-b23d-4b09e6f2f50a</uuidresource>
      <datelastmodified>Fri, 31 Oct 2014 10:47:04 GMT</datelastmodified>
      <userlastmodified>Admin</userlastmodified>
      <datecreated>Fri, 31 Oct 2014 10:47:04 GMT</datecreated>
      <usercreated>Admin</usercreated>
      <flags>0</flags>
      <properties/>
      <relations/>
      <accesscontrol/>
    </file>
    <file>
      <source>system/modules/org.opencms.ade.upload/resources/upload/3F7D7B527C9E44C6004A13D4BC92CDE4.cache.html</source>
      <destination>system/modules/org.opencms.ade.upload/resources/upload/3F7D7B527C9E44C6004A13D4BC92CDE4.cache.html</destination>
      <type>binary</type>
      <uuidstructure>40e09a99-60eb-11e4-b23d-4b09e6f2f50a</uuidstructure>
      <uuidresource>40e0e8ba-60eb-11e4-b23d-4b09e6f2f50a</uuidresource>
      <datelastmodified>Fri, 31 Oct 2014 10:47:05 GMT</datelastmodified>
      <userlastmodified>Admin</userlastmodified>
      <datecreated>Fri, 31 Oct 2014 10:47:05 GMT</datecreated>
      <usercreated>Admin</usercreated>
      <flags>0</flags>
      <properties/>
      <relations/>
      <accesscontrol/>
    </file>
    <file>
      <source>system/modules/org.opencms.ade.upload/resources/upload/clear.cache.gif</source>
      <destination>system/modules/org.opencms.ade.upload/resources/upload/clear.cache.gif</destination>
      <type>image</type>
      <uuidstructure>40e380cb-60eb-11e4-b23d-4b09e6f2f50a</uuidstructure>
      <uuidresource>40e3ceec-60eb-11e4-b23d-4b09e6f2f50a</uuidresource>
      <datelastmodified>Fri, 31 Oct 2014 10:47:05 GMT</datelastmodified>
      <userlastmodified>Admin</userlastmodified>
      <datecreated>Fri, 31 Oct 2014 10:47:05 GMT</datecreated>
      <usercreated>Admin</usercreated>
      <flags>0</flags>
      <properties/>
      <relations/>
      <accesscontrol/>
    </file>
    <file>
      <source>system/modules/org.opencms.ade.upload/resources/upload/hosted.html</source>
      <destination>system/modules/org.opencms.ade.upload/resources/upload/hosted.html</destination>
      <type>binary</type>
      <uuidstructure>40e68e0d-60eb-11e4-b23d-4b09e6f2f50a</uuidstructure>
      <uuidresource>40e6dc2e-60eb-11e4-b23d-4b09e6f2f50a</uuidresource>
      <datelastmodified>Fri, 31 Oct 2014 10:47:05 GMT</datelastmodified>
      <userlastmodified>Admin</userlastmodified>
      <datecreated>Fri, 31 Oct 2014 10:47:05 GMT</datecreated>
      <usercreated>Admin</usercreated>
      <flags>0</flags>
      <properties/>
      <relations/>
      <accesscontrol/>
    </file>
    <file>
      <source>system/modules/org.opencms.ade.upload/resources/upload/DE0F932F4B4C483ACD58B3F88007494F.gwt.rpc</source>
      <destination>system/modules/org.opencms.ade.upload/resources/upload/DE0F932F4B4C483ACD58B3F88007494F.gwt.rpc</destination>
      <type>binary</type>
      <uuidstructure>40e9261f-60eb-11e4-b23d-4b09e6f2f50a</uuidstructure>
      <uuidresource>40e94d30-60eb-11e4-b23d-4b09e6f2f50a</uuidresource>
      <datelastmodified>Fri, 31 Oct 2014 10:47:05 GMT</datelastmodified>
      <userlastmodified>Admin</userlastmodified>
      <datecreated>Fri, 31 Oct 2014 10:47:05 GMT</datecreated>
      <usercreated>Admin</usercreated>
      <flags>0</flags>
      <properties/>
      <relations/>
      <accesscontrol/>
    </file>
    <file>
      <source>system/modules/org.opencms.ade.upload/resources/upload/614A8351A28C0A4378525F849533D3FF.gwt.rpc</source>
      <destination>system/modules/org.opencms.ade.upload/resources/upload/614A8351A28C0A4378525F849533D3FF.gwt.rpc</destination>
      <type>binary</type>
      <uuidstructure>40ebbe31-60eb-11e4-b23d-4b09e6f2f50a</uuidstructure>
      <uuidresource>40ec0c52-60eb-11e4-b23d-4b09e6f2f50a</uuidresource>
      <datelastmodified>Fri, 31 Oct 2014 10:47:05 GMT</datelastmodified>
      <userlastmodified>Admin</userlastmodified>
      <datecreated>Fri, 31 Oct 2014 10:47:05 GMT</datecreated>
      <usercreated>Admin</usercreated>
      <flags>0</flags>
      <properties/>
      <relations/>
      <accesscontrol/>
    </file>
    <file>
      <source>system/modules/org.opencms.ade.upload/resources/upload/E67E7ECBC0B311AAF082FB313D124E63.cache.html</source>
      <destination>system/modules/org.opencms.ade.upload/resources/upload/E67E7ECBC0B311AAF082FB313D124E63.cache.html</destination>
      <type>binary</type>
      <uuidstructure>40ee5643-60eb-11e4-b23d-4b09e6f2f50a</uuidstructure>
      <uuidresource>40ee7d54-60eb-11e4-b23d-4b09e6f2f50a</uuidresource>
      <datelastmodified>Fri, 31 Oct 2014 10:47:05 GMT</datelastmodified>
      <userlastmodified>Admin</userlastmodified>
      <datecreated>Fri, 31 Oct 2014 10:47:05 GMT</datecreated>
      <usercreated>Admin</usercreated>
      <flags>0</flags>
      <properties/>
      <relations/>
      <accesscontrol/>
    </file>
    <file>
      <source>system/modules/org.opencms.ade.upload/resources/upload/9F10BC99433458B7C8FAF6EBE030B64A.gwt.rpc</source>
      <destination>system/modules/org.opencms.ade.upload/resources/upload/9F10BC99433458B7C8FAF6EBE030B64A.gwt.rpc</destination>
      <type>binary</type>
      <uuidstructure>40f0ee55-60eb-11e4-b23d-4b09e6f2f50a</uuidstructure>
      <uuidresource>40f11566-60eb-11e4-b23d-4b09e6f2f50a</uuidresource>
      <datelastmodified>Fri, 31 Oct 2014 10:47:05 GMT</datelastmodified>
      <userlastmodified>Admin</userlastmodified>
      <datecreated>Fri, 31 Oct 2014 10:47:05 GMT</datecreated>
      <usercreated>Admin</usercreated>
      <flags>0</flags>
      <properties/>
      <relations/>
      <accesscontrol/>
    </file>
    <file>
      <source>system/modules/org.opencms.ade.upload/resources/upload/570E0E14D8AA809FCFDDD3F55D14000B.cache.html</source>
      <destination>system/modules/org.opencms.ade.upload/resources/upload/570E0E14D8AA809FCFDDD3F55D14000B.cache.html</destination>
      <type>binary</type>
      <uuidstructure>40f3ad77-60eb-11e4-b23d-4b09e6f2f50a</uuidstructure>
      <uuidresource>40f3fb98-60eb-11e4-b23d-4b09e6f2f50a</uuidresource>
      <datelastmodified>Fri, 31 Oct 2014 10:47:05 GMT</datelastmodified>
      <userlastmodified>Admin</userlastmodified>
      <datecreated>Fri, 31 Oct 2014 10:47:05 GMT</datecreated>
      <usercreated>Admin</usercreated>
      <flags>0</flags>
      <properties/>
      <relations/>
      <accesscontrol/>
    </file>
    <file>
      <source>system/modules/org.opencms.ade.upload/resources/upload/1108C6E2483A7C3BEFB444049B0295C6.cache.html</source>
      <destination>system/modules/org.opencms.ade.upload/resources/upload/1108C6E2483A7C3BEFB444049B0295C6.cache.html</destination>
      <type>binary</type>
      <uuidstructure>40f756f9-60eb-11e4-b23d-4b09e6f2f50a</uuidstructure>
      <uuidresource>40f7cc2a-60eb-11e4-b23d-4b09e6f2f50a</uuidresource>
      <datelastmodified>Fri, 31 Oct 2014 10:47:05 GMT</datelastmodified>
      <userlastmodified>Admin</userlastmodified>
      <datecreated>Fri, 31 Oct 2014 10:47:05 GMT</datecreated>
      <usercreated>Admin</usercreated>
      <flags>0</flags>
      <properties/>
      <relations/>
      <accesscontrol/>
    </file>
  </files>
</export>
