<?xml version="1.0" encoding="UTF-8"?>

<BootstrapImages xmlns:xsi="http://www.w3.org/2001/XMLSchema-instance" xsi:noNamespaceSchemaLocation="opencms://system/modules/com.alkacon.bootstrap.schemas/schemas/image.xsd">
  <BootstrapImage language="en">
    <Headline><![CDATA[Designer]]></Headline>
    <Text><![CDATA[Mitchell Pritchett]]></Text>
    <Image>
      <link type="WEAK">
        <target><![CDATA[/sites/default/.galleries/people/20.jpg]]></target>
        <uuid>34d7aeac-590b-11e4-903d-005056b61161</uuid>
      </link>
    </Image>
    <Copyright><![CDATA[pixabay.com]]></Copyright>
  </BootstrapImage>
</BootstrapImages>
