<?xml version="1.0" encoding="UTF-8"?>

<BootstrapImages xmlns:xsi="http://www.w3.org/2001/XMLSchema-instance" xsi:noNamespaceSchemaLocation="opencms://system/modules/com.alkacon.bootstrap.schemas/schemas/image.xsd">
  <BootstrapImage language="en">
    <Headline><![CDATA[Java cup Inc.]]></Headline>
    <Text/>
    <Image>
      <link type="WEAK">
        <target><![CDATA[/sites/default/.galleries/cliparts/08.png]]></target>
        <uuid>f08556a8-55fb-11e4-8db5-005056b61161</uuid>
      </link>
    </Image>
    <Copyright/>
  </BootstrapImage>
</BootstrapImages>
