<?xml version="1.0" encoding="UTF-8"?>

<BootstrapImages xmlns:xsi="http://www.w3.org/2001/XMLSchema-instance" xsi:noNamespaceSchemaLocation="opencms://system/modules/com.alkacon.bootstrap.schemas/schemas/image.xsd">
  <BootstrapImage language="en">
    <Headline><![CDATA[Fun]]></Headline>
    <Text><![CDATA[The inline editing feature in OpenCms is just fun to use.]]></Text>
    <Image>
      <link type="WEAK">
        <target><![CDATA[/sites/default/.galleries/people/17.jpg]]></target>
        <uuid>1b88f3f3-590b-11e4-903d-005056b61161</uuid>
        <query><![CDATA[__scale=h:600,w:600,cx:13,cy:69,ch:740,cw:741]]></query>
      </link>
    </Image>
  </BootstrapImage>
  <BootstrapImage language="de">
    <Headline><![CDATA[Es macht Spaß]]></Headline>
    <Text><![CDATA[Es macht Spaß, die tollen Funktionen von OpenCms zu benutzen.]]></Text>
    <Image>
      <link type="WEAK">
        <target><![CDATA[/sites/default/.galleries/people/17.jpg]]></target>
        <uuid>1b88f3f3-590b-11e4-903d-005056b61161</uuid>
        <query><![CDATA[__scale=h:600,w:600,cx:13,cy:69,ch:740,cw:741]]></query>
      </link>
    </Image>
  </BootstrapImage>
</BootstrapImages>
