<?xml version="1.0" encoding="UTF-8"?>

<BootstrapImages xmlns:xsi="http://www.w3.org/2001/XMLSchema-instance" xsi:noNamespaceSchemaLocation="opencms://system/modules/com.alkacon.bootstrap.schemas/schemas/image.xsd">
  <BootstrapImage language="en">
    <Headline><![CDATA[FAQ image]]></Headline>
    <Text><![CDATA[OpenCms FAQ]]></Text>
    <Image>
      <link type="WEAK">
        <target><![CDATA[/sites/default/.galleries/slider/bg_sl_06.jpg]]></target>
        <uuid>00610d7a-586c-11e4-a786-005056b61161</uuid>
        <query><![CDATA[__scale=h:280,w:1500,cx:137,cy:108,ch:295,cw:1577]]></query>
      </link>
    </Image>
    <Copyright><![CDATA[Alkacon Software GmbH - CC BY-NC-SA]]></Copyright>
  </BootstrapImage>
</BootstrapImages>
