<?xml version="1.0" encoding="UTF-8"?>

<BootstrapImages xmlns:xsi="http://www.w3.org/2001/XMLSchema-instance" xsi:noNamespaceSchemaLocation="opencms://system/modules/com.alkacon.bootstrap.schemas/schemas/image.xsd">
  <BootstrapImage language="en">
    <Headline><![CDATA[Powerful yet simple]]></Headline>
    <Text/>
    <Image>
      <link type="WEAK">
        <target><![CDATA[/sites/default/.galleries/people/15.jpg]]></target>
        <uuid>f67db0b0-55f8-11e4-8db5-005056b61161</uuid>
        <query><![CDATA[__scale=h:600,w:600,cx:0,cy:24,ch:767,cw:767]]></query>
      </link>
    </Image>
    <Copyright><![CDATA[publicdomainpictures.net]]></Copyright>
  </BootstrapImage>
</BootstrapImages>
