<?xml version="1.0" encoding="UTF-8"?>

<BootstrapImages xmlns:xsi="http://www.w3.org/2001/XMLSchema-instance" xsi:noNamespaceSchemaLocation="opencms://system/modules/com.alkacon.bootstrap.schemas/schemas/image.xsd">
  <BootstrapImage language="en">
    <Headline><![CDATA[Intuitive]]></Headline>
    <Text><![CDATA[Lorem ipsum dolor sit amet, consectetuer adipiscing elit, sed diam nonummy nibh euismod tincidunt ut laoreet dolore magna aliquam erat volutpat.]]></Text>
    <Image>
      <link type="WEAK">
        <target><![CDATA[/sites/default/.galleries/people/01.jpg]]></target>
        <uuid>b13e3759-4705-11e3-8417-000c29d28104</uuid>
      </link>
    </Image>
    <Copyright><![CDATA[pixabay.com]]></Copyright>
  </BootstrapImage>
</BootstrapImages>
