<?xml version="1.0" encoding="UTF-8"?>

<BootstrapImages xmlns:xsi="http://www.w3.org/2001/XMLSchema-instance" xsi:noNamespaceSchemaLocation="opencms://system/modules/com.alkacon.bootstrap.schemas/schemas/image.xsd">
  <BootstrapImage language="en">
    <Headline><![CDATA[Great responsive template]]></Headline>
    <Text/>
    <Image>
      <link type="WEAK">
        <target><![CDATA[/sites/default/.galleries/people/18.jpg]]></target>
        <uuid>241ab586-590b-11e4-903d-005056b61161</uuid>
        <query><![CDATA[__scale=h:600,w:600,cx:13,cy:29,ch:751,cw:752]]></query>
      </link>
    </Image>
    <Copyright><![CDATA[publicdomainpictures.net]]></Copyright>
  </BootstrapImage>
</BootstrapImages>
