<?xml version="1.0" encoding="UTF-8"?>

<BootstrapImages xmlns:xsi="http://www.w3.org/2001/XMLSchema-instance" xsi:noNamespaceSchemaLocation="opencms://system/modules/com.alkacon.bootstrap.schemas/schemas/image.xsd">
  <BootstrapImage language="en">
    <Headline><![CDATA[Boats]]></Headline>
    <Text><![CDATA[Boats]]></Text>
    <Image>
      <link type="WEAK">
        <target><![CDATA[/sites/default/.galleries/samples/25.jpg]]></target>
        <uuid>cacfc097-4708-11e3-8417-000c29d28104</uuid>
        <query><![CDATA[__scale=h:682,w:435,cx:166,cy:210,ch:682,cw:435]]></query>
      </link>
    </Image>
    <Copyright><![CDATA[pixabay.com]]></Copyright>
  </BootstrapImage>
</BootstrapImages>
