<?xml version="1.0" encoding="UTF-8"?>

<BootstrapImages xmlns:xsi="http://www.w3.org/2001/XMLSchema-instance" xsi:noNamespaceSchemaLocation="opencms://system/modules/com.alkacon.bootstrap.schemas/schemas/image.xsd">
  <BootstrapImage language="en">
    <Headline><![CDATA[Analyst]]></Headline>
    <Text><![CDATA[Pepper Saltzman]]></Text>
    <Image>
      <link type="WEAK">
        <target><![CDATA[/sites/default/.galleries/people/06.jpg]]></target>
        <uuid>b4407ae8-4705-11e3-8417-000c29d28104</uuid>
      </link>
    </Image>
    <Copyright><![CDATA[imagebase.net]]></Copyright>
  </BootstrapImage>
</BootstrapImages>
