<?xml version="1.0" encoding="UTF-8"?>

<BootstrapImages xmlns:xsi="http://www.w3.org/2001/XMLSchema-instance" xsi:noNamespaceSchemaLocation="opencms://system/modules/com.alkacon.bootstrap.schemas/schemas/image.xsd">
  <BootstrapImage language="en">
    <Headline><![CDATA[Architecture]]></Headline>
    <Text><![CDATA[Nam liber tempor cum soluta nobis eleifend option congue nihil imperdiet doming id quod mazim placerat facer possim assum.]]></Text>
    <Image>
      <link type="WEAK">
        <target><![CDATA[/sites/default/.galleries/samples/05.jpg]]></target>
        <uuid>c2581db0-4705-11e3-8417-000c29d28104</uuid>
      </link>
    </Image>
    <Copyright><![CDATA[pixabay.com]]></Copyright>
  </BootstrapImage>
</BootstrapImages>
