<?xml version="1.0" encoding="UTF-8"?>

<export>
	<info>
		<creator>Admin</creator>
		<opencms_version>9.0.0</opencms_version>
		<createdate>Mon, 15 Oct 2007 15:35:18 GMT</createdate>
		<infoproject>Offline</infoproject>
		<export_version>7</export_version>
	</info>
	<module>
		<name>org.opencms.workplace.tools.database</name>
		<nicename><![CDATA[OpenCms 9 Database management tools]]></nicename>
		<group>OpenCms Workplace</group>
		<class/>
		<description><![CDATA[<p>This module contains the OpenCms database maintainance tools.</p>
<p>Install this module if you want to import/export data, it also contains a static export tool.</p>
<p><i>&copy; 2014 by Alkacon Software GmbH (http://www.alkacon.com).</i></p>]]></description>
		<version>9.0.0</version>
		<authorname><![CDATA[Alkacon Software GmbH]]></authorname>
		<authoremail><![CDATA[info@alkacon.com]]></authoremail>
		<datecreated/>
		<userinstalled/>
		<dateinstalled/>
		<dependencies>
			<dependency name="org.opencms.workplace.administration" version="9.0.0"/>
		</dependencies>
		<exportpoints>
			<exportpoint uri="/system/modules/org.opencms.workplace.tools.database/lib/" destination="WEB-INF/lib/"/>
		</exportpoints>
		<resources>
			<resource uri="/system/workplace/admin/database/htmlimport/"/>
            <resource uri="/system/workplace/admin/database/reports/"/>
            <resource uri="/system/workplace/admin/database/export.jsp"/>
            <resource uri="/system/workplace/admin/database/importhttp.jsp"/>
            <resource uri="/system/workplace/admin/database/importserver.jsp"/>
            <resource uri="/system/workplace/admin/database/publishlocks.jsp"/>
            <resource uri="/system/workplace/admin/database/publishlocksreport.jsp"/>
            <resource uri="/system/workplace/admin/database/staticexport.jsp"/>
            <resource uri="/system/workplace/resources/tools/database/icons/big/data_export.png"/>
			<resource uri="/system/workplace/resources/tools/database/icons/big/data_import_http.png"/>
			<resource uri="/system/workplace/resources/tools/database/icons/big/data_import_http_disabled.png"/>
			<resource uri="/system/workplace/resources/tools/database/icons/big/data_import_server.png"/>
			<resource uri="/system/workplace/resources/tools/database/icons/big/data_import_server_disabled.png"/>
			<resource uri="/system/workplace/resources/tools/database/icons/big/database_manage.png"/>
			<resource uri="/system/workplace/resources/tools/database/icons/big/htmldefault.png"/>
			<resource uri="/system/workplace/resources/tools/database/icons/big/htmlimport.png"/>
			<resource uri="/system/workplace/resources/tools/database/icons/big/htmlimport_disabled.png"/>
			<resource uri="/system/workplace/resources/tools/database/icons/big/publishlocks.png"/>
			<resource uri="/system/workplace/resources/tools/database/icons/big/staticexport.png"/>
			<resource uri="/system/workplace/resources/tools/database/icons/small/database_manage.png"/>
			<resource uri="/system/workplace/resources/tools/database/icons/small/staticexport.png"/>
			<resource uri="/system/modules/org.opencms.workplace.tools.database/"/>
			<resource uri="/system/workplace/commons/newresource_uploadHtml.jsp"/>
			<resource uri="/system/workplace/resources/filetypes/htmlimport.png"/>
			<resource uri="/system/workplace/explorer/uploadhtml/uploadHtml.jsp"/>
		</resources>
		<parameters/>
		<explorertypes>
			<explorertype name="uploadhtml" key="fileicon.uploadhtml" icon="htmlimport.png">
				<newresource page="otheroptions" uri="newresource_uploadHtml.jsp" order="100" autosetnavigation="false" autosettitle="false" info="desc.uploadhtml"/>
			</explorertype>
		</explorertypes>
	</module>
	<files>
		<file>
			<destination>system</destination>
			<type>folder</type>
			<uuidstructure>0a0c1bea-2325-11dc-8245-53aeb3024788</uuidstructure>
			<datelastmodified>Mon, 27 Mar 2006 12:00:00 GMT</datelastmodified>
			<userlastmodified>Admin</userlastmodified>
			<datecreated>Mon, 25 Jun 2007 14:04:50 GMT</datecreated>
			<usercreated>Admin</usercreated>
			<flags>0</flags>
			<properties/>
			<relations/>
			<accesscontrol/>
		</file>
		<file>
			<destination>system/modules</destination>
			<type>folder</type>
			<uuidstructure>82515fe7-11b7-11db-91cd-fdbae480bac9</uuidstructure>
			<datelastmodified>Mon, 27 Mar 2006 12:00:00 GMT</datelastmodified>
			<userlastmodified>Admin</userlastmodified>
			<datecreated>Mon, 27 Jun 2005 08:00:00 GMT</datecreated>
			<usercreated>Admin</usercreated>
			<flags>0</flags>
			<properties/>
			<relations/>
			<accesscontrol/>
		</file>
		<file>
			<destination>system/modules/org.opencms.workplace.tools.database</destination>
			<type>folder</type>
			<uuidstructure>e116d961-11b7-11db-91cd-fdbae480bac9</uuidstructure>
			<datelastmodified>Mon, 27 Mar 2006 12:00:00 GMT</datelastmodified>
			<userlastmodified>Admin</userlastmodified>
			<datecreated>Mon, 10 Oct 2005 08:10:10 GMT</datecreated>
			<usercreated>Admin</usercreated>
			<flags>0</flags>
			<properties/>
			<relations/>
			<accesscontrol/>
		</file>
		<file>
			<destination>system/modules/org.opencms.workplace.tools.database/lib</destination>
			<type>folder</type>
			<uuidstructure>e116d963-11b7-11db-91cd-fdbae480bac9</uuidstructure>
			<datelastmodified>Mon, 27 Mar 2006 12:00:00 GMT</datelastmodified>
			<userlastmodified>Admin</userlastmodified>
			<datecreated>Mon, 10 Oct 2005 08:10:10 GMT</datecreated>
			<usercreated>Admin</usercreated>
			<flags>0</flags>
			<properties/>
			<relations/>
			<accesscontrol/>
		</file>
		<file>
			<source>system/modules/org.opencms.workplace.tools.database/lib/org.opencms.workplace.tools.database.jar</source>
			<destination>system/modules/org.opencms.workplace.tools.database/lib/org.opencms.workplace.tools.database.jar</destination>
			<type>binary</type>
			<uuidstructure>e1194a64-11b7-11db-91cd-fdbae480bac9</uuidstructure>
			<uuidresource>7323cbbb-3b27-11da-8883-df763b25cc68</uuidresource>
			<datelastmodified>Mon, 27 Mar 2006 12:00:00 GMT</datelastmodified>
			<userlastmodified>Admin</userlastmodified>
			<datecreated>Mon, 10 Oct 2005 08:10:10 GMT</datecreated>
			<usercreated>Admin</usercreated>
			<flags>0</flags>
			<properties/>
			<relations/>
			<accesscontrol/>
		</file>
		<file>
			<destination>system/workplace</destination>
			<type>folder</type>
			<uuidstructure>825afce2-11b7-11db-91cd-fdbae480bac9</uuidstructure>
			<datelastmodified>Mon, 27 Mar 2006 12:00:00 GMT</datelastmodified>
			<userlastmodified>Admin</userlastmodified>
			<datecreated>Mon, 27 Jun 2005 08:00:00 GMT</datecreated>
			<usercreated>Admin</usercreated>
			<flags>0</flags>
			<properties>
				<property>
					<name>content-encoding</name>
					<value><![CDATA[UTF-8]]></value>
				</property>
				<property>
					<name>export</name>
					<value><![CDATA[false]]></value>
				</property>
				<property>
					<name>login-form</name>
					<value><![CDATA[/system/login/index.html]]></value>
				</property>
			</properties>
			<relations/>
			<accesscontrol>
				<accessentry>
					<uuidprincipal>ALL_OTHERS</uuidprincipal>
					<flags>134</flags>
					<permissionset>
						<allowed>0</allowed>
						<denied>0</denied>
					</permissionset>
				</accessentry>
				<accessentry>
					<uuidprincipal>ROLE.WORKPLACE_USER</uuidprincipal>
					<flags>518</flags>
					<permissionset>
						<allowed>5</allowed>
						<denied>0</denied>
					</permissionset>
				</accessentry>
			</accesscontrol>
		</file>
		<file>
			<destination>system/workplace/admin</destination>
			<type>folder</type>
			<uuidstructure>825fb7db-11b7-11db-91cd-fdbae480bac9</uuidstructure>
			<datelastmodified>Mon, 27 Mar 2006 12:00:00 GMT</datelastmodified>
			<userlastmodified>Admin</userlastmodified>
			<datecreated>Mon, 27 Jun 2005 08:00:00 GMT</datecreated>
			<usercreated>Admin</usercreated>
			<flags>0</flags>
			<properties>
				<property>
					<name>Title</name>
					<value><![CDATA[Administration View]]></value>
				</property>
				<property>
					<name>cache</name>
					<value><![CDATA[bypass]]></value>
				</property>
			</properties>
			<relations/>
			<accesscontrol/>
		</file>
		<file>
			<destination>system/workplace/admin/database</destination>
			<type>folder</type>
			<uuidstructure>e11e0557-11b7-11db-91cd-fdbae480bac9</uuidstructure>
			<datelastmodified>Mon, 27 Mar 2006 12:00:00 GMT</datelastmodified>
			<userlastmodified>Admin</userlastmodified>
			<datecreated>Mon, 27 Jun 2005 08:00:00 GMT</datecreated>
			<usercreated>Admin</usercreated>
			<flags>0</flags>
			<properties>
				<property>
					<name>Description</name>
					<value><![CDATA[${key.GUI_DATABASE_ADMIN_TOOL_HELP_0}]]></value>
				</property>
				<property>
					<name>NavImage</name>
					<value><![CDATA[tools/database/icons/big/database_manage.png:tools/database/icons/small/database_manage.png]]></value>
				</property>
				<property>
					<name>NavInfo</name>
					<value><![CDATA[${key.GUI_DATABASE_ADMIN_TOOL_GROUP_0}]]></value>
				</property>
				<property>
					<name>NavPos</name>
					<value><![CDATA[30.0]]></value>
				</property>
				<property>
					<name>NavText</name>
					<value><![CDATA[${key.GUI_DATABASE_ADMIN_TOOL_NAME_0}]]></value>
				</property>
				<property>
					<name>Title</name>
					<value><![CDATA[Database Management]]></value>
				</property>
				<property>
					<name>admintoolhandler-class</name>
					<value><![CDATA[org.opencms.workplace.tools.database.CmsDatabaseToolHandler]]></value>
				</property>
			</properties>
			<relations/>
			<accesscontrol/>
		</file>
		<file>
			<source>system/workplace/admin/database/export.jsp</source>
			<destination>system/workplace/admin/database/export.jsp</destination>
			<type>jsp</type>
			<uuidstructure>e120765f-11b7-11db-91cd-fdbae480bac9</uuidstructure>
			<uuidresource>1b715245-d81e-11d9-b639-0d179596440c</uuidresource>
			<datelastmodified>Mon, 27 Mar 2006 12:00:00 GMT</datelastmodified>
			<userlastmodified>Admin</userlastmodified>
			<datecreated>Mon, 27 Jun 2005 08:00:00 GMT</datecreated>
			<usercreated>Admin</usercreated>
			<flags>0</flags>
			<properties>
				<property>
					<name>Description</name>
					<value><![CDATA[${key.GUI_EXPORTSERVER_ADMIN_TOOL_HELP_0}]]></value>
				</property>
				<property>
					<name>NavImage</name>
					<value><![CDATA[tools/database/icons/big/data_export.png]]></value>
				</property>
				<property>
					<name>NavInfo</name>
					<value><![CDATA[${key.GUI_IMPORTEXPORT_ADMIN_TOOL_GROUP_0}]]></value>
				</property>
				<property>
					<name>NavPos</name>
					<value><![CDATA[3]]></value>
				</property>
				<property>
					<name>NavText</name>
					<value><![CDATA[${key.GUI_EXPORTSERVER_ADMIN_TOOL_NAME_0}]]></value>
				</property>
				<property>
					<name>Title</name>
					<value><![CDATA[Export to server]]></value>
				</property>
				<property>
					<name>admintoolhandler-class</name>
					<value><![CDATA[org.opencms.workplace.tools.database.CmsDatabaseToolHandler]]></value>
				</property>
				<property>
					<name>export</name>
					<value><![CDATA[false]]></value>
				</property>
			</properties>
			<relations/>
			<accesscontrol/>
		</file>
		<file>
			<source>system/workplace/admin/database/importhttp.jsp</source>
			<destination>system/workplace/admin/database/importhttp.jsp</destination>
			<type>jsp</type>
			<uuidstructure>e129ec53-11b7-11db-91cd-fdbae480bac9</uuidstructure>
			<uuidresource>cbad1dad-d761-11d9-90a6-0d179596440c</uuidresource>
			<datelastmodified>Mon, 27 Mar 2006 12:00:00 GMT</datelastmodified>
			<userlastmodified>Admin</userlastmodified>
			<datecreated>Mon, 27 Jun 2005 08:00:00 GMT</datecreated>
			<usercreated>Admin</usercreated>
			<flags>0</flags>
			<properties>
				<property>
					<name>Description</name>
					<value><![CDATA[${key.GUI_IMPORTHTTP_ADMIN_TOOL_HELP_0}]]></value>
				</property>
				<property>
					<name>NavImage</name>
					<value><![CDATA[tools/database/icons/big/data_import_http.png]]></value>
				</property>
				<property>
					<name>NavInfo</name>
					<value><![CDATA[${key.GUI_IMPORTEXPORT_ADMIN_TOOL_GROUP_0}]]></value>
				</property>
				<property>
					<name>NavPos</name>
					<value><![CDATA[2]]></value>
				</property>
				<property>
					<name>NavText</name>
					<value><![CDATA[${key.GUI_IMPORTHTTP_ADMIN_TOOL_NAME_0}]]></value>
				</property>
				<property>
					<name>Title</name>
					<value><![CDATA[Import from local computer]]></value>
				</property>
				<property>
					<name>admintoolhandler-class</name>
					<value><![CDATA[org.opencms.workplace.tools.database.CmsDatabaseToolHandler]]></value>
				</property>
				<property>
					<name>export</name>
					<value><![CDATA[false]]></value>
				</property>
			</properties>
			<relations/>
			<accesscontrol/>
		</file>
		<file>
			<source>system/workplace/admin/database/importserver.jsp</source>
			<destination>system/workplace/admin/database/importserver.jsp</destination>
			<type>jsp</type>
			<uuidstructure>e12ea74d-11b7-11db-91cd-fdbae480bac9</uuidstructure>
			<uuidresource>95b800de-d75b-11d9-be76-0d179596440c</uuidresource>
			<datelastmodified>Mon, 27 Mar 2006 12:00:00 GMT</datelastmodified>
			<userlastmodified>Admin</userlastmodified>
			<datecreated>Mon, 27 Jun 2005 08:00:00 GMT</datecreated>
			<usercreated>Admin</usercreated>
			<flags>0</flags>
			<properties>
				<property>
					<name>Description</name>
					<value><![CDATA[${key.GUI_IMPORTSERVER_ADMIN_TOOL_HELP_0}]]></value>
				</property>
				<property>
					<name>NavImage</name>
					<value><![CDATA[tools/database/icons/big/data_import_server.png]]></value>
				</property>
				<property>
					<name>NavInfo</name>
					<value><![CDATA[${key.GUI_IMPORTEXPORT_ADMIN_TOOL_GROUP_0}]]></value>
				</property>
				<property>
					<name>NavPos</name>
					<value><![CDATA[1]]></value>
				</property>
				<property>
					<name>NavText</name>
					<value><![CDATA[${key.GUI_IMPORTSERVER_ADMIN_TOOL_NAME_0}]]></value>
				</property>
				<property>
					<name>Title</name>
					<value><![CDATA[Import from server]]></value>
				</property>
				<property>
					<name>admintoolhandler-class</name>
					<value><![CDATA[org.opencms.workplace.tools.database.CmsDatabaseToolHandler]]></value>
				</property>
				<property>
					<name>export</name>
					<value><![CDATA[false]]></value>
				</property>
			</properties>
			<relations/>
			<accesscontrol/>
		</file>
		<file>
			<source>system/workplace/admin/database/publishlocks.jsp</source>
			<destination>system/workplace/admin/database/publishlocks.jsp</destination>
			<type>jsp</type>
			<uuidstructure>6fc07bc9-5c65-11dc-9bc4-00096be67772</uuidstructure>
			<uuidresource>6fc07bca-5c65-11dc-9bc4-00096be67772</uuidresource>
			<datelastmodified>Thu, 06 Sep 2007 10:55:42 GMT</datelastmodified>
			<userlastmodified>Admin</userlastmodified>
			<datecreated>Thu, 06 Sep 2007 10:39:25 GMT</datecreated>
			<usercreated>Admin</usercreated>
			<flags>0</flags>
			<properties>
				<property>
					<name>Description</name>
					<value><![CDATA[${key.GUI_DB_PUBLOCKS_ADMIN_TOOL_HELP_0}]]></value>
				</property>
				<property>
					<name>NavImage</name>
					<value><![CDATA[tools/database/icons/big/publishlocks.png]]></value>
				</property>
				<property>
					<name>NavInfo</name>
					<value><![CDATA[${key.GUI_EXTENDEDTOOLS_ADMIN_TOOL_GROUP_0}]]></value>
				</property>
				<property>
					<name>NavPos</name>
					<value><![CDATA[120]]></value>
				</property>
				<property>
					<name>NavText</name>
					<value><![CDATA[${key.GUI_DB_PUBLOCKS_ADMIN_TOOL_NAME_0}]]></value>
				</property>
				<property>
					<name>Title</name>
					<value><![CDATA[Publish locks removal tool]]></value>
				</property>
				<property>
					<name>admintoolhandler-class</name>
					<value><![CDATA[org.opencms.workplace.tools.database.CmsDatabaseToolHandler]]></value>
				</property>
			</properties>
			<relations/>
			<accesscontrol/>
		</file>
		<file>
			<source>system/workplace/admin/database/publishlocksreport.jsp</source>
			<destination>system/workplace/admin/database/publishlocksreport.jsp</destination>
			<type>jsp</type>
			<uuidstructure>812ac941-5c86-11dc-8feb-00096be67772</uuidstructure>
			<uuidresource>812ac942-5c86-11dc-8feb-00096be67772</uuidresource>
			<datelastmodified>Thu, 06 Sep 2007 14:37:32 GMT</datelastmodified>
			<userlastmodified>Admin</userlastmodified>
			<datecreated>Thu, 06 Sep 2007 14:36:07 GMT</datecreated>
			<usercreated>Admin</usercreated>
			<flags>0</flags>
			<properties>
				<property>
					<name>Title</name>
					<value><![CDATA[Remove publish locks report]]></value>
				</property>
			</properties>
			<relations/>
			<accesscontrol/>
		</file>
		<file>
			<source>system/workplace/admin/database/staticexport.jsp</source>
			<destination>system/workplace/admin/database/staticexport.jsp</destination>
			<type>jsp</type>
			<uuidstructure>e1338957-11b7-11db-91cd-fdbae480bac9</uuidstructure>
			<uuidresource>ca1f2426-d980-11d9-98f6-0d179596440c</uuidresource>
			<datelastmodified>Mon, 27 Mar 2006 12:00:00 GMT</datelastmodified>
			<userlastmodified>Admin</userlastmodified>
			<datecreated>Mon, 27 Jun 2005 08:00:00 GMT</datecreated>
			<usercreated>Admin</usercreated>
			<flags>0</flags>
			<properties>
				<property>
					<name>Description</name>
					<value><![CDATA[${key.GUI_STATEXP_ADMIN_TOOL_HELP_0}]]></value>
				</property>
				<property>
					<name>NavImage</name>
					<value><![CDATA[tools/database/icons/big/staticexport.png:tools/database/icons/small/staticexport.png]]></value>
				</property>
				<property>
					<name>NavInfo</name>
					<value><![CDATA[${key.GUI_EXTENDEDTOOLS_ADMIN_TOOL_GROUP_0}]]></value>
				</property>
				<property>
					<name>NavPos</name>
					<value><![CDATA[12]]></value>
				</property>
				<property>
					<name>NavText</name>
					<value><![CDATA[${key.GUI_STATEXP_ADMIN_TOOL_NAME_0}]]></value>
				</property>
				<property>
					<name>Title</name>
					<value><![CDATA[Static export]]></value>
				</property>
				<property>
					<name>admintoolhandler-class</name>
					<value><![CDATA[org.opencms.workplace.tools.database.CmsStaticExportToolHandler]]></value>
				</property>
			</properties>
			<relations/>
			<accesscontrol/>
		</file>
		<file>
			<destination>system/workplace/admin/database/htmlimport</destination>
			<type>folder</type>
			<uuidstructure>379d609a-757b-11dc-922e-7799c52f7191</uuidstructure>
			<datelastmodified>Mon, 08 Oct 2007 08:53:50 GMT</datelastmodified>
			<userlastmodified>Admin</userlastmodified>
			<datecreated>Mon, 08 Oct 2007 08:48:18 GMT</datecreated>
			<usercreated>Admin</usercreated>
			<flags>0</flags>
			<properties>
				<property>
					<name>Description</name>
					<value><![CDATA[${key.GUI_HTMLIMPORT_ADMIN_TOOL_HELP_0}]]></value>
				</property>
				<property>
					<name>NavImage</name>
					<value><![CDATA[tools/database/icons/big/htmlimport.png]]></value>
				</property>
				<property>
					<name>NavInfo</name>
					<value><![CDATA[${key.GUI_EXTENDEDTOOLS_ADMIN_TOOL_GROUP_0}]]></value>
				</property>
				<property>
					<name>NavPos</name>
					<value><![CDATA[11]]></value>
				</property>
				<property>
					<name>NavText</name>
					<value><![CDATA[${key.GUI_HTMLIMPORT_ADMIN_TOOL_NAME_0}]]></value>
				</property>
				<property>
					<name>Title</name>
					<value><![CDATA[Extended Htmlimport]]></value>
				</property>
				<property>
					<name>admintoolhandler-class</name>
					<value><![CDATA[org.opencms.workplace.tools.database.CmsDatabaseToolHandler]]></value>
				</property>
				<property>
					<name>export</name>
					<value><![CDATA[false]]></value>
				</property>
			</properties>
			<relations/>
			<accesscontrol/>
		</file>
		<file>
			<source>system/workplace/admin/database/htmlimport/htmldefault.jsp</source>
			<destination>system/workplace/admin/database/htmlimport/htmldefault.jsp</destination>
			<type>jsp</type>
			<uuidstructure>6d66255c-757b-11dc-922e-7799c52f7191</uuidstructure>
			<uuidresource>6d66255d-757b-11dc-922e-7799c52f7191</uuidresource>
			<datelastmodified>Mon, 15 Oct 2007 15:23:33 GMT</datelastmodified>
			<userlastmodified>Admin</userlastmodified>
			<datecreated>Mon, 08 Oct 2007 08:49:49 GMT</datecreated>
			<usercreated>Admin</usercreated>
			<flags>0</flags>
			<properties>
				<property>
					<name>Description</name>
					<value><![CDATA[${key.GUI_HTMLDEFAULT_ADMIN_TOOL_HELP_0}]]></value>
				</property>
				<property>
					<name>NavImage</name>
					<value><![CDATA[tools/database/icons/big/htmldefault.png]]></value>
				</property>
				<property>
					<name>NavInfo</name>
					<value><![CDATA[${key.GUI_HTMLIMPORT_ADMIN_TOOL_NAME_0}]]></value>
				</property>
				<property>
					<name>NavPos</name>
					<value><![CDATA[2]]></value>
				</property>
				<property>
					<name>NavText</name>
					<value><![CDATA[${key.GUI_HTMLDEFAULT_ADMIN_TOOL_NAME_0}]]></value>
				</property>
				<property>
					<name>Title</name>
					<value><![CDATA[Default Htmlimport]]></value>
				</property>
				<property>
					<name>admintoolhandler-class</name>
					<value><![CDATA[org.opencms.workplace.tools.database.CmsDatabaseToolHandler]]></value>
				</property>
				<property>
					<name>export</name>
					<value><![CDATA[false]]></value>
				</property>
			</properties>
			<relations/>
			<accesscontrol/>
		</file>
		<file>
			<source>system/workplace/admin/database/htmlimport/htmlimport.jsp</source>
			<destination>system/workplace/admin/database/htmlimport/htmlimport.jsp</destination>
			<type>jsp</type>
			<uuidstructure>640c58d2-757b-11dc-922e-7799c52f7191</uuidstructure>
			<uuidresource>640c58d3-757b-11dc-922e-7799c52f7191</uuidresource>
			<datelastmodified>Thu, 11 Oct 2007 08:54:16 GMT</datelastmodified>
			<userlastmodified>Admin</userlastmodified>
			<datecreated>Mon, 08 Oct 2007 08:49:33 GMT</datecreated>
			<usercreated>Admin</usercreated>
			<flags>0</flags>
			<properties>
				<property>
					<name>Description</name>
					<value><![CDATA[${key.GUI_HTMLIMPORT_ADMIN_TOOL_HELP_0}]]></value>
				</property>
				<property>
					<name>NavImage</name>
					<value><![CDATA[tools/database/icons/big/htmlimport.png]]></value>
				</property>
				<property>
					<name>NavInfo</name>
					<value><![CDATA[${key.GUI_HTMLIMPORT_ADMIN_TOOL_NAME_0}]]></value>
				</property>
				<property>
					<name>NavPos</name>
					<value><![CDATA[1]]></value>
				</property>
				<property>
					<name>NavText</name>
					<value><![CDATA[${key.GUI_HTMLIMPORT_ADMIN_TOOL_NAME_0}]]></value>
				</property>
				<property>
					<name>Title</name>
					<value><![CDATA[Htmlimport]]></value>
				</property>
				<property>
					<name>admintoolhandler-class</name>
					<value><![CDATA[org.opencms.workplace.tools.database.CmsDatabaseToolHandler]]></value>
				</property>
				<property>
					<name>export</name>
					<value><![CDATA[false]]></value>
				</property>
			</properties>
			<relations/>
			<accesscontrol/>
		</file>
		<file>
			<destination>system/workplace/admin/database/reports</destination>
			<type>folder</type>
			<uuidstructure>e13a8e41-11b7-11db-91cd-fdbae480bac9</uuidstructure>
			<datelastmodified>Mon, 27 Mar 2006 12:00:00 GMT</datelastmodified>
			<userlastmodified>Admin</userlastmodified>
			<datecreated>Mon, 27 Jun 2005 08:00:00 GMT</datecreated>
			<usercreated>Admin</usercreated>
			<flags>0</flags>
			<properties>
				<property>
					<name>Title</name>
					<value><![CDATA[Reports]]></value>
				</property>
			</properties>
			<relations/>
			<accesscontrol/>
		</file>
		<file>
			<source>system/workplace/admin/database/reports/export.jsp</source>
			<destination>system/workplace/admin/database/reports/export.jsp</destination>
			<type>jsp</type>
			<uuidstructure>e13cff43-11b7-11db-91cd-fdbae480bac9</uuidstructure>
			<uuidresource>8c489d4f-d82c-11d9-8b9b-0d179596440c</uuidresource>
			<datelastmodified>Mon, 27 Mar 2006 12:00:00 GMT</datelastmodified>
			<userlastmodified>Admin</userlastmodified>
			<datecreated>Mon, 27 Jun 2005 08:00:00 GMT</datecreated>
			<usercreated>Admin</usercreated>
			<flags>0</flags>
			<properties>
				<property>
					<name>Title</name>
					<value><![CDATA[Report for export files]]></value>
				</property>
				<property>
					<name>export</name>
					<value><![CDATA[false]]></value>
				</property>
			</properties>
			<relations/>
			<accesscontrol/>
		</file>
		<file>
			<source>system/workplace/admin/database/reports/htmlimport.jsp</source>
			<destination>system/workplace/admin/database/reports/htmlimport.jsp</destination>
			<type>jsp</type>
			<uuidstructure>2939da57-62a3-11db-8367-090ef06f8da4</uuidstructure>
			<uuidresource>2939da58-62a3-11db-8367-090ef06f8da4</uuidresource>
			<datelastmodified>Mon, 27 Mar 2006 12:00:00 GMT</datelastmodified>
			<userlastmodified>Admin</userlastmodified>
			<datecreated>Mon, 27 Jun 2005 08:00:00 GMT</datecreated>
			<usercreated>Admin</usercreated>
			<flags>0</flags>
			<properties>
				<property>
					<name>Title</name>
					<value><![CDATA[Report for extended html import]]></value>
				</property>
				<property>
					<name>export</name>
					<value><![CDATA[false]]></value>
				</property>
			</properties>
			<relations/>
			<accesscontrol/>
		</file>
		<file>
			<source>system/workplace/admin/database/reports/import.jsp</source>
			<destination>system/workplace/admin/database/reports/import.jsp</destination>
			<type>jsp</type>
			<uuidstructure>e141ba37-11b7-11db-91cd-fdbae480bac9</uuidstructure>
			<uuidresource>74972b17-d75b-11d9-be76-0d179596440c</uuidresource>
			<datelastmodified>Mon, 27 Mar 2006 12:00:00 GMT</datelastmodified>
			<userlastmodified>Admin</userlastmodified>
			<datecreated>Mon, 27 Jun 2005 08:00:00 GMT</datecreated>
			<usercreated>Admin</usercreated>
			<flags>0</flags>
			<properties>
				<property>
					<name>Title</name>
					<value><![CDATA[Report for import files]]></value>
				</property>
				<property>
					<name>export</name>
					<value><![CDATA[false]]></value>
				</property>
			</properties>
			<relations/>
			<accesscontrol/>
		</file>
		<file>
			<destination>system/workplace/resources</destination>
			<type>folder</type>
			<uuidstructure>82c16052-11b7-11db-91cd-fdbae480bac9</uuidstructure>
			<datelastmodified>Mon, 27 Mar 2006 12:00:00 GMT</datelastmodified>
			<userlastmodified>Admin</userlastmodified>
			<datecreated>Mon, 27 Jun 2005 08:00:00 GMT</datecreated>
			<usercreated>Admin</usercreated>
			<flags>0</flags>
			<properties/>
			<relations/>
			<accesscontrol/>
		</file>
		<file>
			<destination>system/workplace/resources/tools</destination>
			<type>folder</type>
			<uuidstructure>c3a8d33c-11b7-11db-91cd-fdbae480bac9</uuidstructure>
			<datelastmodified>Mon, 27 Mar 2006 12:00:00 GMT</datelastmodified>
			<userlastmodified>Admin</userlastmodified>
			<datecreated>Mon, 27 Jun 2005 08:00:00 GMT</datecreated>
			<usercreated>Admin</usercreated>
			<flags>0</flags>
			<properties/>
			<relations/>
			<accesscontrol/>
		</file>
		<file>
			<destination>system/workplace/resources/tools/database</destination>
			<type>folder</type>
			<uuidstructure>e1e17cae-11b7-11db-91cd-fdbae480bac9</uuidstructure>
			<datelastmodified>Mon, 27 Mar 2006 12:00:00 GMT</datelastmodified>
			<userlastmodified>Admin</userlastmodified>
			<datecreated>Mon, 27 Jun 2005 08:00:00 GMT</datecreated>
			<usercreated>Admin</usercreated>
			<flags>0</flags>
			<properties/>
			<relations/>
			<accesscontrol/>
		</file>
		<file>
			<destination>system/workplace/resources/tools/database/icons</destination>
			<type>folder</type>
			<uuidstructure>e1e3edb0-11b7-11db-91cd-fdbae480bac9</uuidstructure>
			<datelastmodified>Mon, 27 Mar 2006 12:00:00 GMT</datelastmodified>
			<userlastmodified>Admin</userlastmodified>
			<datecreated>Mon, 27 Jun 2005 08:00:00 GMT</datecreated>
			<usercreated>Admin</usercreated>
			<flags>0</flags>
			<properties/>
			<relations/>
			<accesscontrol/>
		</file>
		<file>
			<destination>system/workplace/resources/tools/database/icons/big</destination>
			<type>folder</type>
			<uuidstructure>e1e637a2-11b7-11db-91cd-fdbae480bac9</uuidstructure>
			<datelastmodified>Mon, 27 Mar 2006 12:00:00 GMT</datelastmodified>
			<userlastmodified>Admin</userlastmodified>
			<datecreated>Mon, 27 Jun 2005 08:00:00 GMT</datecreated>
			<usercreated>Admin</usercreated>
			<flags>0</flags>
			<properties/>
			<relations/>
			<accesscontrol/>
		</file>
		<file>
			<source>system/workplace/resources/tools/database/icons/big/data_export.png</source>
			<destination>system/workplace/resources/tools/database/icons/big/data_export.png</destination>
			<type>image</type>
			<uuidstructure>e1eb19a3-11b7-11db-91cd-fdbae480bac9</uuidstructure>
			<uuidresource>fabe3f34-d739-11d9-b767-0d179596440c</uuidresource>
			<datelastmodified>Mon, 27 Mar 2006 12:00:00 GMT</datelastmodified>
			<userlastmodified>Admin</userlastmodified>
			<datecreated>Mon, 27 Jun 2005 08:00:00 GMT</datecreated>
			<usercreated>Admin</usercreated>
			<flags>0</flags>
			<properties>
				<property type="shared">
					<name>image.size</name>
					<value><![CDATA[w:32,h:32]]></value>
				</property>
			</properties>
			<relations/>
			<accesscontrol/>
		</file>
		<file>
			<source>system/workplace/resources/tools/database/icons/big/data_import_http.png</source>
			<destination>system/workplace/resources/tools/database/icons/big/data_import_http.png</destination>
			<type>image</type>
			<uuidstructure>e1efd496-11b7-11db-91cd-fdbae480bac9</uuidstructure>
			<uuidresource>fac14c77-d739-11d9-b767-0d179596440c</uuidresource>
			<datelastmodified>Mon, 27 Mar 2006 12:00:00 GMT</datelastmodified>
			<userlastmodified>Admin</userlastmodified>
			<datecreated>Mon, 27 Jun 2005 08:00:00 GMT</datecreated>
			<usercreated>Admin</usercreated>
			<flags>0</flags>
			<properties>
				<property type="shared">
					<name>image.size</name>
					<value><![CDATA[w:32,h:32]]></value>
				</property>
			</properties>
			<relations/>
			<accesscontrol/>
		</file>
		<file>
			<source>system/workplace/resources/tools/database/icons/big/data_import_http_disabled.png</source>
			<destination>system/workplace/resources/tools/database/icons/big/data_import_http_disabled.png</destination>
			<type>image</type>
			<uuidstructure>e1f70089-11b7-11db-91cd-fdbae480bac9</uuidstructure>
			<uuidresource>e95f9065-e626-11d9-9a19-632613cc8395</uuidresource>
			<datelastmodified>Mon, 27 Mar 2006 12:00:00 GMT</datelastmodified>
			<userlastmodified>Admin</userlastmodified>
			<datecreated>Mon, 27 Jun 2005 08:00:00 GMT</datecreated>
			<usercreated>Admin</usercreated>
			<flags>0</flags>
			<properties>
				<property type="shared">
					<name>image.size</name>
					<value><![CDATA[w:32,h:32]]></value>
				</property>
			</properties>
			<relations/>
			<accesscontrol/>
		</file>
		<file>
			<source>system/workplace/resources/tools/database/icons/big/data_import_server.png</source>
			<destination>system/workplace/resources/tools/database/icons/big/data_import_server.png</destination>
			<type>image</type>
			<uuidstructure>e1fbbb7c-11b7-11db-91cd-fdbae480bac9</uuidstructure>
			<uuidresource>fac459ba-d739-11d9-b767-0d179596440c</uuidresource>
			<datelastmodified>Mon, 27 Mar 2006 12:00:00 GMT</datelastmodified>
			<userlastmodified>Admin</userlastmodified>
			<datecreated>Mon, 27 Jun 2005 08:00:00 GMT</datecreated>
			<usercreated>Admin</usercreated>
			<flags>0</flags>
			<properties>
				<property type="shared">
					<name>image.size</name>
					<value><![CDATA[w:32,h:32]]></value>
				</property>
			</properties>
			<relations/>
			<accesscontrol/>
		</file>
		<file>
			<source>system/workplace/resources/tools/database/icons/big/data_import_server_disabled.png</source>
			<destination>system/workplace/resources/tools/database/icons/big/data_import_server_disabled.png</destination>
			<type>image</type>
			<uuidstructure>e200766f-11b7-11db-91cd-fdbae480bac9</uuidstructure>
			<uuidresource>e961da58-e626-11d9-9a19-632613cc8395</uuidresource>
			<datelastmodified>Mon, 27 Mar 2006 12:00:00 GMT</datelastmodified>
			<userlastmodified>Admin</userlastmodified>
			<datecreated>Mon, 27 Jun 2005 08:00:00 GMT</datecreated>
			<usercreated>Admin</usercreated>
			<flags>0</flags>
			<properties>
				<property type="shared">
					<name>image.size</name>
					<value><![CDATA[w:32,h:32]]></value>
				</property>
			</properties>
			<relations/>
			<accesscontrol/>
		</file>
		<file>
			<source>system/workplace/resources/tools/database/icons/big/database_manage.png</source>
			<destination>system/workplace/resources/tools/database/icons/big/database_manage.png</destination>
			<type>image</type>
			<uuidstructure>e2055872-11b7-11db-91cd-fdbae480bac9</uuidstructure>
			<uuidresource>fabcb891-d739-11d9-b767-0d179596440c</uuidresource>
			<datelastmodified>Mon, 27 Mar 2006 12:00:00 GMT</datelastmodified>
			<userlastmodified>Admin</userlastmodified>
			<datecreated>Mon, 27 Jun 2005 08:00:00 GMT</datecreated>
			<usercreated>Admin</usercreated>
			<flags>0</flags>
			<properties>
				<property type="shared">
					<name>image.size</name>
					<value><![CDATA[w:32,h:32]]></value>
				</property>
			</properties>
			<relations/>
			<accesscontrol/>
		</file>
		<file>
			<source>system/workplace/resources/tools/database/icons/big/htmldefault.png</source>
			<destination>system/workplace/resources/tools/database/icons/big/htmldefault.png</destination>
			<type>image</type>
			<uuidstructure>59f4aa52-7b32-11dc-a308-7799c52f7191</uuidstructure>
			<uuidresource>59f4aa53-7b32-11dc-a308-7799c52f7191</uuidresource>
			<datelastmodified>Mon, 15 Oct 2007 15:21:50 GMT</datelastmodified>
			<userlastmodified>Admin</userlastmodified>
			<datecreated>Mon, 15 Oct 2007 15:21:50 GMT</datecreated>
			<usercreated>Admin</usercreated>
			<flags>0</flags>
			<properties>
				<property>
					<name>Title</name>
					<value><![CDATA[htmldefault]]></value>
				</property>
				<property type="shared">
					<name>image.size</name>
					<value><![CDATA[w:32,h:32]]></value>
				</property>
			</properties>
			<relations/>
			<accesscontrol/>
		</file>
		<file>
			<source>system/workplace/resources/tools/database/icons/big/htmlimport.png</source>
			<destination>system/workplace/resources/tools/database/icons/big/htmlimport.png</destination>
			<type>image</type>
			<uuidstructure>e20ece55-11b7-11db-91cd-fdbae480bac9</uuidstructure>
			<uuidresource>c56813fc-d72e-11d9-b767-0d179596440c</uuidresource>
			<datelastmodified>Mon, 27 Mar 2006 12:00:00 GMT</datelastmodified>
			<userlastmodified>Admin</userlastmodified>
			<datecreated>Mon, 27 Jun 2005 08:00:00 GMT</datecreated>
			<usercreated>Admin</usercreated>
			<flags>0</flags>
			<properties>
				<property type="shared">
					<name>image.size</name>
					<value><![CDATA[w:32,h:32]]></value>
				</property>
			</properties>
			<relations/>
			<accesscontrol/>
		</file>
		<file>
			<source>system/workplace/resources/tools/database/icons/big/htmlimport_disabled.png</source>
			<destination>system/workplace/resources/tools/database/icons/big/htmlimport_disabled.png</destination>
			<type>image</type>
			<uuidstructure>e2113f58-11b7-11db-91cd-fdbae480bac9</uuidstructure>
			<uuidresource>e94c7d92-e626-11d9-9a19-632613cc8395</uuidresource>
			<datelastmodified>Mon, 27 Mar 2006 12:00:00 GMT</datelastmodified>
			<userlastmodified>Admin</userlastmodified>
			<datecreated>Mon, 27 Jun 2005 08:00:00 GMT</datecreated>
			<usercreated>Admin</usercreated>
			<flags>0</flags>
			<properties>
				<property type="shared">
					<name>image.size</name>
					<value><![CDATA[w:32,h:32]]></value>
				</property>
			</properties>
			<relations/>
			<accesscontrol/>
		</file>
		<file>
			<source>system/workplace/resources/tools/database/icons/big/publishlocks.png</source>
			<destination>system/workplace/resources/tools/database/icons/big/publishlocks.png</destination>
			<type>image</type>
			<uuidstructure>21c60d18-5c87-11dc-8feb-00096be67772</uuidstructure>
			<uuidresource>21c60d19-5c87-11dc-8feb-00096be67772</uuidresource>
			<datelastmodified>Thu, 06 Sep 2007 14:40:43 GMT</datelastmodified>
			<userlastmodified>Admin</userlastmodified>
			<datecreated>Thu, 06 Sep 2007 14:40:37 GMT</datecreated>
			<usercreated>Admin</usercreated>
			<flags>0</flags>
			<properties>
				<property type="shared">
					<name>image.size</name>
					<value><![CDATA[w:32,h:32]]></value>
				</property>
			</properties>
			<relations/>
			<accesscontrol/>
		</file>
		<file>
			<source>system/workplace/resources/tools/database/icons/big/staticexport.png</source>
			<destination>system/workplace/resources/tools/database/icons/big/staticexport.png</destination>
			<type>image</type>
			<uuidstructure>e213894b-11b7-11db-91cd-fdbae480bac9</uuidstructure>
			<uuidresource>0e43d70b-d668-11d9-ba7b-0d179596440c</uuidresource>
			<datelastmodified>Mon, 27 Mar 2006 12:00:00 GMT</datelastmodified>
			<userlastmodified>Admin</userlastmodified>
			<datecreated>Mon, 27 Jun 2005 08:00:00 GMT</datecreated>
			<usercreated>Admin</usercreated>
			<flags>0</flags>
			<properties>
				<property type="shared">
					<name>image.size</name>
					<value><![CDATA[w:32,h:32]]></value>
				</property>
			</properties>
			<relations/>
			<accesscontrol/>
		</file>
		<file>
			<destination>system/workplace/resources/tools/database/icons/small</destination>
			<type>folder</type>
			<uuidstructure>e215fa4f-11b7-11db-91cd-fdbae480bac9</uuidstructure>
			<datelastmodified>Mon, 27 Mar 2006 12:00:00 GMT</datelastmodified>
			<userlastmodified>Admin</userlastmodified>
			<datecreated>Mon, 27 Jun 2005 08:00:00 GMT</datecreated>
			<usercreated>Admin</usercreated>
			<flags>0</flags>
			<properties/>
			<relations/>
			<accesscontrol/>
		</file>
		<file>
			<source>system/workplace/resources/tools/database/icons/small/database_manage.png</source>
			<destination>system/workplace/resources/tools/database/icons/small/database_manage.png</destination>
			<type>image</type>
			<uuidstructure>e215fa50-11b7-11db-91cd-fdbae480bac9</uuidstructure>
			<uuidresource>034aa99d-d73a-11d9-b767-0d179596440c</uuidresource>
			<datelastmodified>Mon, 27 Mar 2006 12:00:00 GMT</datelastmodified>
			<userlastmodified>Admin</userlastmodified>
			<datecreated>Mon, 27 Jun 2005 08:00:00 GMT</datecreated>
			<usercreated>Admin</usercreated>
			<flags>0</flags>
			<properties>
				<property type="shared">
					<name>image.size</name>
					<value><![CDATA[w:20,h:20]]></value>
				</property>
			</properties>
			<relations/>
			<accesscontrol/>
		</file>
		<file>
			<source>system/workplace/resources/tools/database/icons/small/staticexport.png</source>
			<destination>system/workplace/resources/tools/database/icons/small/staticexport.png</destination>
			<type>image</type>
			<uuidstructure>e2186b53-11b7-11db-91cd-fdbae480bac9</uuidstructure>
			<uuidresource>0e49f192-d668-11d9-ba7b-0d179596440c</uuidresource>
			<datelastmodified>Mon, 27 Mar 2006 12:00:00 GMT</datelastmodified>
			<userlastmodified>Admin</userlastmodified>
			<datecreated>Mon, 27 Jun 2005 08:00:00 GMT</datecreated>
			<usercreated>Admin</usercreated>
			<flags>0</flags>
			<properties>
				<property type="shared">
					<name>image.size</name>
					<value><![CDATA[w:20,h:20]]></value>
				</property>
			</properties>
			<relations/>
			<accesscontrol/>
		</file>
		<file>
			<destination>system/workplace/commons</destination>
			<type>folder</type>
			<uuidstructure>8272cacb-11b7-11db-91cd-fdbae480bac9</uuidstructure>
			<datelastmodified>Mon, 27 Mar 2006 12:00:00 GMT</datelastmodified>
			<userlastmodified>Admin</userlastmodified>
			<datecreated>Mon, 27 Jun 2005 08:00:00 GMT</datecreated>
			<usercreated>Admin</usercreated>
			<flags>0</flags>
			<properties>
				<property>
					<name>cache</name>
					<value><![CDATA[false]]></value>
				</property>
			</properties>
			<relations/>
			<accesscontrol/>
		</file>
		<file>
			<source>system/workplace/commons/newresource_uploadHtml.jsp</source>
			<destination>system/workplace/commons/newresource_uploadHtml.jsp</destination>
			<type>jsp</type>
			<uuidstructure>b402bb97-7810-11dc-9289-7799c52f7191</uuidstructure>
			<uuidresource>a641f473-7802-11dc-bb96-7799c52f7191</uuidresource>
			<datelastmodified>Fri, 12 Oct 2007 09:29:31 GMT</datelastmodified>
			<userlastmodified>Admin</userlastmodified>
			<datecreated>Thu, 11 Oct 2007 14:02:49 GMT</datecreated>
			<usercreated>Admin</usercreated>
			<flags>0</flags>
			<properties>
				<property>
					<name>Title</name>
					<value><![CDATA[Dialog - New resource upload HTML]]></value>
				</property>
				<property>
					<name>admintoolhandler-args</name>
					<value><![CDATA[params:resource=${param.resource}|path:/history]]></value>
				</property>
				<property type="shared">
					<name>export</name>
					<value><![CDATA[false]]></value>
				</property>
			</properties>
			<relations/>
			<accesscontrol/>
		</file>
		<file>
			<destination>system/workplace/explorer</destination>
			<type>folder</type>
			<uuidstructure>c59d76ba-11b7-11db-91cd-fdbae480bac9</uuidstructure>
			<datelastmodified>Mon, 27 Mar 2006 12:00:00 GMT</datelastmodified>
			<userlastmodified>Admin</userlastmodified>
			<datecreated>Sat, 05 Nov 2005 14:40:37 GMT</datecreated>
			<usercreated>Admin</usercreated>
			<flags>0</flags>
			<properties>
				<property>
					<name>Title</name>
					<value><![CDATA[Explorer Tools]]></value>
				</property>
				<property>
					<name>cache</name>
					<value><![CDATA[bypass]]></value>
				</property>
				<property>
					<name>default-file</name>
					<value><![CDATA[/system/workplace/views/explorer/explorer_files.jsp?mode=explorerview&reload=true]]></value>
				</property>
			</properties>
			<relations/>
			<accesscontrol/>
		</file>
		<file>
			<destination>system/workplace/explorer/uploadhtml</destination>
			<type>folder</type>
			<uuidstructure>3d2326bc-789b-11dc-9dda-7799c52f7191</uuidstructure>
			<datelastmodified>Mon, 15 Oct 2007 12:40:54 GMT</datelastmodified>
			<userlastmodified>Admin</userlastmodified>
			<datecreated>Fri, 12 Oct 2007 08:15:06 GMT</datecreated>
			<usercreated>Admin</usercreated>
			<flags>0</flags>
			<properties>
				<property>
					<name>Title</name>
					<value><![CDATA[Upload HTML]]></value>
				</property>
				<property>
					<name>default-file</name>
					<value><![CDATA[uploadHtml.jsp]]></value>
				</property>
			</properties>
			<relations/>
			<accesscontrol/>
		</file>
		<file>
			<source>system/workplace/explorer/uploadhtml/uploadHtml.jsp</source>
			<destination>system/workplace/explorer/uploadhtml/uploadHtml.jsp</destination>
			<type>jsp</type>
			<uuidstructure>f2855e0f-789c-11dc-88e8-7799c52f7191</uuidstructure>
			<uuidresource>f2855e10-789c-11dc-88e8-7799c52f7191</uuidresource>
			<datelastmodified>Mon, 15 Oct 2007 14:02:18 GMT</datelastmodified>
			<userlastmodified>Admin</userlastmodified>
			<datecreated>Fri, 12 Oct 2007 08:27:19 GMT</datecreated>
			<usercreated>Admin</usercreated>
			<flags>0</flags>
			<properties>
				<property>
					<name>NavText</name>
					<value><![CDATA[${key.GUI_HTMLIMPORT_ADMIN_TOOL_NAME_0}]]></value>
				</property>
				<property>
					<name>Title</name>
					<value><![CDATA[Dialog - New resource upload HTML]]></value>
				</property>
				<property>
					<name>admintoolhandler-args</name>
					<value><![CDATA[params:resource=${param.resource}|path:/uploadhtml]]></value>
				</property>
				<property>
					<name>admintoolhandler-class</name>
					<value><![CDATA[org.opencms.workplace.tools.CmsDefaultToolHandler]]></value>
				</property>
				<property type="shared">
					<name>export</name>
					<value><![CDATA[false]]></value>
				</property>
			</properties>
			<relations/>
			<accesscontrol/>
		</file>
		<file>
			<destination>system/workplace/resources/filetypes</destination>
			<type>folder</type>
			<uuidstructure>83ca1dcc-11b7-11db-91cd-fdbae480bac9</uuidstructure>
			<datelastmodified>Mon, 27 Mar 2006 12:00:00 GMT</datelastmodified>
			<userlastmodified>Admin</userlastmodified>
			<datecreated>Mon, 27 Jun 2005 08:00:00 GMT</datecreated>
			<usercreated>Admin</usercreated>
			<flags>0</flags>
			<properties/>
			<relations/>
			<accesscontrol/>
		</file>
		<file>
			<destination>system/workplace/resources/filetypes/htmlimport.png</destination>
			<type>image</type>
			<uuidstructure>99c13ef7-7b2f-11dc-8b52-7799c52f7191</uuidstructure>
			<uuidresource>c56813fc-d72e-11d9-b767-0d179596440c</uuidresource>
			<datelastmodified>Mon, 27 Mar 2006 12:00:00 GMT</datelastmodified>
			<userlastmodified>Admin</userlastmodified>
			<datecreated>Mon, 27 Jun 2005 08:00:00 GMT</datecreated>
			<usercreated>Admin</usercreated>
			<flags>0</flags>
			<properties>
				<property type="shared">
					<name>image.size</name>
					<value><![CDATA[w:32,h:32]]></value>
				</property>
			</properties>
			<relations/>
			<accesscontrol/>
		</file>
	</files>
</export>
