<?xml version="1.0" encoding="UTF-8"?>

<BootstrapImageGalleryShows xmlns:xsi="http://www.w3.org/2001/XMLSchema-instance" xsi:noNamespaceSchemaLocation="opencms://system/modules/com.alkacon.bootstrap.schemas/schemas/imagegalleryshow.xsd">
  <BootstrapImageGalleryShow language="en">
    <Title><![CDATA[Create your website with OpenCms]]></Title>
    <ImageFolder>
      <link type="WEAK">
        <target><![CDATA[/sites/default/.galleries/samples/]]></target>
        <uuid>959d764a-4705-11e3-8417-000c29d28104</uuid>
      </link>
    </ImageFolder>
    <ImageCount><![CDATA[4]]></ImageCount>
  </BootstrapImageGalleryShow>
</BootstrapImageGalleryShows>
