<?xml version="1.0" encoding="UTF-8"?>

<export>
  <info>
    <creator>Admin</creator>
    <opencms_version>9.0.0</opencms_version>
    <createdate>Tue, 19 Apr 2011 10:43:30 GMT</createdate>
    <infoproject>Offline</infoproject>
    <export_version>7</export_version>
  </info>
  <module>
    <name>org.opencms.ade.editprovider</name>
    <nicename><![CDATA[OpenCms 9 ADE toolbar direct edit provider]]></nicename>
    <group>OpenCms ADE</group>
    <class/>
    <description><![CDATA[This module contains an edit provider for the original Direct Edit which has a number of features from ADE.<br>

<i>&copy; 2014  by Alkacon Software GmbH (http://www.alkacon.com).</i>]]></description>
    <version>9.5.0</version>
    <authorname><![CDATA[Alkacon Software GmbH]]></authorname>
    <authoremail><![CDATA[info@alkacon.com]]></authoremail>
    <datecreated/>
    <userinstalled/>
    <dateinstalled/>
    <dependencies>
      <dependency name="org.opencms.ade.config" version="9.0.0"/>
    </dependencies>
    <exportpoints>
      <exportpoint uri="/system/modules/org.opencms.ade.editprovider/resources/" destination="resources/ade/"/>
    </exportpoints>
    <resources>
      <resource uri="/system/modules/org.opencms.ade.editprovider/"/>
    </resources>
  </module>
  <files>
    <file>
      <destination>system</destination>
      <type>folder</type>
      <uuidstructure>f94b2b67-6a6c-11e0-99c4-b5cb1f655547</uuidstructure>
      <datelastmodified>Tue, 19 Apr 2011 10:08:29 GMT</datelastmodified>
      <userlastmodified>Admin</userlastmodified>
      <datecreated>Tue, 19 Apr 2011 10:08:29 GMT</datecreated>
      <usercreated>Admin</usercreated>
      <flags>0</flags>
      <properties/>
      <relations/>
      <accesscontrol>
        <accessentry>
          <uuidprincipal>ROLE.WORKPLACE_USER</uuidprincipal>
          <flags>514</flags>
          <permissionset>
            <allowed>1</allowed>
            <denied>0</denied>
          </permissionset>
        </accessentry>
      </accesscontrol>
    </file>
    <file>
      <destination>system/modules</destination>
      <type>folder</type>
      <uuidstructure>f9f48a03-6a6c-11e0-99c4-b5cb1f655547</uuidstructure>
      <datelastmodified>Tue, 19 Apr 2011 10:08:30 GMT</datelastmodified>
      <userlastmodified>Admin</userlastmodified>
      <datecreated>Tue, 19 Apr 2011 10:08:30 GMT</datecreated>
      <usercreated>Admin</usercreated>
      <flags>0</flags>
      <properties/>
      <relations/>
      <accesscontrol>
        <accessentry>
          <uuidprincipal>ROLE.WORKPLACE_USER</uuidprincipal>
          <flags>514</flags>
          <permissionset>
            <allowed>5</allowed>
            <denied>0</denied>
          </permissionset>
        </accessentry>
      </accesscontrol>
    </file>
    <file>
      <destination>system/modules/org.opencms.ade.editprovider</destination>
      <type>folder</type>
      <uuidstructure>c8b775b3-6a71-11e0-96bd-b5cb1f655547</uuidstructure>
      <datelastmodified>Tue, 19 Apr 2011 10:42:55 GMT</datelastmodified>
      <userlastmodified>Admin</userlastmodified>
      <datecreated>Tue, 19 Apr 2011 10:42:55 GMT</datecreated>
      <usercreated>Admin</usercreated>
      <flags>0</flags>
      <properties/>
      <relations/>
      <accesscontrol/>
    </file>
    <file>
      <destination>system/modules/org.opencms.ade.editprovider/elements</destination>
      <type>folder</type>
      <uuidstructure>c8b9bfa5-6a71-11e0-96bd-b5cb1f655547</uuidstructure>
      <datelastmodified>Tue, 19 Apr 2011 10:42:55 GMT</datelastmodified>
      <userlastmodified>Admin</userlastmodified>
      <datecreated>Tue, 19 Apr 2011 10:42:55 GMT</datecreated>
      <usercreated>Admin</usercreated>
      <flags>0</flags>
      <properties/>
      <relations/>
      <accesscontrol/>
    </file>
    <file>
      <source>system/modules/org.opencms.ade.editprovider/resources/</source>
      <destination>system/modules/org.opencms.ade.editprovider/resources/</destination>
      <type>folder</type>
      <uuidstructure>164a894d-910f-4489-b782-15fdad5e153f</uuidstructure>
      <datelastmodified>Tue, 19 Apr 2011 12:18:46 GMT</datelastmodified>
      <userlastmodified>Admin</userlastmodified>
      <datecreated>Tue, 19 Apr 2011 12:18:46 GMT</datecreated>
      <usercreated>Admin</usercreated>
      <flags>0</flags>
      <properties/>
      <relations/>
      <accesscontrol/>
    </file>
    <file>
      <destination>system/modules/org.opencms.ade.editprovider/resources/editprovider</destination>
      <type>folder</type>
      <uuidstructure>04d7e261-71ae-11e0-883b-cd21a79dc8d2</uuidstructure>
      <datelastmodified>Thu, 28 Apr 2011 15:41:44 GMT</datelastmodified>
      <userlastmodified>Admin</userlastmodified>
      <datecreated>Thu, 28 Apr 2011 15:41:44 GMT</datecreated>
      <usercreated>Admin</usercreated>
      <flags>0</flags>
      <properties/>
      <relations/>
      <accesscontrol/>
    </file>
    <file>
      <source>system/modules/org.opencms.ade.editprovider/resources/editprovider/164A12D233C8A8A115ABC667E2A70C4B.cache.html</source>
      <destination>system/modules/org.opencms.ade.editprovider/resources/editprovider/164A12D233C8A8A115ABC667E2A70C4B.cache.html</destination>
      <type>binary</type>
      <uuidstructure>b91031c8-60e9-11e4-9b57-c96c9d512e39</uuidstructure>
      <uuidresource>b9107fe9-60e9-11e4-9b57-c96c9d512e39</uuidresource>
      <datelastmodified>Fri, 31 Oct 2014 10:36:07 GMT</datelastmodified>
      <userlastmodified>Admin</userlastmodified>
      <datecreated>Fri, 31 Oct 2014 10:36:07 GMT</datecreated>
      <usercreated>Admin</usercreated>
      <flags>0</flags>
      <properties/>
      <relations/>
      <accesscontrol/>
    </file>
    <file>
      <source>system/modules/org.opencms.ade.editprovider/resources/editprovider/5CDEEB15435AFB9F3287B478844EB9BD.cache.html</source>
      <destination>system/modules/org.opencms.ade.editprovider/resources/editprovider/5CDEEB15435AFB9F3287B478844EB9BD.cache.html</destination>
      <type>binary</type>
      <uuidstructure>b912a2ca-60e9-11e4-9b57-c96c9d512e39</uuidstructure>
      <uuidresource>b912f0eb-60e9-11e4-9b57-c96c9d512e39</uuidresource>
      <datelastmodified>Fri, 31 Oct 2014 10:36:07 GMT</datelastmodified>
      <userlastmodified>Admin</userlastmodified>
      <datecreated>Fri, 31 Oct 2014 10:36:07 GMT</datecreated>
      <usercreated>Admin</usercreated>
      <flags>0</flags>
      <properties/>
      <relations/>
      <accesscontrol/>
    </file>
    <file>
      <source>system/modules/org.opencms.ade.editprovider/resources/editprovider/clear.cache.gif</source>
      <destination>system/modules/org.opencms.ade.editprovider/resources/editprovider/clear.cache.gif</destination>
      <type>image</type>
      <uuidstructure>b9153adc-60e9-11e4-9b57-c96c9d512e39</uuidstructure>
      <uuidresource>b91561ed-60e9-11e4-9b57-c96c9d512e39</uuidresource>
      <datelastmodified>Fri, 31 Oct 2014 10:36:07 GMT</datelastmodified>
      <userlastmodified>Admin</userlastmodified>
      <datecreated>Fri, 31 Oct 2014 10:36:07 GMT</datecreated>
      <usercreated>Admin</usercreated>
      <flags>0</flags>
      <properties/>
      <relations/>
      <accesscontrol/>
    </file>
    <file>
      <source>system/modules/org.opencms.ade.editprovider/resources/editprovider/hosted.html</source>
      <destination>system/modules/org.opencms.ade.editprovider/resources/editprovider/hosted.html</destination>
      <type>binary</type>
      <uuidstructure>b917abde-60e9-11e4-9b57-c96c9d512e39</uuidstructure>
      <uuidresource>b917d2ef-60e9-11e4-9b57-c96c9d512e39</uuidresource>
      <datelastmodified>Fri, 31 Oct 2014 10:36:07 GMT</datelastmodified>
      <userlastmodified>Admin</userlastmodified>
      <datecreated>Fri, 31 Oct 2014 10:36:07 GMT</datecreated>
      <usercreated>Admin</usercreated>
      <flags>0</flags>
      <properties/>
      <relations/>
      <accesscontrol/>
    </file>
    <file>
      <source>system/modules/org.opencms.ade.editprovider/resources/editprovider/873060457C0171801715DAB22E60F219.cache.html</source>
      <destination>system/modules/org.opencms.ade.editprovider/resources/editprovider/873060457C0171801715DAB22E60F219.cache.html</destination>
      <type>binary</type>
      <uuidstructure>b91a6a00-60e9-11e4-9b57-c96c9d512e39</uuidstructure>
      <uuidresource>b91a9111-60e9-11e4-9b57-c96c9d512e39</uuidresource>
      <datelastmodified>Fri, 31 Oct 2014 10:36:07 GMT</datelastmodified>
      <userlastmodified>Admin</userlastmodified>
      <datecreated>Fri, 31 Oct 2014 10:36:07 GMT</datecreated>
      <usercreated>Admin</usercreated>
      <flags>0</flags>
      <properties/>
      <relations/>
      <accesscontrol/>
    </file>
    <file>
      <source>system/modules/org.opencms.ade.editprovider/resources/editprovider/DE0F932F4B4C483ACD58B3F88007494F.gwt.rpc</source>
      <destination>system/modules/org.opencms.ade.editprovider/resources/editprovider/DE0F932F4B4C483ACD58B3F88007494F.gwt.rpc</destination>
      <type>binary</type>
      <uuidstructure>b91c65d2-60e9-11e4-9b57-c96c9d512e39</uuidstructure>
      <uuidresource>b91c8ce3-60e9-11e4-9b57-c96c9d512e39</uuidresource>
      <datelastmodified>Fri, 31 Oct 2014 10:36:07 GMT</datelastmodified>
      <userlastmodified>Admin</userlastmodified>
      <datecreated>Fri, 31 Oct 2014 10:36:07 GMT</datecreated>
      <usercreated>Admin</usercreated>
      <flags>0</flags>
      <properties/>
      <relations/>
      <accesscontrol/>
    </file>
    <file>
      <source>system/modules/org.opencms.ade.editprovider/resources/editprovider/A2F581E9C9CEF6EB2779FA29C49F37BF.gwt.rpc</source>
      <destination>system/modules/org.opencms.ade.editprovider/resources/editprovider/A2F581E9C9CEF6EB2779FA29C49F37BF.gwt.rpc</destination>
      <type>binary</type>
      <uuidstructure>b91e88b4-60e9-11e4-9b57-c96c9d512e39</uuidstructure>
      <uuidresource>b91eafc5-60e9-11e4-9b57-c96c9d512e39</uuidresource>
      <datelastmodified>Fri, 31 Oct 2014 10:36:07 GMT</datelastmodified>
      <userlastmodified>Admin</userlastmodified>
      <datecreated>Fri, 31 Oct 2014 10:36:07 GMT</datecreated>
      <usercreated>Admin</usercreated>
      <flags>0</flags>
      <properties/>
      <relations/>
      <accesscontrol/>
    </file>
    <file>
      <source>system/modules/org.opencms.ade.editprovider/resources/editprovider/614A8351A28C0A4378525F849533D3FF.gwt.rpc</source>
      <destination>system/modules/org.opencms.ade.editprovider/resources/editprovider/614A8351A28C0A4378525F849533D3FF.gwt.rpc</destination>
      <type>binary</type>
      <uuidstructure>b920ab96-60e9-11e4-9b57-c96c9d512e39</uuidstructure>
      <uuidresource>b920d2a7-60e9-11e4-9b57-c96c9d512e39</uuidresource>
      <datelastmodified>Fri, 31 Oct 2014 10:36:07 GMT</datelastmodified>
      <userlastmodified>Admin</userlastmodified>
      <datecreated>Fri, 31 Oct 2014 10:36:07 GMT</datecreated>
      <usercreated>Admin</usercreated>
      <flags>0</flags>
      <properties/>
      <relations/>
      <accesscontrol/>
    </file>
    <file>
      <source>system/modules/org.opencms.ade.editprovider/resources/editprovider/editprovider.nocache.js</source>
      <destination>system/modules/org.opencms.ade.editprovider/resources/editprovider/editprovider.nocache.js</destination>
      <type>binary</type>
      <uuidstructure>b9231c98-60e9-11e4-9b57-c96c9d512e39</uuidstructure>
      <uuidresource>b92343a9-60e9-11e4-9b57-c96c9d512e39</uuidresource>
      <datelastmodified>Fri, 31 Oct 2014 10:36:07 GMT</datelastmodified>
      <userlastmodified>Admin</userlastmodified>
      <datecreated>Fri, 31 Oct 2014 10:36:07 GMT</datecreated>
      <usercreated>Admin</usercreated>
      <flags>0</flags>
      <properties/>
      <relations/>
      <accesscontrol/>
    </file>
    <file>
      <source>system/modules/org.opencms.ade.editprovider/resources/editprovider/9F10BC99433458B7C8FAF6EBE030B64A.gwt.rpc</source>
      <destination>system/modules/org.opencms.ade.editprovider/resources/editprovider/9F10BC99433458B7C8FAF6EBE030B64A.gwt.rpc</destination>
      <type>binary</type>
      <uuidstructure>b925b4aa-60e9-11e4-9b57-c96c9d512e39</uuidstructure>
      <uuidresource>b925dbbb-60e9-11e4-9b57-c96c9d512e39</uuidresource>
      <datelastmodified>Fri, 31 Oct 2014 10:36:07 GMT</datelastmodified>
      <userlastmodified>Admin</userlastmodified>
      <datecreated>Fri, 31 Oct 2014 10:36:07 GMT</datecreated>
      <usercreated>Admin</usercreated>
      <flags>0</flags>
      <properties/>
      <relations/>
      <accesscontrol/>
    </file>
    <file>
      <source>system/modules/org.opencms.ade.editprovider/resources/editprovider/E49F064689F14514B56BC0F6041AF036.cache.html</source>
      <destination>system/modules/org.opencms.ade.editprovider/resources/editprovider/E49F064689F14514B56BC0F6041AF036.cache.html</destination>
      <type>binary</type>
      <uuidstructure>b929853c-60e9-11e4-9b57-c96c9d512e39</uuidstructure>
      <uuidresource>b929d35d-60e9-11e4-9b57-c96c9d512e39</uuidresource>
      <datelastmodified>Fri, 31 Oct 2014 10:36:07 GMT</datelastmodified>
      <userlastmodified>Admin</userlastmodified>
      <datecreated>Fri, 31 Oct 2014 10:36:07 GMT</datecreated>
      <usercreated>Admin</usercreated>
      <flags>0</flags>
      <properties/>
      <relations/>
      <accesscontrol/>
    </file>
    <file>
      <source>system/modules/org.opencms.ade.editprovider/resources/editprovider/D342BFD70169EAC819DCE08421ED0901.gwt.rpc</source>
      <destination>system/modules/org.opencms.ade.editprovider/resources/editprovider/D342BFD70169EAC819DCE08421ED0901.gwt.rpc</destination>
      <type>binary</type>
      <uuidstructure>b92d55ce-60e9-11e4-9b57-c96c9d512e39</uuidstructure>
      <uuidresource>b92d7cdf-60e9-11e4-9b57-c96c9d512e39</uuidresource>
      <datelastmodified>Fri, 31 Oct 2014 10:36:07 GMT</datelastmodified>
      <userlastmodified>Admin</userlastmodified>
      <datecreated>Fri, 31 Oct 2014 10:36:07 GMT</datecreated>
      <usercreated>Admin</usercreated>
      <flags>0</flags>
      <properties/>
      <relations/>
      <accesscontrol/>
    </file>
  </files>
</export>
