<?xml version="1.0" encoding="UTF-8"?>

<NewFormatters xmlns:xsi="http://www.w3.org/2001/XMLSchema-instance" xsi:noNamespaceSchemaLocation="opencms://system/modules/org.opencms.ade.config/schemas/formatters/new_formatter.xsd">
  <NewFormatter language="en">
    <NiceName><![CDATA[Demo article formatter: Head includes.]]></NiceName>
    <Type><![CDATA[documentation-demo-article]]></Type>
    <Jsp>
      <link type="WEAK">
        <target><![CDATA[/system/modules/com.alkacon.opencms.documentation/formatters/demo/demo-article-head-includes.jsp]]></target>
        <uuid>c91255da-221f-11e4-9aa0-d9f74955ba1b</uuid>
      </link>
    </Jsp>
    <Rank><![CDATA[1000]]></Rank>
    <Match>
      <Types>
        <ContainerType><![CDATA[demo-content]]></ContainerType>
      </Types>
    </Match>
    <Preview>false</Preview>
    <SearchContent>true</SearchContent>
    <AutoEnabled>true</AutoEnabled>
    <Detail>false</Detail>
    <NestedContainers>false</NestedContainers>
    <HeadIncludeCss>
      <CssInline><![CDATA[h1, h2, h3, h4, h5, h6 {
    font-family: Serif;
    font-style: italic;
}
.demo-article-headinclude p {
    color: darkblue;
}]]></CssInline>
    </HeadIncludeCss>
    <HeadIncludeJs>
      <JavascriptLink>
        <link type="WEAK">
          <target><![CDATA[/system/modules/com.alkacon.opencms.documentation/resources/demo/js/head-includes.js]]></target>
          <uuid>655cb627-2220-11e4-9aa0-d9f74955ba1b</uuid>
        </link>
      </JavascriptLink>
    </HeadIncludeJs>
  </NewFormatter>
</NewFormatters>
