<?xml version="1.0" encoding="UTF-8"?>

<NewFormatters xmlns:xsi="http://www.w3.org/2001/XMLSchema-instance" xsi:noNamespaceSchemaLocation="opencms://system/modules/org.opencms.ade.config/schemas/formatters/new_formatter.xsd">
  <NewFormatter language="en">
    <NiceName><![CDATA[Demo Article Formatter: Element Settings]]></NiceName>
    <Type><![CDATA[documentation-demo-article]]></Type>
    <Jsp>
      <link type="WEAK">
        <target><![CDATA[/system/modules/com.alkacon.opencms.documentation/formatters/demo/demo-article-element-settings.jsp]]></target>
        <uuid>79b2d06c-1e0c-11e4-a270-d9f74955ba1b</uuid>
      </link>
    </Jsp>
    <Rank><![CDATA[1000]]></Rank>
    <Match>
      <Types>
        <ContainerType><![CDATA[demo-content]]></ContainerType>
      </Types>
    </Match>
    <Preview>true</Preview>
    <SearchContent>false</SearchContent>
    <AutoEnabled>true</AutoEnabled>
    <Detail>false</Detail>
    <NestedContainers>false</NestedContainers>
    <Setting>
      <PropertyName><![CDATA[text]]></PropertyName>
      <DisplayName><![CDATA[Text]]></DisplayName>
      <Widget><![CDATA[string]]></Widget>
      <Default><![CDATA[Default setting text]]></Default>
      <RuleRegex><![CDATA[.+]]></RuleRegex>
      <RuleType><![CDATA[error]]></RuleType>
      <Error><![CDATA[The Input should may not be empty!]]></Error>
    </Setting>
    <Setting>
      <PropertyName><![CDATA[showimage]]></PropertyName>
      <DisplayName><![CDATA[Show Image]]></DisplayName>
      <Widget><![CDATA[checkbox]]></Widget>
      <Default><![CDATA[false]]></Default>
    </Setting>
    <Setting>
      <PropertyName><![CDATA[date]]></PropertyName>
      <DisplayName><![CDATA[Date Picker]]></DisplayName>
      <Widget><![CDATA[datebox]]></Widget>
    </Setting>
    <Setting>
      <PropertyName><![CDATA[format]]></PropertyName>
      <DisplayName><![CDATA[Date format]]></DisplayName>
      <Widget><![CDATA[radio]]></Widget>
      <Default><![CDATA[both]]></Default>
      <WidgetConfig><![CDATA[both:With time|date:No time]]></WidgetConfig>
    </Setting>
  </NewFormatter>
</NewFormatters>
