<?xml version="1.0" encoding="UTF-8"?>

<NewFormatters xmlns:xsi="http://www.w3.org/2001/XMLSchema-instance" xsi:noNamespaceSchemaLocation="opencms://system/modules/org.opencms.ade.config/schemas/formatters/new_formatter.xsd">
  <NewFormatter language="en">
    <NiceName><![CDATA[Dependent fields demo]]></NiceName>
    <Type><![CDATA[documentation-demo-dependent-fields]]></Type>
    <Jsp>
      <link type="WEAK">
        <target><![CDATA[/system/modules/com.alkacon.opencms.documentation/formatters/demo/documentation-demo-dependent-fields.jsp]]></target>
        <uuid>122fe1c4-3e93-11e4-b807-578a14069906</uuid>
      </link>
    </Jsp>
    <Rank><![CDATA[1000]]></Rank>
    <Match>
      <Types>
        <ContainerType><![CDATA[demo-content]]></ContainerType>
      </Types>
    </Match>
    <Preview>false</Preview>
    <SearchContent>true</SearchContent>
    <AutoEnabled>true</AutoEnabled>
    <Detail>true</Detail>
    <NestedContainers>false</NestedContainers>
  </NewFormatter>
</NewFormatters>
