<?xml version="1.0" encoding="UTF-8"?>

<DynamicFunctions xmlns:xsi="http://www.w3.org/2001/XMLSchema-instance" xsi:noNamespaceSchemaLocation="opencms://system/modules/org.opencms.ade.containerpage/schemas/function.xsd">
  <DynamicFunction language="en">
    <Title><![CDATA[OpenCms Info]]></Title>
    <Description><![CDATA[Provides information about the OpenCms version and the login URL.]]></Description>
    <FunctionProvider>
      <link type="WEAK">
        <target><![CDATA[/system/modules/com.alkacon.bootstrap.formatters/elements/opencms-info.jsp]]></target>
        <uuid>d168d316-47b4-11e3-8ae6-000c29d28104</uuid>
      </link>
    </FunctionProvider>
  </DynamicFunction>
</DynamicFunctions>
