<?xml version="1.0" encoding="UTF-8"?>

<BootstrapTexts xmlns:xsi="http://www.w3.org/2001/XMLSchema-instance" xsi:noNamespaceSchemaLocation="opencms://system/modules/com.alkacon.bootstrap.schemas/schemas/text.xsd">
  <BootstrapText language="en">
    <Headline><![CDATA[Top questions]]></Headline>
    <Text name="Text0">
      <links/>
      <content><![CDATA[<ul>
<li>Is OpenCms open source or open sauce?</li>
<li>How comes software this great is free?</li>
<li>Why is OpenCms so awesome?</li>
<li>Can I use OpenCms in my kitchen?</li>
<li>Do androids dream of electric sheep?</li>
</ul>]]></content>
    </Text>
  </BootstrapText>
</BootstrapTexts>
