<?xml version="1.0" encoding="UTF-8"?>

<BootstrapTexts xmlns:xsi="http://www.w3.org/2001/XMLSchema-instance" xsi:noNamespaceSchemaLocation="opencms://system/modules/com.alkacon.bootstrap.schemas/schemas/text.xsd">
  <BootstrapText language="en">
    <Headline><![CDATA[FAQ text 2]]></Headline>
    <Text name="Text0">
      <links/>
      <content><![CDATA[<h2>YES!</h2>
<p>Donec pede justo, fringilla vel, aliquet nec, vulputate eget, arcu. In enim justo, rhoncus ut, imperdiet a, venenatis vitae, justo.</p>]]></content>
    </Text>
  </BootstrapText>
</BootstrapTexts>
