<?xml version="1.0" encoding="UTF-8"?>

<BootstrapTexts xmlns:xsi="http://www.w3.org/2001/XMLSchema-instance" xsi:noNamespaceSchemaLocation="opencms://system/modules/com.alkacon.bootstrap.schemas/schemas/text.xsd">
  <BootstrapText language="en">
    <Headline><![CDATA[Text in different flavours]]></Headline>
    <Text name="Text0">
      <links>
        <link name="link0" internal="true" type="A">
          <target><![CDATA[/sites/default/grid-demo/]]></target>
          <uuid>0d82626d-276b-11e4-96d6-005056b61161</uuid>
        </link>
      </links>
      <content><![CDATA[<p>Nullam dictum felis eu pede mollis pretium. Integer tincidunt. Cras dapibus. Vivamus elementum semper nisi. Aenean vulputate eleifend tellus. <a href="%(link0)">Read more...</a></p>]]></content>
    </Text>
  </BootstrapText>
</BootstrapTexts>
