<?xml version="1.0" encoding="UTF-8"?>

<BootstrapTexts xmlns:xsi="http://www.w3.org/2001/XMLSchema-instance" xsi:noNamespaceSchemaLocation="opencms://system/modules/com.alkacon.bootstrap.schemas/schemas/text.xsd">
  <BootstrapText language="en">
    <Headline><![CDATA[About OpenCms]]></Headline>
    <Text name="Text0">
      <links/>
      <content><![CDATA[<p>OpenCms is great. Easy to use. Fun to work with. Simple and intuitive. Yet full featured and powerful.</p>]]></content>
    </Text>
    <Link>
      <Text><![CDATA[Read more]]></Text>
      <URI>
        <link internal="true" type="WEAK">
          <target><![CDATA[/sites/default/grid-demo/home/]]></target>
          <uuid>32c5c6c0-4979-11e4-9866-005056b61161</uuid>
        </link>
      </URI>
    </Link>
  </BootstrapText>
</BootstrapTexts>
