<?xml version="1.0" encoding="UTF-8"?>

<BootstrapTexts xmlns:xsi="http://www.w3.org/2001/XMLSchema-instance" xsi:noNamespaceSchemaLocation="opencms://system/modules/com.alkacon.bootstrap.schemas/schemas/text.xsd">
  <BootstrapText language="en">
    <Headline><![CDATA[Professional support is available!]]></Headline>
    <Text name="Text0">
      <links>
        <link name="link0" internal="false" type="A">
          <target><![CDATA[http://www.alkacon.com/]]></target>
        </link>
        <link name="link1" internal="false" type="A">
          <target><![CDATA[http://www.alkacon.com/contact/]]></target>
        </link>
      </links>
      <content><![CDATA[<p><strong>Please contact</strong><br /> <a href="%(link0)">Alkacon Software GmbH</a><br /> An der Wachsfabrik 13 <br /> 50996 Köln (Cologne), Germany</p>
<p><a href="%(link1)"> Contact Information</a></p>]]></content>
    </Text>
  </BootstrapText>
</BootstrapTexts>
