<?xml version="1.0" encoding="UTF-8"?>

<DocumentationSections xmlns:xsi="http://www.w3.org/2001/XMLSchema-instance" xsi:noNamespaceSchemaLocation="opencms://system/modules/com.alkacon.opencms.documentation/schemas/documentation-section.xsd">
  <DocumentationSection language="en">
    <Headline><![CDATA[Multi-group selector widget]]></Headline>
    <VersionInfo/>
    <DocuVersionInfo/>
    <StatusMetaData>
      <Todos>
        <Todo><![CDATA[Configuration etc. not consistent at the moment - improve.]]></Todo>
        <Todo><![CDATA[Does this mapping information really belong here?]]></Todo>
        <Todo><![CDATA[Improve description]]></Todo>
      </Todos>
    </StatusMetaData>
  </DocumentationSection>
</DocumentationSections>
