<?xml version="1.0" encoding="UTF-8"?>

<DocumentationSections xmlns:xsi="http://www.w3.org/2001/XMLSchema-instance" xsi:noNamespaceSchemaLocation="opencms://system/modules/com.alkacon.opencms.documentation/schemas/documentation-section.xsd">
  <DocumentationSection language="en">
    <Headline><![CDATA[Querying multiple cores (indexes)]]></Headline>
    <VersionInfo/>
    <DocuVersionInfo/>
    <StatusMetaData>
      <Todos/>
    </StatusMetaData>
  </DocumentationSection>
</DocumentationSections>
