<?xml version="1.0" encoding="UTF-8"?>

<DocumentationSections xmlns:xsi="http://www.w3.org/2001/XMLSchema-instance" xsi:noNamespaceSchemaLocation="opencms://system/modules/com.alkacon.opencms.documentation/schemas/documentation-section.xsd">
  <DocumentationSection language="en">
    <Headline><![CDATA[Step 1: Creating a new module]]></Headline>
    <VersionInfo/>
    <DocuVersionInfo/>
    <StatusMetaData>
      <Todos>
        <Todo><![CDATA[Shorten the section and move most of it to the module management section?]]></Todo>
        <Todo><![CDATA[Talk about the i18n folder]]></Todo>
      </Todos>
    </StatusMetaData>
  </DocumentationSection>
</DocumentationSections>
