<?xml version="1.0" encoding="UTF-8"?>

<DocumentationSections xmlns:xsi="http://www.w3.org/2001/XMLSchema-instance" xsi:noNamespaceSchemaLocation="opencms://system/modules/com.alkacon.opencms.documentation/schemas/documentation-section.xsd">
  <DocumentationSection language="en">
    <Headline><![CDATA[Available widgets]]></Headline>
    <RefId><![CDATA[widgets]]></RefId>
    <VersionInfo/>
    <DocuVersionInfo/>
    <StatusMetaData>
      <Todos>
        <Todo><![CDATA[In the widget's subsections: What type does which widget require?]]></Todo>
        <Todo><![CDATA[Possibly structure all subsections as "Widget appearence and use", "Widget configuration", "Configuration Example"?]]></Todo>
        <Todo><![CDATA[Note somewhere that HtmlGalleryWidget and TableGalleryWidget are not supported anymore?]]></Todo>
      </Todos>
    </StatusMetaData>
  </DocumentationSection>
</DocumentationSections>
