<?xml version="1.0" encoding="UTF-8"?>

<DocumentationSections xmlns:xsi="http://www.w3.org/2001/XMLSchema-instance" xsi:noNamespaceSchemaLocation="opencms://system/modules/com.alkacon.opencms.documentation/schemas/documentation-section.xsd">
  <DocumentationSection language="en">
    <Headline><![CDATA[The JSP <code>&lt;cms&gt;</code>-taglib]]></Headline>
    <RefId><![CDATA[sec_opencms_taglib]]></RefId>
    <VersionInfo/>
    <DocuVersionInfo/>
    <StatusMetaData>
      <Todos>
        <Todo><![CDATA[Is the tag overview up-to-date?]]></Todo>
      </Todos>
    </StatusMetaData>
  </DocumentationSection>
</DocumentationSections>
