<?xml version="1.0" encoding="UTF-8"?>

<DocumentationDemoArticles xmlns:xsi="http://www.w3.org/2001/XMLSchema-instance" xsi:noNamespaceSchemaLocation="opencms://system/modules/com.alkacon.opencms.documentation/schemas/demo/documentation-demo-article.xsd">
  <DocumentationDemoArticle language="en">
    <Title><![CDATA[Image scaling demo]]></Title>
    <Text name="Text0">
      <links/>
      <content><![CDATA[<p>The same image is inserted three times, but scaled differently.</p>]]></content>
    </Text>
    <Image>
      <link type="WEAK">
        <target><![CDATA[/sites/default/documentation/demos/.galleries/demo-images/buildings.jpg]]></target>
        <uuid>c9b63f7f-22b0-11e4-8f7a-d9f74955ba1b</uuid>
        <query><![CDATA[__scale=undefined&description=]]></query>
      </link>
      <scale><![CDATA[undefined]]></scale>
    </Image>
  </DocumentationDemoArticle>
</DocumentationDemoArticles>
