<?xml version="1.0" encoding="UTF-8"?>

<DocumentationDemoArticles xmlns:xsi="http://www.w3.org/2001/XMLSchema-instance" xsi:noNamespaceSchemaLocation="opencms://system/modules/com.alkacon.opencms.documentation/schemas/demo/documentation-demo-article.xsd">
  <DocumentationDemoArticle language="en">
    <Title><![CDATA[Please edit me!]]></Title>
    <Text name="Text0">
      <links/>
      <content><![CDATA[<p>You can directly edit the title and this text.</p>]]></content>
    </Text>
    <Image>
      <link type="WEAK">
        <target><![CDATA[/sites/default/documentation/demos/.galleries/demo-images/OpenCms_Logo.png]]></target>
        <uuid>71e54381-1e1e-11e4-8373-d9f74955ba1b</uuid>
        <query><![CDATA[__scale=undefined&description=]]></query>
      </link>
      <scale><![CDATA[undefined]]></scale>
    </Image>
  </DocumentationDemoArticle>
</DocumentationDemoArticles>
