<?xml version="1.0" encoding="UTF-8"?>

<DocumentationDemoArticles xmlns:xsi="http://www.w3.org/2001/XMLSchema-instance" xsi:noNamespaceSchemaLocation="opencms://system/modules/com.alkacon.opencms.documentation/schemas/demo/documentation-demo-article.xsd">
  <DocumentationDemoArticle language="en">
    <Title><![CDATA[I use headincludes]]></Title>
    <Text name="Text0">
      <links/>
      <content><![CDATA[<p>This article is restyled via head includes.</p>
<p>Also the date is fetched via an additional javascript.</p>]]></content>
    </Text>
  </DocumentationDemoArticle>
</DocumentationDemoArticles>
