<?xml version="1.0" encoding="UTF-8"?>

<DocumentationDemoArticles xmlns:xsi="http://www.w3.org/2001/XMLSchema-instance" xsi:noNamespaceSchemaLocation="opencms://system/modules/com.alkacon.opencms.documentation/schemas/demo/documentation-demo-article.xsd">
  <DocumentationDemoArticle language="en">
    <Title><![CDATA[Element Settings Demo]]></Title>
    <Text name="Text0">
      <links/>
      <content><![CDATA[<p>Hover over the edit point and choose the element settings button from the appearing menu. There you can change my appearance.</p>]]></content>
    </Text>
    <Image>
      <link type="WEAK">
        <target><![CDATA[/sites/default/documentation/demos/.galleries/demo-images/OpenCms_Logo.png]]></target>
        <uuid>71e54381-1e1e-11e4-8373-d9f74955ba1b</uuid>
      </link>
    </Image>
  </DocumentationDemoArticle>
</DocumentationDemoArticles>
