<?xml version="1.0" encoding="UTF-8"?>

<DocumentationDemoArticles xmlns:xsi="http://www.w3.org/2001/XMLSchema-instance" xsi:noNamespaceSchemaLocation="opencms://system/modules/com.alkacon.opencms.documentation/schemas/demo/documentation-demo-article.xsd">
  <DocumentationDemoArticle language="en">
    <Title><![CDATA[Accessing template information]]></Title>
    <Text name="Text0">
      <links/>
      <content><![CDATA[<p>Here we print out many different information about the currently rendered container page.</p>]]></content>
    </Text>
  </DocumentationDemoArticle>
</DocumentationDemoArticles>
