<?xml version="1.0" encoding="UTF-8"?>

<BootstrapLists xmlns:xsi="http://www.w3.org/2001/XMLSchema-instance" xsi:noNamespaceSchemaLocation="opencms://system/modules/com.alkacon.bootstrap.schemas/schemas/list.xsd">
  <BootstrapList language="en">
    <Headline><![CDATA[Latest entries]]></Headline>
    <FilterQueries/>
    <SortOrder><![CDATA[desc]]></SortOrder>
    <RowCount><![CDATA[1000]]></RowCount>
    <ItemsPerPage><![CDATA[4]]></ItemsPerPage>
    <CreatePath><![CDATA[/sites/default/grid-demo/.content/blogentries/be_%(number:5).xml]]></CreatePath>
  </BootstrapList>
</BootstrapLists>
