<?xml version="1.0" encoding="UTF-8"?>

<DynamicFunctions xmlns:xsi="http://www.w3.org/2001/XMLSchema-instance" xsi:noNamespaceSchemaLocation="opencms://system/modules/org.opencms.ade.containerpage/schemas/function.xsd">
  <DynamicFunction language="en">
    <Title><![CDATA[Demo - Function detail pages: Simple calculator result]]></Title>
    <Description><![CDATA[Demo: Dynamic Function providing the result page of the simple calculator]]></Description>
    <FunctionProvider>
      <link type="WEAK">
        <target><![CDATA[/system/modules/com.alkacon.opencms.documentation/functions/demo/calculator-result.jsp]]></target>
        <uuid>6d1d6a06-22d5-11e4-a67d-d9f74955ba1b</uuid>
      </link>
    </FunctionProvider>
  </DynamicFunction>
</DynamicFunctions>
