<?xml version="1.0" encoding="UTF-8"?>

<DynamicFunctions xmlns:xsi="http://www.w3.org/2001/XMLSchema-instance" xsi:noNamespaceSchemaLocation="opencms://system/modules/org.opencms.ade.containerpage/schemas/function.xsd">
  <DynamicFunction language="en">
    <Title><![CDATA[Demo - Function detail pages: Simple calculator fom]]></Title>
    <Description><![CDATA[Demo: Dynamic Function providing a calculator form.]]></Description>
    <FunctionProvider>
      <link type="WEAK">
        <target><![CDATA[/system/modules/com.alkacon.opencms.documentation/functions/demo/calculator-form.jsp]]></target>
        <uuid>6d115c0e-22d5-11e4-a67d-d9f74955ba1b</uuid>
      </link>
    </FunctionProvider>
    <ContainerSettings>
      <Type><![CDATA[demo-content]]></Type>
      <MinWidth/>
    </ContainerSettings>
  </DynamicFunction>
</DynamicFunctions>
