<?xml version="1.0" encoding="UTF-8"?>

<DynamicFunctions xmlns:xsi="http://www.w3.org/2001/XMLSchema-instance" xsi:noNamespaceSchemaLocation="opencms://system/modules/org.opencms.ade.containerpage/schemas/function.xsd">
  <DynamicFunction language="en">
    <Title><![CDATA[Demo - Accessing container-page information]]></Title>
    <Description><![CDATA[Displays informations about the template's containers, the currently rendered element and the surrounding container.]]></Description>
    <FunctionProvider>
      <link type="WEAK">
        <target><![CDATA[/system/modules/com.alkacon.opencms.documentation/functions/demo/container-page-information.jsp]]></target>
        <uuid>cacca1b3-22b9-11e4-8f7a-d9f74955ba1b</uuid>
      </link>
    </FunctionProvider>
  </DynamicFunction>
</DynamicFunctions>
