<?xml version="1.0" encoding="UTF-8"?>

<DynamicFunctions xmlns:xsi="http://www.w3.org/2001/XMLSchema-instance" xsi:noNamespaceSchemaLocation="opencms://system/modules/org.opencms.ade.containerpage/schemas/function.xsd">
  <DynamicFunction language="en">
    <Title><![CDATA[Demo - Lists and detail pages]]></Title>
    <Description/>
    <FunctionProvider>
      <link type="WEAK">
        <target><![CDATA[/system/modules/com.alkacon.opencms.documentation/functions/demo/list-example.jsp]]></target>
        <uuid>eebaeebc-22c4-11e4-8f7a-d9f74955ba1b</uuid>
      </link>
    </FunctionProvider>
    <Parameter>
      <Key><![CDATA[folder]]></Key>
      <Value><![CDATA[/documentation/demos/.content/documentation-demo-article/]]></Value>
    </Parameter>
    <Parameter>
      <Key><![CDATA[type]]></Key>
      <Value><![CDATA[documentation-demo-article]]></Value>
    </Parameter>
    <Parameter>
      <Key><![CDATA[count]]></Key>
      <Value><![CDATA[5]]></Value>
    </Parameter>
    <ContainerSettings>
      <Type><![CDATA[demo-content]]></Type>
      <MinWidth/>
    </ContainerSettings>
  </DynamicFunction>
</DynamicFunctions>
