<?xml version="1.0" encoding="UTF-8"?>

<DynamicFunctions xmlns:xsi="http://www.w3.org/2001/XMLSchema-instance" xsi:noNamespaceSchemaLocation="opencms://system/modules/org.opencms.ade.containerpage/schemas/function.xsd">
  <DynamicFunction language="en">
    <Title><![CDATA[Demo: Dynamic functions]]></Title>
    <Description><![CDATA[A demo dynamic function. The configured provider shows time and date.]]></Description>
    <FunctionProvider>
      <link type="WEAK">
        <target><![CDATA[/system/modules/com.alkacon.opencms.documentation/functions/demo/time-example.jsp]]></target>
        <uuid>ffda275c-2129-11e4-a141-d9f74955ba1b</uuid>
      </link>
    </FunctionProvider>
    <Parameter>
      <Key><![CDATA[locale]]></Key>
      <Value><![CDATA[en_US]]></Value>
    </Parameter>
    <ContainerSettings>
      <Type><![CDATA[demo-content]]></Type>
      <MinWidth/>
    </ContainerSettings>
    <SettingConfig>
      <PropertyName><![CDATA[format]]></PropertyName>
      <DisplayName><![CDATA[Clock Format]]></DisplayName>
      <Type><![CDATA[string]]></Type>
      <Widget><![CDATA[radio]]></Widget>
      <Default><![CDATA[both]]></Default>
      <WidgetConfig><![CDATA[time:Time|date:Date|both:Both]]></WidgetConfig>
    </SettingConfig>
    <SettingConfig>
      <PropertyName><![CDATA[style]]></PropertyName>
      <DisplayName><![CDATA[Date Style]]></DisplayName>
      <Type><![CDATA[string]]></Type>
      <Widget><![CDATA[select]]></Widget>
      <Default><![CDATA[medium]]></Default>
      <WidgetConfig><![CDATA[short:Short|medium:Medium|long:Long|full:Full]]></WidgetConfig>
    </SettingConfig>
  </DynamicFunction>
</DynamicFunctions>
