<?xml version="1.0" encoding="UTF-8"?>

<DocumentationDefinitionLists xmlns:xsi="http://www.w3.org/2001/XMLSchema-instance" xsi:noNamespaceSchemaLocation="opencms://system/modules/com.alkacon.opencms.documentation/schemas/documentation-definition-list.xsd">
  <DocumentationDefinitionList language="en">
    <Title><![CDATA[Dependent editor fields: Attributes of the editorchangehandler node]]></Title>
    <Heading><![CDATA[Attributes of <code>&lt;editorchangehandler&gt;</code>]]></Heading>
    <PropertyDef>true</PropertyDef>
    <Entry>
      <Term><![CDATA[class]]></Term>
      <Description name="Description0">
        <links>
          <link name="link0" internal="false" type="A">
            <target><![CDATA[http://files.opencms.org/javadoc/core/org/opencms/ade/contenteditor/CmsEditorChangeHandlerProperty.html]]></target>
          </link>
          <link name="link1" internal="true" type="A">
            <target><![CDATA[]]></target>
            <anchor><![CDATA[writing_own_handlers]]></anchor>
          </link>
        </links>
        <content><![CDATA[<p>The class that handles the dependency. By default, OpenCms provides <code><a href="%(link0)">CmsEditorChangeHandlerProperty</a></code> as concrete handler implementation, but you can <a href="%(link1)">write own handlers</a>.</p>]]></content>
      </Description>
    </Entry>
    <Entry>
      <Term><![CDATA[scope]]></Term>
      <Description name="Description0">
        <links/>
        <content><![CDATA[<p>Define the editor fields that should be observed for changes. The fields have to be specified by an XPath, e.g., <code>"Paragraphs*/Headline"</code>. The path can contain <code>*</code> as wildcard to observe all elements in a sequence. Moreover, the path can also explictely addess one element in a series and all fields of a subcontent. For example, <code>"Paragraphs[2]"</code> would cause observation for all fields in the second paragraph.</p>]]></content>
      </Description>
    </Entry>
    <Entry>
      <Term><![CDATA[configuration]]></Term>
      <Description name="Description0">
        <links>
          <link name="link0" internal="false" type="A">
            <target><![CDATA[http://files.opencms.org/javadoc/core/org/opencms/ade/contenteditor/CmsEditorChangeHandlerProperty.html]]></target>
          </link>
        </links>
        <content><![CDATA[<p>Configuration is handler specific, hence it depends on the class you specified in the <code>class</code> attribute. For example, the <code><a href="%(link0)">CmsEditorChangeHandlerProperty</a></code> takes a property name and the path to the field that should be updated with the property, where the two are separated by <code>|</code>. The path can be given relative to the observed field or absolute.</p>]]></content>
      </Description>
    </Entry>
  </DocumentationDefinitionList>
</DocumentationDefinitionLists>
