<?xml version="1.0" encoding="UTF-8"?>

<DocumentationDemoSources xmlns:xsi="http://www.w3.org/2001/XMLSchema-instance" xsi:noNamespaceSchemaLocation="opencms://system/modules/com.alkacon.opencms.documentation/schemas/documentation-demo-source.xsd">
  <DocumentationDemoSource language="en">
    <Title><![CDATA[Demo - Function detail pages: Configuration of a named function - module's .config file]]></Title>
    <Offline>
      <Image>
        <Image>
          <link type="WEAK">
            <target><![CDATA[/sites/default/documentation/.galleries/pictures/DemoFunctionDetailPagesNamedFunctionConfiguration.png]]></target>
            <uuid>a58d3ab5-213f-11e4-a141-d9f74955ba1b</uuid>
            <query><![CDATA[__scale=undefined&description=]]></query>
          </link>
          <scale><![CDATA[undefined]]></scale>
        </Image>
        <Link>
          <link type="WEAK">
            <target><![CDATA[/system/modules/com.alkacon.opencms.documentation/.config]]></target>
            <uuid>d9a929aa-fc67-11e3-8410-fb93821e3720</uuid>
          </link>
        </Link>
        <Show><![CDATA[contenteditor]]></Show>
      </Image>
    </Offline>
  </DocumentationDemoSource>
</DocumentationDemoSources>
