<?xml version="1.0" encoding="UTF-8"?>

<DocumentationDemoSources xmlns:xsi="http://www.w3.org/2001/XMLSchema-instance" xsi:noNamespaceSchemaLocation="opencms://system/modules/com.alkacon.opencms.documentation/schemas/documentation-demo-source.xsd">
  <DocumentationDemoSource language="en">
    <Title><![CDATA[Demo - Head includes: included JavaScript]]></Title>
    <Offline>
      <SourceCode>
        <link type="WEAK">
          <target><![CDATA[/system/modules/com.alkacon.opencms.documentation/resources/demo/js/head-includes.js]]></target>
          <uuid>655cb627-2220-11e4-9aa0-d9f74955ba1b</uuid>
        </link>
      </SourceCode>
    </Offline>
  </DocumentationDemoSource>
</DocumentationDemoSources>
