<?xml version="1.0" encoding="UTF-8"?>

<DocumentationDemoSources xmlns:xsi="http://www.w3.org/2001/XMLSchema-instance" xsi:noNamespaceSchemaLocation="opencms://system/modules/com.alkacon.opencms.documentation/schemas/documentation-demo-source.xsd">
  <DocumentationDemoSource language="en">
    <Title><![CDATA[Definition of dependent fields]]></Title>
    <Offline>
      <SourceCode>
        <link type="WEAK">
          <target><![CDATA[/system/modules/com.alkacon.opencms.documentation/schemas/demo/documentation-demo-dependent-fields.xsd]]></target>
          <uuid>be89e1ec-3e8f-11e4-b97e-578a14069906</uuid>
        </link>
      </SourceCode>
    </Offline>
  </DocumentationDemoSource>
</DocumentationDemoSources>
