<?xml version="1.0" encoding="UTF-8"?>

<DocumentationDemoSources xmlns:xsi="http://www.w3.org/2001/XMLSchema-instance" xsi:noNamespaceSchemaLocation="opencms://system/modules/com.alkacon.opencms.documentation/schemas/documentation-demo-source.xsd">
  <DocumentationDemoSource language="en">
    <Title><![CDATA[Add a new title here]]></Title>
    <Offline>
      <ContentEditor>
        <link type="WEAK">
          <target><![CDATA[/system/modules/com.alkacon.opencms.documentation/formatters/demo/demo-article-head-includes.xml]]></target>
          <uuid>e05c8dfe-221f-11e4-9aa0-d9f74955ba1b</uuid>
        </link>
      </ContentEditor>
    </Offline>
    <Online>
      <Image>
        <Image>
          <link type="WEAK">
            <target><![CDATA[/sites/default/documentation/.galleries/pictures/DemoElementSettingsConfig.png]]></target>
            <uuid>149987a4-2125-11e4-a141-d9f74955ba1b</uuid>
            <query><![CDATA[__scale=undefined&description=]]></query>
          </link>
          <scale><![CDATA[undefined]]></scale>
        </Image>
        <Link>
          <link type="WEAK">
            <target><![CDATA[/system/modules/com.alkacon.opencms.documentation/formatters/demo/demo-article-head-includes.xml]]></target>
            <uuid>e05c8dfe-221f-11e4-9aa0-d9f74955ba1b</uuid>
          </link>
        </Link>
        <Show><![CDATA[contenteditor]]></Show>
      </Image>
    </Online>
  </DocumentationDemoSource>
</DocumentationDemoSources>
