<?xml version="1.0" encoding="UTF-8"?>

<DocumentationDemoSources xmlns:xsi="http://www.w3.org/2001/XMLSchema-instance" xsi:noNamespaceSchemaLocation="opencms://system/modules/com.alkacon.opencms.documentation/schemas/documentation-demo-source.xsd">
  <DocumentationDemoSource language="en">
    <Title><![CDATA[Add a new title here]]></Title>
    <Offline>
      <Explorer>
        <link type="WEAK">
          <target><![CDATA[/system/modules/com.alkacon.opencms.documentation/functions/demo/flex-cache/]]></target>
          <uuid>36dbda4c-21e6-11e4-9aa0-d9f74955ba1b</uuid>
        </link>
      </Explorer>
    </Offline>
  </DocumentationDemoSource>
</DocumentationDemoSources>
