<?xml version="1.0" encoding="UTF-8"?>

<DocumentationDemoSources xmlns:xsi="http://www.w3.org/2001/XMLSchema-instance" xsi:noNamespaceSchemaLocation="opencms://system/modules/com.alkacon.opencms.documentation/schemas/documentation-demo-source.xsd">
  <DocumentationDemoSource language="en">
    <Title><![CDATA[Add a new title here]]></Title>
    <Offline>
      <SitemapEditor>
        <link type="WEAK">
          <target><![CDATA[/sites/default/documentation/demos/dynamic-function-detail-pages/]]></target>
          <uuid>4d27d3d1-2130-11e4-a141-d9f74955ba1b</uuid>
        </link>
      </SitemapEditor>
    </Offline>
  </DocumentationDemoSource>
</DocumentationDemoSources>
