<?xml version="1.0" encoding="UTF-8"?>

<DocumentationDemoSources xmlns:xsi="http://www.w3.org/2001/XMLSchema-instance" xsi:noNamespaceSchemaLocation="opencms://system/modules/com.alkacon.opencms.documentation/schemas/documentation-demo-source.xsd">
  <DocumentationDemoSource language="en">
    <Title><![CDATA[Add a new title here]]></Title>
    <Offline>
      <SourceCode>
        <link type="WEAK">
          <target><![CDATA[/system/modules/com.alkacon.opencms.documentation/formatters/demo/demo-article-head-includes.jsp]]></target>
          <uuid>c91255da-221f-11e4-9aa0-d9f74955ba1b</uuid>
        </link>
      </SourceCode>
    </Offline>
  </DocumentationDemoSource>
</DocumentationDemoSources>
