<?xml version="1.0" encoding="UTF-8"?>

<DocumentationDemoSources xmlns:xsi="http://www.w3.org/2001/XMLSchema-instance" xsi:noNamespaceSchemaLocation="opencms://system/modules/com.alkacon.opencms.documentation/schemas/documentation-demo-source.xsd">
  <DocumentationDemoSource language="en">
    <Title><![CDATA[Add a new title here]]></Title>
    <Offline>
      <SitemapEditor>
        <link type="WEAK">
          <target><![CDATA[/sites/default/documentation/demos/lists-and-detail-pages/]]></target>
          <uuid>017a27d0-22c2-11e4-8f7a-d9f74955ba1b</uuid>
        </link>
      </SitemapEditor>
    </Offline>
    <Online>
      <Image>
        <Image>
          <link type="WEAK">
            <target><![CDATA[/sites/default/documentation/.galleries/pictures/DemoListsAndDetailPagesSitemap.png]]></target>
            <uuid>44f1a274-22ec-11e4-8cf8-49dbf0abad32</uuid>
            <query><![CDATA[__scale=undefined&description=]]></query>
          </link>
          <scale><![CDATA[undefined]]></scale>
        </Image>
        <Link>
          <link type="WEAK">
            <target><![CDATA[/sites/default/documentation/demos/lists-and-detail-pages/]]></target>
            <uuid>017a27d0-22c2-11e4-8f7a-d9f74955ba1b</uuid>
          </link>
        </Link>
        <Show><![CDATA[sitemapeditor]]></Show>
      </Image>
    </Online>
  </DocumentationDemoSource>
</DocumentationDemoSources>
