<?xml version="1.0" encoding="UTF-8"?>

<DocumentationDemoSources xmlns:xsi="http://www.w3.org/2001/XMLSchema-instance" xsi:noNamespaceSchemaLocation="opencms://system/modules/com.alkacon.opencms.documentation/schemas/documentation-demo-source.xsd">
  <DocumentationDemoSource language="en">
    <Title><![CDATA[Demo - Navigation level: Picture of the sitemap.]]></Title>
    <Offline>
      <Image>
        <Image>
          <link type="WEAK">
            <target><![CDATA[/sites/default/documentation/.galleries/pictures/DemoNavigationLevelSitemapView.png]]></target>
            <uuid>98e8106d-220a-11e4-9aa0-d9f74955ba1b</uuid>
            <query><![CDATA[__scale=undefined&description=]]></query>
          </link>
          <scale><![CDATA[undefined]]></scale>
        </Image>
        <Link>
          <link type="WEAK">
            <target><![CDATA[/sites/default/documentation/demos/navigation-level/]]></target>
            <uuid>c1a5bcca-2206-11e4-9aa0-d9f74955ba1b</uuid>
          </link>
        </Link>
        <Show><![CDATA[sitemapeditor]]></Show>
      </Image>
    </Offline>
  </DocumentationDemoSource>
</DocumentationDemoSources>
