<?xml version="1.0" encoding="UTF-8"?>

<DynamicFunctions xmlns:xsi="http://www.w3.org/2001/XMLSchema-instance" xsi:noNamespaceSchemaLocation="opencms://system/modules/org.opencms.ade.containerpage/schemas/function.xsd">
  <DynamicFunction language="en">
    <Title><![CDATA[Demo - Flex cache: Include example 2]]></Title>
    <Description><![CDATA[Including JSPs with different flex cache directives into each other - here "never" in "always".]]></Description>
    <FunctionProvider>
      <link type="WEAK">
        <target><![CDATA[/system/modules/com.alkacon.opencms.documentation/functions/demo/flex-cache/include-example2.jsp]]></target>
        <uuid>76bbef27-21e6-11e4-9aa0-d9f74955ba1b</uuid>
      </link>
    </FunctionProvider>
    <ContainerSettings>
      <Type><![CDATA[demo-content]]></Type>
      <MinWidth/>
    </ContainerSettings>
  </DynamicFunction>
</DynamicFunctions>
