<?xml version="1.0" encoding="UTF-8"?>

<DynamicFunctions xmlns:xsi="http://www.w3.org/2001/XMLSchema-instance" xsi:noNamespaceSchemaLocation="opencms://system/modules/org.opencms.ade.containerpage/schemas/function.xsd">
  <DynamicFunction language="en">
    <Title><![CDATA[Demo - Flex cache: Simple navigation example]]></Title>
    <Description><![CDATA[A navigation that is cached with directive "uri".]]></Description>
    <FunctionProvider>
      <link type="WEAK">
        <target><![CDATA[/system/modules/com.alkacon.opencms.documentation/functions/demo/flex-cache/navigation-example.jsp]]></target>
        <uuid>76c60155-21e6-11e4-9aa0-d9f74955ba1b</uuid>
      </link>
    </FunctionProvider>
  </DynamicFunction>
</DynamicFunctions>
