<?xml version="1.0" encoding="UTF-8"?>

<DocumentationDemoSources xmlns:xsi="http://www.w3.org/2001/XMLSchema-instance" xsi:noNamespaceSchemaLocation="opencms://system/modules/com.alkacon.opencms.documentation/schemas/documentation-demo-source.xsd">
  <DocumentationDemoSource language="en">
    <Title><![CDATA[Add a new title here]]></Title>
    <Offline>
      <SourceCode>
        <link type="WEAK">
          <target><![CDATA[/system/modules/com.alkacon.opencms.documentation/formatters/demo/demo-article-nested-container-formatter.jsp]]></target>
          <uuid>a8be859b-5f78-11e4-b7a7-005056b61161</uuid>
        </link>
      </SourceCode>
    </Offline>
  </DocumentationDemoSource>
</DocumentationDemoSources>
