<?xml version="1.0" encoding="UTF-8"?>

<DocumentationDemoSources xmlns:xsi="http://www.w3.org/2001/XMLSchema-instance" xsi:noNamespaceSchemaLocation="opencms://system/modules/com.alkacon.opencms.documentation/schemas/documentation-demo-source.xsd">
  <DocumentationDemoSource language="en">
    <Title><![CDATA[Add a new title here]]></Title>
    <Offline>
      <ContentEditor>
        <link type="WEAK">
          <target><![CDATA[/system/modules/com.alkacon.opencms.documentation/formatters/demo/documentation-demo-layout-element-formatter-config.xml]]></target>
          <uuid>f25fa147-591b-11e4-9013-005056b61161</uuid>
        </link>
      </ContentEditor>
    </Offline>
    <Online>
      <Image>
        <Image>
          <link type="WEAK">
            <target><![CDATA[/sites/default/documentation/.galleries/pictures/LayoutElementFormatterConfig.png]]></target>
            <uuid>376d2a11-5934-11e4-9a44-005056b61161</uuid>
            <query><![CDATA[__scale=undefined&description=]]></query>
          </link>
          <scale><![CDATA[undefined]]></scale>
        </Image>
        <Link>
          <link type="WEAK">
            <target><![CDATA[/system/modules/com.alkacon.opencms.documentation/formatters/demo/documentation-demo-layout-element-formatter-config.xml]]></target>
            <uuid>f25fa147-591b-11e4-9013-005056b61161</uuid>
          </link>
        </Link>
        <Show><![CDATA[contenteditor]]></Show>
      </Image>
    </Online>
  </DocumentationDemoSource>
</DocumentationDemoSources>
