<?xml version="1.0" encoding="UTF-8"?>

<export>
	<info>
		<creator>andreas</creator>
		<opencms_version>9.4.9</opencms_version>
		<createdate>Fri, 31 Oct 2014 09:21:04 GMT</createdate>
		<infoproject>Offline</infoproject>
		<export_version>7</export_version>
	</info>
	<module>
		<name>com.alkacon.bootstrap.formatters</name>
		<nicename><![CDATA[Bootstrap Template Formatters]]></nicename>
		<group>Bootstrap Template</group>
		<class/>
		<description><![CDATA[The OpenCms 9 bootstrap template and formatters.]]></description>
		<version>9.5.0</version>
		<authorname><![CDATA[Alkacon Software GmbH]]></authorname>
		<authoremail/>
		<datecreated/>
		<userinstalled/>
		<dateinstalled/>
		<dependencies>
			<dependency name="org.opencms.ugc" version="9.4.0"/>
			<dependency name="com.alkacon.bootstrap.schemas" version="9.5.0"/>
			<dependency name="com.alkacon.bootstrap.basics" version="9.5.0"/>
		</dependencies>
		<exportpoints/>
		<resources>
			<resource uri="/system/modules/com.alkacon.bootstrap.formatters/"/>
		</resources>
		<parameters/>
	</module>
	<files>
		<file>
			<destination>system</destination>
			<type>folder</type>
			<uuidstructure>af9f06f1-6037-11e4-b66b-005056b61161</uuidstructure>
			<datelastmodified>Thu, 30 Oct 2014 13:21:41 GMT</datelastmodified>
			<userlastmodified>Admin</userlastmodified>
			<datecreated>Thu, 30 Oct 2014 13:21:41 GMT</datecreated>
			<usercreated>Admin</usercreated>
			<flags>0</flags>
			<properties/>
			<relations/>
			<accesscontrol>
				<accessentry>
					<uuidprincipal>ROLE.WORKPLACE_USER</uuidprincipal>
					<flags>514</flags>
					<permissionset>
						<allowed>1</allowed>
						<denied>0</denied>
					</permissionset>
				</accessentry>
			</accesscontrol>
		</file>
		<file>
			<destination>system/modules</destination>
			<type>folder</type>
			<uuidstructure>b163255d-6037-11e4-b66b-005056b61161</uuidstructure>
			<datelastmodified>Thu, 30 Oct 2014 13:21:44 GMT</datelastmodified>
			<userlastmodified>Admin</userlastmodified>
			<datecreated>Thu, 30 Oct 2014 13:21:44 GMT</datecreated>
			<usercreated>Admin</usercreated>
			<flags>0</flags>
			<properties/>
			<relations/>
			<accesscontrol>
				<accessentry>
					<uuidprincipal>ROLE.WORKPLACE_USER</uuidprincipal>
					<flags>514</flags>
					<permissionset>
						<allowed>5</allowed>
						<denied>0</denied>
					</permissionset>
				</accessentry>
			</accesscontrol>
		</file>
		<file>
			<destination>system/modules/com.alkacon.bootstrap.formatters</destination>
			<type>folder</type>
			<uuidstructure>ac117cb6-1a11-11e3-9358-000c29f9a2ec</uuidstructure>
			<datelastmodified>Tue, 10 Sep 2013 12:08:15 GMT</datelastmodified>
			<userlastmodified>Admin</userlastmodified>
			<datecreated>Tue, 10 Sep 2013 12:08:15 GMT</datecreated>
			<usercreated>Admin</usercreated>
			<flags>0</flags>
			<properties/>
			<relations/>
			<accesscontrol/>
		</file>
		<file>
			<source>system/modules/com.alkacon.bootstrap.formatters/.config</source>
			<destination>system/modules/com.alkacon.bootstrap.formatters/.config</destination>
			<type>module_config</type>
			<uuidstructure>f2d8e594-1c57-11e3-80da-000c29f9a2ec</uuidstructure>
			<uuidresource>f2d8e595-1c57-11e3-80da-000c29f9a2ec</uuidresource>
			<datelastmodified>Wed, 06 Nov 2013 11:46:50 GMT</datelastmodified>
			<userlastmodified>Admin</userlastmodified>
			<datecreated>Fri, 13 Sep 2013 09:36:21 GMT</datecreated>
			<usercreated>Admin</usercreated>
			<flags>0</flags>
			<properties>
				<property>
					<name>locale</name>
					<value><![CDATA[en]]></value>
				</property>
				<property>
					<name>locale-available</name>
					<value><![CDATA[en]]></value>
				</property>
				<property>
					<name>search.exclude</name>
					<value><![CDATA[all]]></value>
				</property>
			</properties>
			<relations/>
			<accesscontrol/>
		</file>
		<file>
			<destination>system/modules/com.alkacon.bootstrap.formatters/elements</destination>
			<type>folder</type>
			<uuidstructure>ac1d639a-1a11-11e3-9358-000c29f9a2ec</uuidstructure>
			<datelastmodified>Tue, 10 Sep 2013 12:08:15 GMT</datelastmodified>
			<userlastmodified>Admin</userlastmodified>
			<datecreated>Tue, 10 Sep 2013 12:08:15 GMT</datecreated>
			<usercreated>Admin</usercreated>
			<flags>0</flags>
			<properties/>
			<relations/>
			<accesscontrol/>
		</file>
		<file>
			<source>system/modules/com.alkacon.bootstrap.formatters/elements/list-large-singlepage.jsp</source>
			<destination>system/modules/com.alkacon.bootstrap.formatters/elements/list-large-singlepage.jsp</destination>
			<type>jsp</type>
			<uuidstructure>ea05d64f-5452-11e4-9866-005056b61161</uuidstructure>
			<uuidresource>ea05d650-5452-11e4-9866-005056b61161</uuidresource>
			<datelastmodified>Thu, 23 Oct 2014 13:25:09 GMT</datelastmodified>
			<userlastmodified>Admin</userlastmodified>
			<datecreated>Wed, 15 Oct 2014 10:06:21 GMT</datecreated>
			<usercreated>Admin</usercreated>
			<flags>0</flags>
			<properties>
				<property>
					<name>Title</name>
					<value><![CDATA[Large list AJAX element]]></value>
				</property>
				<property>
					<name>cache</name>
					<value><![CDATA[params=(pageUri,__locale,itemsPerPage,collectorParam,teaserLength,currPage,buttonColor,showDate)]]></value>
				</property>
				<property type="shared">
					<name>export</name>
					<value><![CDATA[false]]></value>
				</property>
			</properties>
			<relations/>
			<accesscontrol/>
		</file>
		<file>
			<source>system/modules/com.alkacon.bootstrap.formatters/elements/list-small-singlepage.jsp</source>
			<destination>system/modules/com.alkacon.bootstrap.formatters/elements/list-small-singlepage.jsp</destination>
			<type>jsp</type>
			<uuidstructure>1e5fced7-5436-11e4-9866-005056b61161</uuidstructure>
			<uuidresource>1e5fced8-5436-11e4-9866-005056b61161</uuidresource>
			<datelastmodified>Wed, 15 Oct 2014 12:30:36 GMT</datelastmodified>
			<userlastmodified>Admin</userlastmodified>
			<datecreated>Wed, 15 Oct 2014 06:40:14 GMT</datecreated>
			<usercreated>Admin</usercreated>
			<flags>0</flags>
			<properties>
				<property>
					<name>Title</name>
					<value><![CDATA[Small list AJAX element]]></value>
				</property>
				<property>
					<name>cache</name>
					<value><![CDATA[params=(pageUri,__locale,itemsPerPage,collectorParam,teaserLength,showDate,currPage)]]></value>
				</property>
				<property type="shared">
					<name>export</name>
					<value><![CDATA[false]]></value>
				</property>
			</properties>
			<relations/>
			<accesscontrol/>
		</file>
		<file>
			<source>system/modules/com.alkacon.bootstrap.formatters/elements/login.jsp</source>
			<destination>system/modules/com.alkacon.bootstrap.formatters/elements/login.jsp</destination>
			<type>jsp</type>
			<uuidstructure>261e9861-2126-11e3-bb06-000c297c001d</uuidstructure>
			<uuidresource>261e9862-2126-11e3-bb06-000c297c001d</uuidresource>
			<datelastmodified>Mon, 27 Oct 2014 16:53:34 GMT</datelastmodified>
			<userlastmodified>Admin</userlastmodified>
			<datecreated>Thu, 19 Sep 2013 12:22:28 GMT</datecreated>
			<usercreated>Admin</usercreated>
			<flags>0</flags>
			<properties>
				<property>
					<name>Title</name>
					<value><![CDATA[Login element]]></value>
				</property>
				<property type="shared">
					<name>export</name>
					<value><![CDATA[false]]></value>
				</property>
			</properties>
			<relations/>
			<accesscontrol/>
		</file>
		<file>
			<source>system/modules/com.alkacon.bootstrap.formatters/elements/nav-breadcrumb.jsp</source>
			<destination>system/modules/com.alkacon.bootstrap.formatters/elements/nav-breadcrumb.jsp</destination>
			<type>jsp</type>
			<uuidstructure>6f6f2ea3-1bb3-11e3-a120-000c29f9a2ec</uuidstructure>
			<uuidresource>6f6f2ea4-1bb3-11e3-a120-000c29f9a2ec</uuidresource>
			<datelastmodified>Thu, 30 Oct 2014 11:31:14 GMT</datelastmodified>
			<userlastmodified>Admin</userlastmodified>
			<datecreated>Thu, 12 Sep 2013 13:58:43 GMT</datecreated>
			<usercreated>Admin</usercreated>
			<flags>0</flags>
			<properties>
				<property>
					<name>Title</name>
					<value><![CDATA[Breadcrumb navigation]]></value>
				</property>
				<property>
					<name>cache</name>
					<value><![CDATA[uri;user;params=(startlevel)]]></value>
				</property>
				<property type="shared">
					<name>export</name>
					<value><![CDATA[false]]></value>
				</property>
			</properties>
			<relations/>
			<accesscontrol/>
		</file>
		<file>
			<source>system/modules/com.alkacon.bootstrap.formatters/elements/nav-main.jsp</source>
			<destination>system/modules/com.alkacon.bootstrap.formatters/elements/nav-main.jsp</destination>
			<type>jsp</type>
			<uuidstructure>f6dcd82c-1a24-11e3-9358-000c29f9a2ec</uuidstructure>
			<uuidresource>f6dcd82d-1a24-11e3-9358-000c29f9a2ec</uuidresource>
			<datelastmodified>Fri, 24 Oct 2014 08:37:18 GMT</datelastmodified>
			<userlastmodified>Admin</userlastmodified>
			<datecreated>Tue, 10 Sep 2013 14:26:21 GMT</datecreated>
			<usercreated>Admin</usercreated>
			<flags>0</flags>
			<properties>
				<property>
					<name>Title</name>
					<value><![CDATA[Main navigation]]></value>
				</property>
				<property>
					<name>cache</name>
					<value><![CDATA[uri;user;params=(startlevel)]]></value>
				</property>
				<property type="shared">
					<name>export</name>
					<value><![CDATA[false]]></value>
				</property>
			</properties>
			<relations/>
			<accesscontrol/>
		</file>
		<file>
			<source>system/modules/com.alkacon.bootstrap.formatters/elements/opencms-info.jsp</source>
			<destination>system/modules/com.alkacon.bootstrap.formatters/elements/opencms-info.jsp</destination>
			<type>jsp</type>
			<uuidstructure>d168d316-47b4-11e3-8ae6-000c29d28104</uuidstructure>
			<uuidresource>d168d317-47b4-11e3-8ae6-000c29d28104</uuidresource>
			<datelastmodified>Thu, 30 Oct 2014 10:34:28 GMT</datelastmodified>
			<userlastmodified>Admin</userlastmodified>
			<datecreated>Thu, 07 Nov 2013 13:59:28 GMT</datecreated>
			<usercreated>Admin</usercreated>
			<flags>0</flags>
			<properties>
				<property>
					<name>Title</name>
					<value><![CDATA[OpenCms Information element]]></value>
				</property>
				<property>
					<name>cache</name>
					<value><![CDATA[container-element;user]]></value>
				</property>
				<property type="shared">
					<name>export</name>
					<value><![CDATA[false]]></value>
				</property>
			</properties>
			<relations/>
			<accesscontrol/>
		</file>
		<file>
			<destination>system/modules/com.alkacon.bootstrap.formatters/formatters</destination>
			<type>folder</type>
			<uuidstructure>ac221e8c-1a11-11e3-9358-000c29f9a2ec</uuidstructure>
			<datelastmodified>Tue, 10 Sep 2013 12:08:15 GMT</datelastmodified>
			<userlastmodified>Admin</userlastmodified>
			<datecreated>Tue, 10 Sep 2013 12:08:15 GMT</datecreated>
			<usercreated>Admin</usercreated>
			<flags>0</flags>
			<properties/>
			<relations/>
			<accesscontrol/>
		</file>
		<file>
			<source>system/modules/com.alkacon.bootstrap.formatters/formatters/blog-detail.jsp</source>
			<destination>system/modules/com.alkacon.bootstrap.formatters/formatters/blog-detail.jsp</destination>
			<type>jsp</type>
			<uuidstructure>1c792fa5-4795-11e3-852c-000c29d28104</uuidstructure>
			<uuidresource>1c792fa6-4795-11e3-852c-000c29d28104</uuidresource>
			<datelastmodified>Thu, 30 Oct 2014 19:19:23 GMT</datelastmodified>
			<userlastmodified>Admin</userlastmodified>
			<datecreated>Thu, 07 Nov 2013 10:12:30 GMT</datecreated>
			<usercreated>Admin</usercreated>
			<flags>0</flags>
			<properties>
				<property>
					<name>Title</name>
					<value><![CDATA[Blog entry detail formatter]]></value>
				</property>
				<property>
					<name>cache</name>
					<value><![CDATA[container-element;locale]]></value>
				</property>
				<property type="shared">
					<name>export</name>
					<value><![CDATA[false]]></value>
				</property>
			</properties>
			<relations/>
			<accesscontrol/>
		</file>
		<file>
			<source>system/modules/com.alkacon.bootstrap.formatters/formatters/blog-detail.xml</source>
			<destination>system/modules/com.alkacon.bootstrap.formatters/formatters/blog-detail.xml</destination>
			<type>formatter_config</type>
			<uuidstructure>fa1811af-4794-11e3-852c-000c29d28104</uuidstructure>
			<uuidresource>fa1811b0-4794-11e3-852c-000c29d28104</uuidresource>
			<datelastmodified>Thu, 30 Oct 2014 08:14:22 GMT</datelastmodified>
			<userlastmodified>Admin</userlastmodified>
			<datecreated>Thu, 07 Nov 2013 10:11:32 GMT</datecreated>
			<usercreated>Admin</usercreated>
			<flags>0</flags>
			<properties>
				<property>
					<name>Title</name>
					<value><![CDATA[Blog entry detail formatter]]></value>
				</property>
				<property>
					<name>locale</name>
					<value><![CDATA[en]]></value>
				</property>
				<property>
					<name>locale-available</name>
					<value><![CDATA[en]]></value>
				</property>
				<property>
					<name>search.exclude</name>
					<value><![CDATA[all]]></value>
				</property>
			</properties>
			<relations/>
			<accesscontrol/>
		</file>
		<file>
			<source>system/modules/com.alkacon.bootstrap.formatters/formatters/blog-ugc-form.jsp</source>
			<destination>system/modules/com.alkacon.bootstrap.formatters/formatters/blog-ugc-form.jsp</destination>
			<type>jsp</type>
			<uuidstructure>dd5f5031-e00b-11e3-b2f0-005056b60ccd</uuidstructure>
			<uuidresource>dd5f5032-e00b-11e3-b2f0-005056b60ccd</uuidresource>
			<datelastmodified>Thu, 23 Oct 2014 14:22:29 GMT</datelastmodified>
			<userlastmodified>Admin</userlastmodified>
			<datecreated>Tue, 20 May 2014 10:45:31 GMT</datecreated>
			<usercreated>Admin</usercreated>
			<flags>0</flags>
			<properties>
				<property>
					<name>Title</name>
					<value><![CDATA[Blog UGC form formatter]]></value>
				</property>
				<property type="shared">
					<name>export</name>
					<value><![CDATA[false]]></value>
				</property>
			</properties>
			<relations/>
			<accesscontrol/>
		</file>
		<file>
			<source>system/modules/com.alkacon.bootstrap.formatters/formatters/blog-ugc-form.xml</source>
			<destination>system/modules/com.alkacon.bootstrap.formatters/formatters/blog-ugc-form.xml</destination>
			<type>formatter_config</type>
			<uuidstructure>dd6850e4-e00b-11e3-b2f0-005056b60ccd</uuidstructure>
			<uuidresource>dd6850e5-e00b-11e3-b2f0-005056b60ccd</uuidresource>
			<datelastmodified>Thu, 30 Oct 2014 10:01:54 GMT</datelastmodified>
			<userlastmodified>Admin</userlastmodified>
			<datecreated>Tue, 20 May 2014 10:45:31 GMT</datecreated>
			<usercreated>Admin</usercreated>
			<flags>0</flags>
			<properties>
				<property>
					<name>Title</name>
					<value><![CDATA[Blog UGC form formatter]]></value>
				</property>
			</properties>
			<relations/>
			<accesscontrol/>
		</file>
		<file>
			<source>system/modules/com.alkacon.bootstrap.formatters/formatters/blog.jsp</source>
			<destination>system/modules/com.alkacon.bootstrap.formatters/formatters/blog.jsp</destination>
			<type>jsp</type>
			<uuidstructure>f1e03dfe-4a33-11e4-9866-005056b61161</uuidstructure>
			<uuidresource>f1e03dff-4a33-11e4-9866-005056b61161</uuidresource>
			<datelastmodified>Thu, 30 Oct 2014 08:08:58 GMT</datelastmodified>
			<userlastmodified>Admin</userlastmodified>
			<datecreated>Thu, 02 Oct 2014 12:59:28 GMT</datecreated>
			<usercreated>Admin</usercreated>
			<flags>0</flags>
			<properties>
				<property>
					<name>Title</name>
					<value><![CDATA[Formatter for blog entries]]></value>
				</property>
				<property>
					<name>cache</name>
					<value><![CDATA[container-element;locale]]></value>
				</property>
				<property type="shared">
					<name>export</name>
					<value><![CDATA[false]]></value>
				</property>
			</properties>
			<relations/>
			<accesscontrol/>
		</file>
		<file>
			<source>system/modules/com.alkacon.bootstrap.formatters/formatters/blog.xml</source>
			<destination>system/modules/com.alkacon.bootstrap.formatters/formatters/blog.xml</destination>
			<type>formatter_config</type>
			<uuidstructure>f1e3c073-4a33-11e4-9866-005056b61161</uuidstructure>
			<uuidresource>f1e3c074-4a33-11e4-9866-005056b61161</uuidresource>
			<datelastmodified>Thu, 30 Oct 2014 08:21:34 GMT</datelastmodified>
			<userlastmodified>Admin</userlastmodified>
			<datecreated>Thu, 02 Oct 2014 12:59:28 GMT</datecreated>
			<usercreated>Admin</usercreated>
			<flags>0</flags>
			<properties>
				<property>
					<name>Title</name>
					<value><![CDATA[Blog entry default formatter]]></value>
				</property>
				<property>
					<name>locale</name>
					<value><![CDATA[en]]></value>
				</property>
				<property>
					<name>locale-available</name>
					<value><![CDATA[en]]></value>
				</property>
				<property>
					<name>search.exclude</name>
					<value><![CDATA[all]]></value>
				</property>
			</properties>
			<relations/>
			<accesscontrol/>
		</file>
		<file>
			<source>system/modules/com.alkacon.bootstrap.formatters/formatters/carousel.jsp</source>
			<destination>system/modules/com.alkacon.bootstrap.formatters/formatters/carousel.jsp</destination>
			<type>jsp</type>
			<uuidstructure>68b8480a-3c7e-11e3-a99f-000c2943a707</uuidstructure>
			<uuidresource>68b8480b-3c7e-11e3-a99f-000c2943a707</uuidresource>
			<datelastmodified>Thu, 30 Oct 2014 09:59:24 GMT</datelastmodified>
			<userlastmodified>Admin</userlastmodified>
			<datecreated>Thu, 24 Oct 2013 07:32:17 GMT</datecreated>
			<usercreated>Admin</usercreated>
			<flags>0</flags>
			<properties>
				<property>
					<name>Title</name>
					<value><![CDATA[Formatter for a carousel]]></value>
				</property>
				<property>
					<name>cache</name>
					<value><![CDATA[container-element;locale]]></value>
				</property>
				<property type="shared">
					<name>export</name>
					<value><![CDATA[false]]></value>
				</property>
			</properties>
			<relations/>
			<accesscontrol/>
		</file>
		<file>
			<source>system/modules/com.alkacon.bootstrap.formatters/formatters/carousel.xml</source>
			<destination>system/modules/com.alkacon.bootstrap.formatters/formatters/carousel.xml</destination>
			<type>formatter_config</type>
			<uuidstructure>f40b638d-420a-11e3-9920-000c29d28104</uuidstructure>
			<uuidresource>f40b638e-420a-11e3-9920-000c29d28104</uuidresource>
			<datelastmodified>Thu, 30 Oct 2014 10:03:14 GMT</datelastmodified>
			<userlastmodified>Admin</userlastmodified>
			<datecreated>Thu, 31 Oct 2013 09:00:56 GMT</datecreated>
			<usercreated>Admin</usercreated>
			<flags>0</flags>
			<properties>
				<property>
					<name>Title</name>
					<value><![CDATA[Carousel default formatter]]></value>
				</property>
				<property>
					<name>locale</name>
					<value><![CDATA[en]]></value>
				</property>
				<property>
					<name>locale-available</name>
					<value><![CDATA[en]]></value>
				</property>
				<property>
					<name>search.exclude</name>
					<value><![CDATA[all]]></value>
				</property>
			</properties>
			<relations/>
			<accesscontrol/>
		</file>
		<file>
			<source>system/modules/com.alkacon.bootstrap.formatters/formatters/flexible.jsp</source>
			<destination>system/modules/com.alkacon.bootstrap.formatters/formatters/flexible.jsp</destination>
			<type>jsp</type>
			<uuidstructure>3496dbbd-210d-11e3-9f67-000c297c001d</uuidstructure>
			<uuidresource>3496dbbe-210d-11e3-9f67-000c297c001d</uuidresource>
			<datelastmodified>Thu, 30 Oct 2014 09:59:11 GMT</datelastmodified>
			<userlastmodified>Admin</userlastmodified>
			<datecreated>Thu, 19 Sep 2013 09:23:55 GMT</datecreated>
			<usercreated>Admin</usercreated>
			<flags>0</flags>
			<properties>
				<property>
					<name>Title</name>
					<value><![CDATA[Formatter for flexible element]]></value>
				</property>
				<property>
					<name>cache</name>
					<value><![CDATA[container-element;locale]]></value>
				</property>
				<property type="shared">
					<name>export</name>
					<value><![CDATA[false]]></value>
				</property>
			</properties>
			<relations/>
			<accesscontrol/>
		</file>
		<file>
			<source>system/modules/com.alkacon.bootstrap.formatters/formatters/flexible.xml</source>
			<destination>system/modules/com.alkacon.bootstrap.formatters/formatters/flexible.xml</destination>
			<type>formatter_config</type>
			<uuidstructure>a97ba455-420c-11e3-9920-000c29d28104</uuidstructure>
			<uuidresource>a97ba456-420c-11e3-9920-000c29d28104</uuidresource>
			<datelastmodified>Wed, 05 Feb 2014 15:12:22 GMT</datelastmodified>
			<userlastmodified>Admin</userlastmodified>
			<datecreated>Thu, 31 Oct 2013 09:13:10 GMT</datecreated>
			<usercreated>Admin</usercreated>
			<flags>0</flags>
			<properties>
				<property>
					<name>Title</name>
					<value><![CDATA[Flexible content default formatter]]></value>
				</property>
				<property>
					<name>locale</name>
					<value><![CDATA[en]]></value>
				</property>
				<property>
					<name>locale-available</name>
					<value><![CDATA[en]]></value>
				</property>
				<property>
					<name>search.exclude</name>
					<value><![CDATA[all]]></value>
				</property>
			</properties>
			<relations/>
			<accesscontrol/>
		</file>
		<file>
			<source>system/modules/com.alkacon.bootstrap.formatters/formatters/iconbox.jsp</source>
			<destination>system/modules/com.alkacon.bootstrap.formatters/formatters/iconbox.jsp</destination>
			<type>jsp</type>
			<uuidstructure>5548055c-3cc3-11e4-bed5-005056b61161</uuidstructure>
			<uuidresource>5548055d-3cc3-11e4-bed5-005056b61161</uuidresource>
			<datelastmodified>Thu, 23 Oct 2014 10:22:47 GMT</datelastmodified>
			<userlastmodified>Admin</userlastmodified>
			<datecreated>Mon, 15 Sep 2014 10:30:37 GMT</datecreated>
			<usercreated>Admin</usercreated>
			<flags>0</flags>
			<properties>
				<property>
					<name>Title</name>
					<value><![CDATA[Formatter for an icon box]]></value>
				</property>
				<property>
					<name>cache</name>
					<value><![CDATA[container-element;locale]]></value>
				</property>
				<property type="shared">
					<name>export</name>
					<value><![CDATA[false]]></value>
				</property>
			</properties>
			<relations/>
			<accesscontrol/>
		</file>
		<file>
			<source>system/modules/com.alkacon.bootstrap.formatters/formatters/iconbox.xml</source>
			<destination>system/modules/com.alkacon.bootstrap.formatters/formatters/iconbox.xml</destination>
			<type>formatter_config</type>
			<uuidstructure>18709ca6-3cc3-11e4-bed5-005056b61161</uuidstructure>
			<uuidresource>18709ca7-3cc3-11e4-bed5-005056b61161</uuidresource>
			<datelastmodified>Thu, 30 Oct 2014 10:03:05 GMT</datelastmodified>
			<userlastmodified>Admin</userlastmodified>
			<datecreated>Mon, 15 Sep 2014 10:28:55 GMT</datecreated>
			<usercreated>Admin</usercreated>
			<flags>0</flags>
			<properties>
				<property>
					<name>Title</name>
					<value><![CDATA[Icon box formatter]]></value>
				</property>
				<property>
					<name>locale</name>
					<value><![CDATA[en]]></value>
				</property>
				<property>
					<name>locale-available</name>
					<value><![CDATA[en]]></value>
				</property>
				<property>
					<name>search.exclude</name>
					<value><![CDATA[all]]></value>
				</property>
			</properties>
			<relations/>
			<accesscontrol/>
		</file>
		<file>
			<source>system/modules/com.alkacon.bootstrap.formatters/formatters/image-animation.jsp</source>
			<destination>system/modules/com.alkacon.bootstrap.formatters/formatters/image-animation.jsp</destination>
			<type>jsp</type>
			<uuidstructure>0544380d-3a57-11e4-bed5-005056b61161</uuidstructure>
			<uuidresource>0544380e-3a57-11e4-bed5-005056b61161</uuidresource>
			<datelastmodified>Thu, 30 Oct 2014 07:53:04 GMT</datelastmodified>
			<userlastmodified>Admin</userlastmodified>
			<datecreated>Fri, 12 Sep 2014 08:30:15 GMT</datecreated>
			<usercreated>Admin</usercreated>
			<flags>0</flags>
			<properties>
				<property>
					<name>Title</name>
					<value><![CDATA[Formatter for an image with animation]]></value>
				</property>
				<property>
					<name>cache</name>
					<value><![CDATA[container-element;locale]]></value>
				</property>
				<property type="shared">
					<name>export</name>
					<value><![CDATA[false]]></value>
				</property>
			</properties>
			<relations/>
			<accesscontrol/>
		</file>
		<file>
			<source>system/modules/com.alkacon.bootstrap.formatters/formatters/image-animation.xml</source>
			<destination>system/modules/com.alkacon.bootstrap.formatters/formatters/image-animation.xml</destination>
			<type>formatter_config</type>
			<uuidstructure>0549dd62-3a57-11e4-bed5-005056b61161</uuidstructure>
			<uuidresource>0549dd63-3a57-11e4-bed5-005056b61161</uuidresource>
			<datelastmodified>Thu, 30 Oct 2014 10:02:58 GMT</datelastmodified>
			<userlastmodified>Admin</userlastmodified>
			<datecreated>Fri, 12 Sep 2014 08:30:15 GMT</datecreated>
			<usercreated>Admin</usercreated>
			<flags>0</flags>
			<properties>
				<property>
					<name>Title</name>
					<value><![CDATA[Animation formatter]]></value>
				</property>
				<property>
					<name>locale</name>
					<value><![CDATA[en]]></value>
				</property>
				<property>
					<name>locale-available</name>
					<value><![CDATA[en]]></value>
				</property>
				<property>
					<name>search.exclude</name>
					<value><![CDATA[all]]></value>
				</property>
			</properties>
			<relations/>
			<accesscontrol/>
		</file>
		<file>
			<source>system/modules/com.alkacon.bootstrap.formatters/formatters/image-enlarge.jsp</source>
			<destination>system/modules/com.alkacon.bootstrap.formatters/formatters/image-enlarge.jsp</destination>
			<type>jsp</type>
			<uuidstructure>dd3fd1c0-5dad-11e4-8211-005056b61161</uuidstructure>
			<uuidresource>dd3fd1c1-5dad-11e4-8211-005056b61161</uuidresource>
			<datelastmodified>Thu, 30 Oct 2014 07:52:53 GMT</datelastmodified>
			<userlastmodified>Admin</userlastmodified>
			<datecreated>Mon, 27 Oct 2014 07:50:05 GMT</datecreated>
			<usercreated>Admin</usercreated>
			<flags>0</flags>
			<properties>
				<property>
					<name>Title</name>
					<value><![CDATA[Formatter for an image with enlargement]]></value>
				</property>
				<property>
					<name>cache</name>
					<value><![CDATA[container-element;locale]]></value>
				</property>
				<property type="shared">
					<name>export</name>
					<value><![CDATA[false]]></value>
				</property>
			</properties>
			<relations/>
			<accesscontrol/>
		</file>
		<file>
			<source>system/modules/com.alkacon.bootstrap.formatters/formatters/image-enlarge.xml</source>
			<destination>system/modules/com.alkacon.bootstrap.formatters/formatters/image-enlarge.xml</destination>
			<type>formatter_config</type>
			<uuidstructure>e66e96a5-5dad-11e4-8211-005056b61161</uuidstructure>
			<uuidresource>e66e96a6-5dad-11e4-8211-005056b61161</uuidresource>
			<datelastmodified>Thu, 30 Oct 2014 10:02:51 GMT</datelastmodified>
			<userlastmodified>Admin</userlastmodified>
			<datecreated>Mon, 27 Oct 2014 07:50:20 GMT</datecreated>
			<usercreated>Admin</usercreated>
			<flags>0</flags>
			<properties>
				<property>
					<name>Title</name>
					<value><![CDATA[Enlargement formatter]]></value>
				</property>
				<property>
					<name>locale</name>
					<value><![CDATA[en]]></value>
				</property>
				<property>
					<name>locale-available</name>
					<value><![CDATA[en]]></value>
				</property>
				<property>
					<name>search.exclude</name>
					<value><![CDATA[all]]></value>
				</property>
			</properties>
			<relations/>
			<accesscontrol/>
		</file>
		<file>
			<source>system/modules/com.alkacon.bootstrap.formatters/formatters/image-simple-animated.jsp</source>
			<destination>system/modules/com.alkacon.bootstrap.formatters/formatters/image-simple-animated.jsp</destination>
			<type>jsp</type>
			<uuidstructure>070c758b-5e02-11e4-b480-005056b61161</uuidstructure>
			<uuidresource>070c758c-5e02-11e4-b480-005056b61161</uuidresource>
			<datelastmodified>Thu, 30 Oct 2014 07:52:12 GMT</datelastmodified>
			<userlastmodified>Admin</userlastmodified>
			<datecreated>Mon, 27 Oct 2014 17:52:32 GMT</datecreated>
			<usercreated>Admin</usercreated>
			<flags>0</flags>
			<properties>
				<property>
					<name>Title</name>
					<value><![CDATA[Simple animated formatter]]></value>
				</property>
				<property type="shared">
					<name>export</name>
					<value><![CDATA[false]]></value>
				</property>
			</properties>
			<relations/>
			<accesscontrol/>
		</file>
		<file>
			<source>system/modules/com.alkacon.bootstrap.formatters/formatters/image-simple-animated.xml</source>
			<destination>system/modules/com.alkacon.bootstrap.formatters/formatters/image-simple-animated.xml</destination>
			<type>formatter_config</type>
			<uuidstructure>433c539f-5e02-11e4-b480-005056b61161</uuidstructure>
			<uuidresource>433c53a0-5e02-11e4-b480-005056b61161</uuidresource>
			<datelastmodified>Thu, 30 Oct 2014 10:02:30 GMT</datelastmodified>
			<userlastmodified>Admin</userlastmodified>
			<datecreated>Mon, 27 Oct 2014 17:54:13 GMT</datecreated>
			<usercreated>Admin</usercreated>
			<flags>0</flags>
			<properties>
				<property>
					<name>Title</name>
					<value><![CDATA[Simple animation formatter]]></value>
				</property>
				<property>
					<name>locale</name>
					<value><![CDATA[en]]></value>
				</property>
				<property>
					<name>locale-available</name>
					<value><![CDATA[en]]></value>
				</property>
				<property>
					<name>search.exclude</name>
					<value><![CDATA[all]]></value>
				</property>
			</properties>
			<relations/>
			<accesscontrol/>
		</file>
		<file>
			<source>system/modules/com.alkacon.bootstrap.formatters/formatters/image-simple.jsp</source>
			<destination>system/modules/com.alkacon.bootstrap.formatters/formatters/image-simple.jsp</destination>
			<type>jsp</type>
			<uuidstructure>2f644002-43b8-11e4-93d3-005056b61161</uuidstructure>
			<uuidresource>2f644003-43b8-11e4-93d3-005056b61161</uuidresource>
			<datelastmodified>Thu, 30 Oct 2014 07:52:34 GMT</datelastmodified>
			<userlastmodified>Admin</userlastmodified>
			<datecreated>Wed, 24 Sep 2014 06:58:27 GMT</datecreated>
			<usercreated>Admin</usercreated>
			<flags>0</flags>
			<properties>
				<property>
					<name>Title</name>
					<value><![CDATA[Formatter for an image as standard]]></value>
				</property>
				<property>
					<name>cache</name>
					<value><![CDATA[container-element;locale]]></value>
				</property>
				<property type="shared">
					<name>export</name>
					<value><![CDATA[false]]></value>
				</property>
			</properties>
			<relations/>
			<accesscontrol/>
		</file>
		<file>
			<source>system/modules/com.alkacon.bootstrap.formatters/formatters/image-simple.xml</source>
			<destination>system/modules/com.alkacon.bootstrap.formatters/formatters/image-simple.xml</destination>
			<type>formatter_config</type>
			<uuidstructure>a2234a97-43b9-11e4-93d3-005056b61161</uuidstructure>
			<uuidresource>a2234a98-43b9-11e4-93d3-005056b61161</uuidresource>
			<datelastmodified>Thu, 30 Oct 2014 10:02:36 GMT</datelastmodified>
			<userlastmodified>Admin</userlastmodified>
			<datecreated>Wed, 24 Sep 2014 07:08:49 GMT</datecreated>
			<usercreated>Admin</usercreated>
			<flags>0</flags>
			<properties>
				<property>
					<name>Title</name>
					<value><![CDATA[Standard formatter]]></value>
				</property>
				<property>
					<name>locale</name>
					<value><![CDATA[en]]></value>
				</property>
				<property>
					<name>locale-available</name>
					<value><![CDATA[en]]></value>
				</property>
				<property>
					<name>search.exclude</name>
					<value><![CDATA[all]]></value>
				</property>
			</properties>
			<relations/>
			<accesscontrol/>
		</file>
		<file>
			<source>system/modules/com.alkacon.bootstrap.formatters/formatters/imagegalleryshow.jsp</source>
			<destination>system/modules/com.alkacon.bootstrap.formatters/formatters/imagegalleryshow.jsp</destination>
			<type>jsp</type>
			<uuidstructure>41f1544e-3bde-11e3-a0c9-000c2943a707</uuidstructure>
			<uuidresource>41f1544f-3bde-11e3-a0c9-000c2943a707</uuidresource>
			<datelastmodified>Wed, 20 Aug 2014 07:59:55 GMT</datelastmodified>
			<userlastmodified>Admin</userlastmodified>
			<datecreated>Wed, 23 Oct 2013 12:25:52 GMT</datecreated>
			<usercreated>Admin</usercreated>
			<flags>0</flags>
			<properties>
				<property>
					<name>Title</name>
					<value><![CDATA[Formatter for an image gallery show]]></value>
				</property>
				<property>
					<name>cache</name>
					<value><![CDATA[container-element;locale]]></value>
				</property>
				<property type="shared">
					<name>export</name>
					<value><![CDATA[false]]></value>
				</property>
			</properties>
			<relations/>
			<accesscontrol/>
		</file>
		<file>
			<source>system/modules/com.alkacon.bootstrap.formatters/formatters/imagegalleryshow.xml</source>
			<destination>system/modules/com.alkacon.bootstrap.formatters/formatters/imagegalleryshow.xml</destination>
			<type>formatter_config</type>
			<uuidstructure>0bb8b86b-420d-11e3-9920-000c29d28104</uuidstructure>
			<uuidresource>0bb8b86c-420d-11e3-9920-000c29d28104</uuidresource>
			<datelastmodified>Thu, 30 Oct 2014 10:02:45 GMT</datelastmodified>
			<userlastmodified>Admin</userlastmodified>
			<datecreated>Thu, 31 Oct 2013 09:15:54 GMT</datecreated>
			<usercreated>Admin</usercreated>
			<flags>0</flags>
			<properties>
				<property>
					<name>Title</name>
					<value><![CDATA[Image gallery default formatter]]></value>
				</property>
				<property>
					<name>locale</name>
					<value><![CDATA[en]]></value>
				</property>
				<property>
					<name>locale-available</name>
					<value><![CDATA[en]]></value>
				</property>
				<property>
					<name>search.exclude</name>
					<value><![CDATA[all]]></value>
				</property>
			</properties>
			<relations/>
			<accesscontrol/>
		</file>
		<file>
			<source>system/modules/com.alkacon.bootstrap.formatters/formatters/layoutrow.jsp</source>
			<destination>system/modules/com.alkacon.bootstrap.formatters/formatters/layoutrow.jsp</destination>
			<type>jsp</type>
			<uuidstructure>bfc16b0e-3d8b-11e4-ba5b-005056b61161</uuidstructure>
			<uuidresource>bfc16b0f-3d8b-11e4-ba5b-005056b61161</uuidresource>
			<datelastmodified>Thu, 30 Oct 2014 16:25:50 GMT</datelastmodified>
			<userlastmodified>Admin</userlastmodified>
			<datecreated>Tue, 16 Sep 2014 10:25:15 GMT</datecreated>
			<usercreated>Admin</usercreated>
			<flags>0</flags>
			<properties>
				<property>
					<name>Title</name>
					<value><![CDATA[Formatter for a layout row]]></value>
				</property>
				<property>
					<name>cache</name>
					<value><![CDATA[uri;container-element;locale]]></value>
				</property>
				<property type="shared">
					<name>export</name>
					<value><![CDATA[false]]></value>
				</property>
			</properties>
			<relations/>
			<accesscontrol/>
		</file>
		<file>
			<source>system/modules/com.alkacon.bootstrap.formatters/formatters/layoutrow.xml</source>
			<destination>system/modules/com.alkacon.bootstrap.formatters/formatters/layoutrow.xml</destination>
			<type>formatter_config</type>
			<uuidstructure>cb9a8cd7-38ca-11e4-a560-005056b61161</uuidstructure>
			<uuidresource>cb9a8cd8-38ca-11e4-a560-005056b61161</uuidresource>
			<datelastmodified>Thu, 30 Oct 2014 15:00:28 GMT</datelastmodified>
			<userlastmodified>Admin</userlastmodified>
			<datecreated>Wed, 10 Sep 2014 09:13:57 GMT</datecreated>
			<usercreated>Admin</usercreated>
			<flags>0</flags>
			<properties>
				<property>
					<name>Title</name>
					<value><![CDATA[Layout row formatter]]></value>
				</property>
				<property>
					<name>locale</name>
					<value><![CDATA[en]]></value>
				</property>
				<property>
					<name>locale-available</name>
					<value><![CDATA[en]]></value>
				</property>
				<property>
					<name>search.exclude</name>
					<value><![CDATA[all]]></value>
				</property>
			</properties>
			<relations/>
			<accesscontrol/>
		</file>
		<file>
			<source>system/modules/com.alkacon.bootstrap.formatters/formatters/list-large.jsp</source>
			<destination>system/modules/com.alkacon.bootstrap.formatters/formatters/list-large.jsp</destination>
			<type>jsp</type>
			<uuidstructure>556fdf01-46d5-11e3-ae58-000c29d28104</uuidstructure>
			<uuidresource>556fdf02-46d5-11e3-ae58-000c29d28104</uuidresource>
			<datelastmodified>Thu, 30 Oct 2014 10:00:44 GMT</datelastmodified>
			<userlastmodified>Admin</userlastmodified>
			<datecreated>Wed, 06 Nov 2013 11:19:42 GMT</datecreated>
			<usercreated>Admin</usercreated>
			<flags>0</flags>
			<properties>
				<property>
					<name>Title</name>
					<value><![CDATA[Formatter for Large Lists]]></value>
				</property>
				<property type="shared">
					<name>export</name>
					<value><![CDATA[false]]></value>
				</property>
			</properties>
			<relations/>
			<accesscontrol/>
		</file>
		<file>
			<source>system/modules/com.alkacon.bootstrap.formatters/formatters/list-large.xml</source>
			<destination>system/modules/com.alkacon.bootstrap.formatters/formatters/list-large.xml</destination>
			<type>formatter_config</type>
			<uuidstructure>a721e9f6-46d6-11e3-ae58-000c29d28104</uuidstructure>
			<uuidresource>a721e9f7-46d6-11e3-ae58-000c29d28104</uuidresource>
			<datelastmodified>Thu, 30 Oct 2014 10:04:39 GMT</datelastmodified>
			<userlastmodified>Admin</userlastmodified>
			<datecreated>Wed, 06 Nov 2013 11:29:09 GMT</datecreated>
			<usercreated>Admin</usercreated>
			<flags>0</flags>
			<properties>
				<property>
					<name>Title</name>
					<value><![CDATA[List formatter for large Blog Entries]]></value>
				</property>
				<property>
					<name>locale</name>
					<value><![CDATA[en]]></value>
				</property>
				<property>
					<name>locale-available</name>
					<value><![CDATA[en]]></value>
				</property>
				<property>
					<name>search.exclude</name>
					<value><![CDATA[all]]></value>
				</property>
			</properties>
			<relations/>
			<accesscontrol/>
		</file>
		<file>
			<source>system/modules/com.alkacon.bootstrap.formatters/formatters/list-small.jsp</source>
			<destination>system/modules/com.alkacon.bootstrap.formatters/formatters/list-small.jsp</destination>
			<type>jsp</type>
			<uuidstructure>caabadf1-21db-11e3-b95f-000c29d28104</uuidstructure>
			<uuidresource>caabadf2-21db-11e3-b95f-000c29d28104</uuidresource>
			<datelastmodified>Thu, 30 Oct 2014 10:01:29 GMT</datelastmodified>
			<userlastmodified>Admin</userlastmodified>
			<datecreated>Fri, 20 Sep 2013 10:02:43 GMT</datecreated>
			<usercreated>Admin</usercreated>
			<flags>0</flags>
			<properties>
				<property>
					<name>Title</name>
					<value><![CDATA[Formatter for Small Lists]]></value>
				</property>
				<property type="shared">
					<name>export</name>
					<value><![CDATA[false]]></value>
				</property>
			</properties>
			<relations/>
			<accesscontrol/>
		</file>
		<file>
			<source>system/modules/com.alkacon.bootstrap.formatters/formatters/list-small.xml</source>
			<destination>system/modules/com.alkacon.bootstrap.formatters/formatters/list-small.xml</destination>
			<type>formatter_config</type>
			<uuidstructure>5bd4a97b-45fe-11e3-945d-000c29d28104</uuidstructure>
			<uuidresource>5bd4a97c-45fe-11e3-945d-000c29d28104</uuidresource>
			<datelastmodified>Thu, 30 Oct 2014 10:04:33 GMT</datelastmodified>
			<userlastmodified>Admin</userlastmodified>
			<datecreated>Tue, 05 Nov 2013 09:40:51 GMT</datecreated>
			<usercreated>Admin</usercreated>
			<flags>0</flags>
			<properties>
				<property>
					<name>Title</name>
					<value><![CDATA[List formatter for small Blog Entries]]></value>
				</property>
				<property>
					<name>locale</name>
					<value><![CDATA[en]]></value>
				</property>
				<property>
					<name>locale-available</name>
					<value><![CDATA[en]]></value>
				</property>
				<property>
					<name>search.exclude</name>
					<value><![CDATA[all]]></value>
				</property>
			</properties>
			<relations/>
			<accesscontrol/>
		</file>
		<file>
			<source>system/modules/com.alkacon.bootstrap.formatters/formatters/navigation-main.jsp</source>
			<destination>system/modules/com.alkacon.bootstrap.formatters/formatters/navigation-main.jsp</destination>
			<type>jsp</type>
			<uuidstructure>731ab443-46bd-11e3-8fa9-000c29d28104</uuidstructure>
			<uuidresource>731ab444-46bd-11e3-8fa9-000c29d28104</uuidresource>
			<datelastmodified>Tue, 28 Oct 2014 17:44:18 GMT</datelastmodified>
			<userlastmodified>Admin</userlastmodified>
			<datecreated>Wed, 06 Nov 2013 08:28:44 GMT</datecreated>
			<usercreated>Admin</usercreated>
			<flags>0</flags>
			<properties>
				<property>
					<name>Title</name>
					<value><![CDATA[Formatter for main navigation]]></value>
				</property>
				<property>
					<name>cache</name>
					<value><![CDATA[container-element;uri;user]]></value>
				</property>
				<property type="shared">
					<name>export</name>
					<value><![CDATA[false]]></value>
				</property>
			</properties>
			<relations/>
			<accesscontrol/>
		</file>
		<file>
			<source>system/modules/com.alkacon.bootstrap.formatters/formatters/navigation-main.xml</source>
			<destination>system/modules/com.alkacon.bootstrap.formatters/formatters/navigation-main.xml</destination>
			<type>formatter_config</type>
			<uuidstructure>d3ab4632-46bc-11e3-8fa9-000c29d28104</uuidstructure>
			<uuidresource>d3ab4633-46bc-11e3-8fa9-000c29d28104</uuidresource>
			<datelastmodified>Thu, 30 Oct 2014 10:04:26 GMT</datelastmodified>
			<userlastmodified>Admin</userlastmodified>
			<datecreated>Wed, 06 Nov 2013 08:24:17 GMT</datecreated>
			<usercreated>Admin</usercreated>
			<flags>0</flags>
			<properties>
				<property>
					<name>Title</name>
					<value><![CDATA[Navigation main formatter]]></value>
				</property>
				<property>
					<name>locale</name>
					<value><![CDATA[en]]></value>
				</property>
				<property>
					<name>locale-available</name>
					<value><![CDATA[en]]></value>
				</property>
				<property>
					<name>search.exclude</name>
					<value><![CDATA[all]]></value>
				</property>
			</properties>
			<relations/>
			<accesscontrol/>
		</file>
		<file>
			<source>system/modules/com.alkacon.bootstrap.formatters/formatters/navigation-side.jsp</source>
			<destination>system/modules/com.alkacon.bootstrap.formatters/formatters/navigation-side.jsp</destination>
			<type>jsp</type>
			<uuidstructure>65d30bbe-46bd-11e3-8fa9-000c29d28104</uuidstructure>
			<uuidresource>65d30bbf-46bd-11e3-8fa9-000c29d28104</uuidresource>
			<datelastmodified>Fri, 24 Oct 2014 13:07:42 GMT</datelastmodified>
			<userlastmodified>Admin</userlastmodified>
			<datecreated>Wed, 06 Nov 2013 08:28:22 GMT</datecreated>
			<usercreated>Admin</usercreated>
			<flags>0</flags>
			<properties>
				<property>
					<name>Title</name>
					<value><![CDATA[Formatter for side navigation]]></value>
				</property>
				<property>
					<name>cache</name>
					<value><![CDATA[container-element;uri;user]]></value>
				</property>
				<property type="shared">
					<name>export</name>
					<value><![CDATA[false]]></value>
				</property>
			</properties>
			<relations/>
			<accesscontrol/>
		</file>
		<file>
			<source>system/modules/com.alkacon.bootstrap.formatters/formatters/navigation-side.xml</source>
			<destination>system/modules/com.alkacon.bootstrap.formatters/formatters/navigation-side.xml</destination>
			<type>formatter_config</type>
			<uuidstructure>269a0c58-46bd-11e3-8fa9-000c29d28104</uuidstructure>
			<uuidresource>269a0c59-46bd-11e3-8fa9-000c29d28104</uuidresource>
			<datelastmodified>Thu, 30 Oct 2014 10:04:18 GMT</datelastmodified>
			<userlastmodified>Admin</userlastmodified>
			<datecreated>Wed, 06 Nov 2013 08:26:36 GMT</datecreated>
			<usercreated>Admin</usercreated>
			<flags>0</flags>
			<properties>
				<property>
					<name>Title</name>
					<value><![CDATA[Navigation side formatter]]></value>
				</property>
				<property>
					<name>locale</name>
					<value><![CDATA[en]]></value>
				</property>
				<property>
					<name>locale-available</name>
					<value><![CDATA[en]]></value>
				</property>
				<property>
					<name>search.exclude</name>
					<value><![CDATA[all]]></value>
				</property>
			</properties>
			<relations/>
			<accesscontrol/>
		</file>
		<file>
			<source>system/modules/com.alkacon.bootstrap.formatters/formatters/slider.jsp</source>
			<destination>system/modules/com.alkacon.bootstrap.formatters/formatters/slider.jsp</destination>
			<type>jsp</type>
			<uuidstructure>5e9a18fa-241f-11e3-adc8-000c297c001d</uuidstructure>
			<uuidresource>5e9a18fb-241f-11e3-adc8-000c297c001d</uuidresource>
			<datelastmodified>Tue, 21 Oct 2014 11:58:50 GMT</datelastmodified>
			<userlastmodified>Admin</userlastmodified>
			<datecreated>Mon, 23 Sep 2013 07:11:30 GMT</datecreated>
			<usercreated>Admin</usercreated>
			<flags>0</flags>
			<properties>
				<property>
					<name>Title</name>
					<value><![CDATA[Formatter for slider]]></value>
				</property>
				<property>
					<name>cache</name>
					<value><![CDATA[container-element;locale]]></value>
				</property>
				<property type="shared">
					<name>export</name>
					<value><![CDATA[false]]></value>
				</property>
			</properties>
			<relations/>
			<accesscontrol/>
		</file>
		<file>
			<source>system/modules/com.alkacon.bootstrap.formatters/formatters/slider.xml</source>
			<destination>system/modules/com.alkacon.bootstrap.formatters/formatters/slider.xml</destination>
			<type>formatter_config</type>
			<uuidstructure>9a7941b3-420e-11e3-9920-000c29d28104</uuidstructure>
			<uuidresource>9a7941b4-420e-11e3-9920-000c29d28104</uuidresource>
			<datelastmodified>Thu, 30 Oct 2014 10:04:09 GMT</datelastmodified>
			<userlastmodified>Admin</userlastmodified>
			<datecreated>Thu, 31 Oct 2013 09:27:03 GMT</datecreated>
			<usercreated>Admin</usercreated>
			<flags>0</flags>
			<properties>
				<property>
					<name>Title</name>
					<value><![CDATA[Slider default formatter]]></value>
				</property>
				<property>
					<name>locale</name>
					<value><![CDATA[en]]></value>
				</property>
				<property>
					<name>locale-available</name>
					<value><![CDATA[en]]></value>
				</property>
				<property>
					<name>search.exclude</name>
					<value><![CDATA[all]]></value>
				</property>
			</properties>
			<relations/>
			<accesscontrol/>
		</file>
		<file>
			<source>system/modules/com.alkacon.bootstrap.formatters/formatters/tabs-accordion.jsp</source>
			<destination>system/modules/com.alkacon.bootstrap.formatters/formatters/tabs-accordion.jsp</destination>
			<type>jsp</type>
			<uuidstructure>50192742-3f40-11e4-a791-005056b61161</uuidstructure>
			<uuidresource>50192743-3f40-11e4-a791-005056b61161</uuidresource>
			<datelastmodified>Thu, 30 Oct 2014 10:07:04 GMT</datelastmodified>
			<userlastmodified>Admin</userlastmodified>
			<datecreated>Thu, 18 Sep 2014 14:30:18 GMT</datecreated>
			<usercreated>Admin</usercreated>
			<flags>0</flags>
			<properties>
				<property>
					<name>Title</name>
					<value><![CDATA[Formatter for a tabs content as accordion]]></value>
				</property>
				<property>
					<name>cache</name>
					<value><![CDATA[uri;container-element;locale]]></value>
				</property>
				<property type="shared">
					<name>export</name>
					<value><![CDATA[false]]></value>
				</property>
			</properties>
			<relations/>
			<accesscontrol/>
		</file>
		<file>
			<source>system/modules/com.alkacon.bootstrap.formatters/formatters/tabs-accordion.xml</source>
			<destination>system/modules/com.alkacon.bootstrap.formatters/formatters/tabs-accordion.xml</destination>
			<type>formatter_config</type>
			<uuidstructure>501cd0c7-3f40-11e4-a791-005056b61161</uuidstructure>
			<uuidresource>501cd0c8-3f40-11e4-a791-005056b61161</uuidresource>
			<datelastmodified>Thu, 30 Oct 2014 10:07:04 GMT</datelastmodified>
			<userlastmodified>Admin</userlastmodified>
			<datecreated>Thu, 18 Sep 2014 14:30:18 GMT</datecreated>
			<usercreated>Admin</usercreated>
			<flags>0</flags>
			<properties>
				<property>
					<name>Title</name>
					<value><![CDATA[Tabs formatter as accordion]]></value>
				</property>
				<property>
					<name>locale</name>
					<value><![CDATA[en]]></value>
				</property>
				<property>
					<name>locale-available</name>
					<value><![CDATA[en]]></value>
				</property>
				<property>
					<name>search.exclude</name>
					<value><![CDATA[all]]></value>
				</property>
			</properties>
			<relations/>
			<accesscontrol/>
		</file>
		<file>
			<source>system/modules/com.alkacon.bootstrap.formatters/formatters/tabs-standard.jsp</source>
			<destination>system/modules/com.alkacon.bootstrap.formatters/formatters/tabs-standard.jsp</destination>
			<type>jsp</type>
			<uuidstructure>5020533d-3f40-11e4-a791-005056b61161</uuidstructure>
			<uuidresource>5020533e-3f40-11e4-a791-005056b61161</uuidresource>
			<datelastmodified>Thu, 30 Oct 2014 10:07:04 GMT</datelastmodified>
			<userlastmodified>Admin</userlastmodified>
			<datecreated>Thu, 18 Sep 2014 14:30:18 GMT</datecreated>
			<usercreated>Admin</usercreated>
			<flags>0</flags>
			<properties>
				<property>
					<name>Title</name>
					<value><![CDATA[Formatter for a tabs content as tabs]]></value>
				</property>
				<property>
					<name>cache</name>
					<value><![CDATA[uri;container-element;locale]]></value>
				</property>
				<property type="shared">
					<name>export</name>
					<value><![CDATA[false]]></value>
				</property>
			</properties>
			<relations/>
			<accesscontrol/>
		</file>
		<file>
			<source>system/modules/com.alkacon.bootstrap.formatters/formatters/tabs-standard.xml</source>
			<destination>system/modules/com.alkacon.bootstrap.formatters/formatters/tabs-standard.xml</destination>
			<type>formatter_config</type>
			<uuidstructure>50231262-3f40-11e4-a791-005056b61161</uuidstructure>
			<uuidresource>50231263-3f40-11e4-a791-005056b61161</uuidresource>
			<datelastmodified>Thu, 30 Oct 2014 10:07:05 GMT</datelastmodified>
			<userlastmodified>Admin</userlastmodified>
			<datecreated>Thu, 18 Sep 2014 14:30:18 GMT</datecreated>
			<usercreated>Admin</usercreated>
			<flags>0</flags>
			<properties>
				<property>
					<name>Title</name>
					<value><![CDATA[Tabs standard formatter]]></value>
				</property>
				<property>
					<name>locale</name>
					<value><![CDATA[en]]></value>
				</property>
				<property>
					<name>locale-available</name>
					<value><![CDATA[en]]></value>
				</property>
				<property>
					<name>search.exclude</name>
					<value><![CDATA[all]]></value>
				</property>
			</properties>
			<relations/>
			<accesscontrol/>
		</file>
		<file>
			<source>system/modules/com.alkacon.bootstrap.formatters/formatters/templaterow.jsp</source>
			<destination>system/modules/com.alkacon.bootstrap.formatters/formatters/templaterow.jsp</destination>
			<type>jsp</type>
			<uuidstructure>a85cb336-277d-11e4-96d6-005056b61161</uuidstructure>
			<uuidresource>a85cb337-277d-11e4-96d6-005056b61161</uuidresource>
			<datelastmodified>Thu, 30 Oct 2014 13:43:05 GMT</datelastmodified>
			<userlastmodified>Admin</userlastmodified>
			<datecreated>Tue, 19 Aug 2014 08:48:57 GMT</datecreated>
			<usercreated>Admin</usercreated>
			<flags>0</flags>
			<properties>
				<property>
					<name>Title</name>
					<value><![CDATA[Formatter for a template row]]></value>
				</property>
				<property>
					<name>cache</name>
					<value><![CDATA[uri;container-element;locale]]></value>
				</property>
				<property type="shared">
					<name>export</name>
					<value><![CDATA[false]]></value>
				</property>
			</properties>
			<relations/>
			<accesscontrol/>
		</file>
		<file>
			<source>system/modules/com.alkacon.bootstrap.formatters/formatters/templaterow.xml</source>
			<destination>system/modules/com.alkacon.bootstrap.formatters/formatters/templaterow.xml</destination>
			<type>formatter_config</type>
			<uuidstructure>a85f9969-277d-11e4-96d6-005056b61161</uuidstructure>
			<uuidresource>a85f996a-277d-11e4-96d6-005056b61161</uuidresource>
			<datelastmodified>Thu, 30 Oct 2014 11:16:14 GMT</datelastmodified>
			<userlastmodified>Admin</userlastmodified>
			<datecreated>Tue, 19 Aug 2014 08:48:57 GMT</datecreated>
			<usercreated>Admin</usercreated>
			<flags>0</flags>
			<properties>
				<property>
					<name>Title</name>
					<value><![CDATA[Template row formatter]]></value>
				</property>
				<property>
					<name>locale</name>
					<value><![CDATA[en]]></value>
				</property>
				<property>
					<name>locale-available</name>
					<value><![CDATA[en]]></value>
				</property>
				<property>
					<name>search.exclude</name>
					<value><![CDATA[all]]></value>
				</property>
			</properties>
			<relations/>
			<accesscontrol/>
		</file>
		<file>
			<source>system/modules/com.alkacon.bootstrap.formatters/formatters/text-colored.jsp</source>
			<destination>system/modules/com.alkacon.bootstrap.formatters/formatters/text-colored.jsp</destination>
			<type>jsp</type>
			<uuidstructure>feb0233c-5db4-11e4-8211-005056b61161</uuidstructure>
			<uuidresource>feb0233d-5db4-11e4-8211-005056b61161</uuidresource>
			<datelastmodified>Mon, 27 Oct 2014 15:28:53 GMT</datelastmodified>
			<userlastmodified>Admin</userlastmodified>
			<datecreated>Mon, 27 Oct 2014 08:41:07 GMT</datecreated>
			<usercreated>Admin</usercreated>
			<flags>0</flags>
			<properties>
				<property>
					<name>Title</name>
					<value><![CDATA[Colored text box]]></value>
				</property>
				<property type="shared">
					<name>export</name>
					<value><![CDATA[false]]></value>
				</property>
			</properties>
			<relations/>
			<accesscontrol/>
		</file>
		<file>
			<source>system/modules/com.alkacon.bootstrap.formatters/formatters/text-colored.xml</source>
			<destination>system/modules/com.alkacon.bootstrap.formatters/formatters/text-colored.xml</destination>
			<type>formatter_config</type>
			<uuidstructure>05bbb9ff-5db5-11e4-8211-005056b61161</uuidstructure>
			<uuidresource>05bbba00-5db5-11e4-8211-005056b61161</uuidresource>
			<datelastmodified>Thu, 30 Oct 2014 10:03:58 GMT</datelastmodified>
			<userlastmodified>Admin</userlastmodified>
			<datecreated>Mon, 27 Oct 2014 08:41:19 GMT</datecreated>
			<usercreated>Admin</usercreated>
			<flags>0</flags>
			<properties>
				<property>
					<name>Title</name>
					<value><![CDATA[Colored box formatter]]></value>
				</property>
			</properties>
			<relations/>
			<accesscontrol/>
		</file>
		<file>
			<source>system/modules/com.alkacon.bootstrap.formatters/formatters/text-headline.jsp</source>
			<destination>system/modules/com.alkacon.bootstrap.formatters/formatters/text-headline.jsp</destination>
			<type>jsp</type>
			<uuidstructure>7b392b56-4a0a-11e4-9866-005056b61161</uuidstructure>
			<uuidresource>7b392b57-4a0a-11e4-9866-005056b61161</uuidresource>
			<datelastmodified>Thu, 30 Oct 2014 07:50:26 GMT</datelastmodified>
			<userlastmodified>Admin</userlastmodified>
			<datecreated>Thu, 02 Oct 2014 08:02:40 GMT</datecreated>
			<usercreated>Admin</usercreated>
			<flags>0</flags>
			<properties>
				<property>
					<name>Title</name>
					<value><![CDATA[Formatter for a text as headline]]></value>
				</property>
				<property>
					<name>cache</name>
					<value><![CDATA[container-element;locale]]></value>
				</property>
				<property type="shared">
					<name>export</name>
					<value><![CDATA[false]]></value>
				</property>
			</properties>
			<relations/>
			<accesscontrol/>
		</file>
		<file>
			<source>system/modules/com.alkacon.bootstrap.formatters/formatters/text-headline.xml</source>
			<destination>system/modules/com.alkacon.bootstrap.formatters/formatters/text-headline.xml</destination>
			<type>formatter_config</type>
			<uuidstructure>71e7c340-4a0a-11e4-9866-005056b61161</uuidstructure>
			<uuidresource>71e7c341-4a0a-11e4-9866-005056b61161</uuidresource>
			<datelastmodified>Mon, 27 Oct 2014 16:15:34 GMT</datelastmodified>
			<userlastmodified>Admin</userlastmodified>
			<datecreated>Thu, 02 Oct 2014 08:02:24 GMT</datecreated>
			<usercreated>Admin</usercreated>
			<flags>0</flags>
			<properties>
				<property>
					<name>Title</name>
					<value><![CDATA[Headline formatter]]></value>
				</property>
				<property>
					<name>locale</name>
					<value><![CDATA[en]]></value>
				</property>
				<property>
					<name>locale-available</name>
					<value><![CDATA[en]]></value>
				</property>
				<property>
					<name>search.exclude</name>
					<value><![CDATA[all]]></value>
				</property>
			</properties>
			<relations/>
			<accesscontrol/>
		</file>
		<file>
			<source>system/modules/com.alkacon.bootstrap.formatters/formatters/text-jumbotron.jsp</source>
			<destination>system/modules/com.alkacon.bootstrap.formatters/formatters/text-jumbotron.jsp</destination>
			<type>jsp</type>
			<uuidstructure>c42f1a1b-3cd1-11e4-bed5-005056b61161</uuidstructure>
			<uuidresource>c42f1a1c-3cd1-11e4-bed5-005056b61161</uuidresource>
			<datelastmodified>Wed, 22 Oct 2014 12:45:12 GMT</datelastmodified>
			<userlastmodified>Admin</userlastmodified>
			<datecreated>Mon, 15 Sep 2014 12:13:56 GMT</datecreated>
			<usercreated>Admin</usercreated>
			<flags>0</flags>
			<properties>
				<property>
					<name>Title</name>
					<value><![CDATA[Formatter for a text as jumbotron]]></value>
				</property>
				<property>
					<name>cache</name>
					<value><![CDATA[container-element;locale]]></value>
				</property>
				<property type="shared">
					<name>export</name>
					<value><![CDATA[false]]></value>
				</property>
			</properties>
			<relations/>
			<accesscontrol/>
		</file>
		<file>
			<source>system/modules/com.alkacon.bootstrap.formatters/formatters/text-jumbotron.xml</source>
			<destination>system/modules/com.alkacon.bootstrap.formatters/formatters/text-jumbotron.xml</destination>
			<type>formatter_config</type>
			<uuidstructure>e1ea56b0-3cd1-11e4-bed5-005056b61161</uuidstructure>
			<uuidresource>e1ea56b1-3cd1-11e4-bed5-005056b61161</uuidresource>
			<datelastmodified>Thu, 30 Oct 2014 10:03:45 GMT</datelastmodified>
			<userlastmodified>Admin</userlastmodified>
			<datecreated>Mon, 15 Sep 2014 12:14:46 GMT</datecreated>
			<usercreated>Admin</usercreated>
			<flags>0</flags>
			<properties>
				<property>
					<name>Title</name>
					<value><![CDATA[Jumbotron formatter]]></value>
				</property>
				<property>
					<name>locale</name>
					<value><![CDATA[en]]></value>
				</property>
				<property>
					<name>locale-available</name>
					<value><![CDATA[en]]></value>
				</property>
				<property>
					<name>search.exclude</name>
					<value><![CDATA[all]]></value>
				</property>
			</properties>
			<relations/>
			<accesscontrol/>
		</file>
		<file>
			<source>system/modules/com.alkacon.bootstrap.formatters/formatters/text.jsp</source>
			<destination>system/modules/com.alkacon.bootstrap.formatters/formatters/text.jsp</destination>
			<type>jsp</type>
			<uuidstructure>aaede9c2-3a5f-11e4-bed5-005056b61161</uuidstructure>
			<uuidresource>aaede9c3-3a5f-11e4-bed5-005056b61161</uuidresource>
			<datelastmodified>Fri, 24 Oct 2014 07:40:08 GMT</datelastmodified>
			<userlastmodified>Admin</userlastmodified>
			<datecreated>Fri, 12 Sep 2014 09:32:09 GMT</datecreated>
			<usercreated>Admin</usercreated>
			<flags>0</flags>
			<properties>
				<property>
					<name>Title</name>
					<value><![CDATA[Formatter for a text (default)]]></value>
				</property>
				<property>
					<name>cache</name>
					<value><![CDATA[container-element;locale]]></value>
				</property>
				<property type="shared">
					<name>export</name>
					<value><![CDATA[false]]></value>
				</property>
			</properties>
			<relations/>
			<accesscontrol/>
		</file>
		<file>
			<source>system/modules/com.alkacon.bootstrap.formatters/formatters/text.xml</source>
			<destination>system/modules/com.alkacon.bootstrap.formatters/formatters/text.xml</destination>
			<type>formatter_config</type>
			<uuidstructure>98ee376c-3a5f-11e4-bed5-005056b61161</uuidstructure>
			<uuidresource>98ee376d-3a5f-11e4-bed5-005056b61161</uuidresource>
			<datelastmodified>Thu, 30 Oct 2014 10:04:03 GMT</datelastmodified>
			<userlastmodified>Admin</userlastmodified>
			<datecreated>Fri, 12 Sep 2014 09:31:39 GMT</datecreated>
			<usercreated>Admin</usercreated>
			<flags>0</flags>
			<properties>
				<property>
					<name>Title</name>
					<value><![CDATA[Default formatter]]></value>
				</property>
				<property>
					<name>locale</name>
					<value><![CDATA[en]]></value>
				</property>
				<property>
					<name>locale-available</name>
					<value><![CDATA[en]]></value>
				</property>
				<property>
					<name>search.exclude</name>
					<value><![CDATA[all]]></value>
				</property>
			</properties>
			<relations/>
			<accesscontrol/>
		</file>
		<file>
			<destination>system/modules/com.alkacon.bootstrap.formatters/functions</destination>
			<type>folder</type>
			<uuidstructure>06b09465-2068-11e3-b5aa-000c297c001d</uuidstructure>
			<datelastmodified>Wed, 18 Sep 2013 13:41:31 GMT</datelastmodified>
			<userlastmodified>Admin</userlastmodified>
			<datecreated>Wed, 18 Sep 2013 13:41:31 GMT</datecreated>
			<usercreated>Admin</usercreated>
			<flags>0</flags>
			<properties/>
			<relations/>
			<accesscontrol/>
		</file>
		<file>
			<source>system/modules/com.alkacon.bootstrap.formatters/functions/login.xml</source>
			<destination>system/modules/com.alkacon.bootstrap.formatters/functions/login.xml</destination>
			<type>function</type>
			<uuidstructure>17dc02c5-2133-11e3-bb06-000c297c001d</uuidstructure>
			<uuidresource>17dc02c6-2133-11e3-bb06-000c297c001d</uuidresource>
			<datelastmodified>Thu, 19 Sep 2013 13:56:13 GMT</datelastmodified>
			<userlastmodified>Admin</userlastmodified>
			<datecreated>Thu, 19 Sep 2013 13:55:07 GMT</datecreated>
			<usercreated>Admin</usercreated>
			<flags>0</flags>
			<properties>
				<property>
					<name>Description</name>
					<value><![CDATA[Provides a login form functionality.]]></value>
				</property>
				<property>
					<name>Title</name>
					<value><![CDATA[Login form]]></value>
				</property>
			</properties>
			<relations/>
			<accesscontrol/>
		</file>
		<file>
			<source>system/modules/com.alkacon.bootstrap.formatters/functions/opencms-info.xml</source>
			<destination>system/modules/com.alkacon.bootstrap.formatters/functions/opencms-info.xml</destination>
			<type>function</type>
			<uuidstructure>68049f7a-47b6-11e3-831e-000c29d28104</uuidstructure>
			<uuidresource>68049f7b-47b6-11e3-831e-000c29d28104</uuidresource>
			<datelastmodified>Thu, 07 Nov 2013 14:14:16 GMT</datelastmodified>
			<userlastmodified>Admin</userlastmodified>
			<datecreated>Thu, 07 Nov 2013 14:10:50 GMT</datecreated>
			<usercreated>Admin</usercreated>
			<flags>0</flags>
			<properties>
				<property>
					<name>Description</name>
					<value><![CDATA[Provides information about the OpenCms version and the login URL.]]></value>
				</property>
				<property>
					<name>Title</name>
					<value><![CDATA[OpenCms Info]]></value>
				</property>
			</properties>
			<relations/>
			<accesscontrol/>
		</file>
		<file>
			<source>system/modules/com.alkacon.bootstrap.formatters/functions/search-page.xml</source>
			<destination>system/modules/com.alkacon.bootstrap.formatters/functions/search-page.xml</destination>
			<type>function</type>
			<uuidstructure>92b7732c-4197-11e3-b6f1-5404a6b6dfe8</uuidstructure>
			<uuidresource>92b7732d-4197-11e3-b6f1-5404a6b6dfe8</uuidresource>
			<datelastmodified>Wed, 30 Oct 2013 19:15:34 GMT</datelastmodified>
			<userlastmodified>Admin</userlastmodified>
			<datecreated>Wed, 30 Oct 2013 19:15:00 GMT</datecreated>
			<usercreated>Admin</usercreated>
			<flags>0</flags>
			<properties>
				<property>
					<name>Description</name>
					<value><![CDATA[Search page]]></value>
				</property>
				<property>
					<name>Title</name>
					<value><![CDATA[Search page]]></value>
				</property>
			</properties>
			<relations/>
			<accesscontrol/>
		</file>
		<file>
			<destination>system/modules/com.alkacon.bootstrap.formatters/i18n</destination>
			<type>folder</type>
			<uuidstructure>7ce00c59-4194-11e3-b99c-5404a6b6dfe8</uuidstructure>
			<datelastmodified>Wed, 30 Oct 2013 18:52:55 GMT</datelastmodified>
			<userlastmodified>Admin</userlastmodified>
			<datecreated>Wed, 30 Oct 2013 18:52:55 GMT</datecreated>
			<usercreated>Admin</usercreated>
			<flags>0</flags>
			<properties/>
			<relations/>
			<accesscontrol/>
		</file>
		<file>
			<source>system/modules/com.alkacon.bootstrap.formatters/i18n/com.alkacon.bootstrap.formatters.messages</source>
			<destination>system/modules/com.alkacon.bootstrap.formatters/i18n/com.alkacon.bootstrap.formatters.messages</destination>
			<type>xmlvfsbundle</type>
			<uuidstructure>926e8abb-4194-11e3-b99c-5404a6b6dfe8</uuidstructure>
			<uuidresource>926e8abc-4194-11e3-b99c-5404a6b6dfe8</uuidresource>
			<datelastmodified>Thu, 23 Oct 2014 08:17:32 GMT</datelastmodified>
			<userlastmodified>Admin</userlastmodified>
			<datecreated>Wed, 30 Oct 2013 18:53:31 GMT</datecreated>
			<usercreated>Admin</usercreated>
			<flags>0</flags>
			<properties>
				<property>
					<name>search.exclude</name>
					<value><![CDATA[all]]></value>
				</property>
			</properties>
			<relations/>
			<accesscontrol/>
		</file>
		<file>
			<destination>system/modules/com.alkacon.bootstrap.formatters/pages</destination>
			<type>folder</type>
			<uuidstructure>3107db4d-5e8f-11e4-b480-005056b61161</uuidstructure>
			<datelastmodified>Tue, 28 Oct 2014 10:43:02 GMT</datelastmodified>
			<userlastmodified>Admin</userlastmodified>
			<datecreated>Tue, 28 Oct 2014 10:43:02 GMT</datecreated>
			<usercreated>Admin</usercreated>
			<flags>0</flags>
			<properties/>
			<relations/>
			<accesscontrol/>
		</file>
		<file>
			<source>system/modules/com.alkacon.bootstrap.formatters/pages/blog-pdf.jsp</source>
			<destination>system/modules/com.alkacon.bootstrap.formatters/pages/blog-pdf.jsp</destination>
			<type>jsp</type>
			<uuidstructure>3a5d13ef-5e8f-11e4-b480-005056b61161</uuidstructure>
			<uuidresource>3a5d13f0-5e8f-11e4-b480-005056b61161</uuidresource>
			<datelastmodified>Thu, 30 Oct 2014 19:13:10 GMT</datelastmodified>
			<userlastmodified>Admin</userlastmodified>
			<datecreated>Tue, 28 Oct 2014 10:43:18 GMT</datecreated>
			<usercreated>Admin</usercreated>
			<flags>0</flags>
			<properties>
				<property>
					<name>Title</name>
					<value><![CDATA[PDF-Template for blog entries]]></value>
				</property>
				<property type="shared">
					<name>export</name>
					<value><![CDATA[false]]></value>
				</property>
			</properties>
			<relations/>
			<accesscontrol/>
		</file>
		<file>
			<destination>system/modules/com.alkacon.bootstrap.formatters/resources</destination>
			<type>folder</type>
			<uuidstructure>ac27008e-1a11-11e3-9358-000c29f9a2ec</uuidstructure>
			<datelastmodified>Tue, 10 Sep 2013 12:08:15 GMT</datelastmodified>
			<userlastmodified>Admin</userlastmodified>
			<datecreated>Tue, 10 Sep 2013 12:08:15 GMT</datecreated>
			<usercreated>Admin</usercreated>
			<flags>0</flags>
			<properties>
				<property>
					<name>export</name>
					<value><![CDATA[true]]></value>
				</property>
			</properties>
			<relations/>
			<accesscontrol/>
		</file>
		<file>
			<destination>system/modules/com.alkacon.bootstrap.formatters/resources/css</destination>
			<type>folder</type>
			<uuidstructure>0b25a3de-1b95-11e3-a120-000c29f9a2ec</uuidstructure>
			<datelastmodified>Thu, 12 Sep 2013 10:21:10 GMT</datelastmodified>
			<userlastmodified>Admin</userlastmodified>
			<datecreated>Thu, 12 Sep 2013 10:21:10 GMT</datecreated>
			<usercreated>Admin</usercreated>
			<flags>0</flags>
			<properties/>
			<relations/>
			<accesscontrol/>
		</file>
		<file>
			<source>system/modules/com.alkacon.bootstrap.formatters/resources/css/page.css</source>
			<destination>system/modules/com.alkacon.bootstrap.formatters/resources/css/page.css</destination>
			<type>plain</type>
			<uuidstructure>52f716c6-20f8-11e3-b4d8-000c297c001d</uuidstructure>
			<uuidresource>52f716c7-20f8-11e3-b4d8-000c297c001d</uuidresource>
			<datelastmodified>Wed, 29 Oct 2014 15:12:47 GMT</datelastmodified>
			<userlastmodified>Admin</userlastmodified>
			<datecreated>Thu, 19 Sep 2013 06:54:26 GMT</datecreated>
			<usercreated>Admin</usercreated>
			<flags>0</flags>
			<properties/>
			<relations/>
			<accesscontrol/>
		</file>
		<file>
			<destination>system/modules/com.alkacon.bootstrap.formatters/resources/img</destination>
			<type>folder</type>
			<uuidstructure>956ff516-59e6-11e4-99ba-005056b61161</uuidstructure>
			<datelastmodified>Wed, 22 Oct 2014 12:26:01 GMT</datelastmodified>
			<userlastmodified>Admin</userlastmodified>
			<datecreated>Wed, 22 Oct 2014 12:26:01 GMT</datecreated>
			<usercreated>Admin</usercreated>
			<flags>0</flags>
			<properties/>
			<relations/>
			<accesscontrol/>
		</file>
		<file>
			<destination>system/modules/com.alkacon.bootstrap.formatters/resources/img/icons</destination>
			<type>folder</type>
			<uuidstructure>a32b6e09-59e6-11e4-99ba-005056b61161</uuidstructure>
			<datelastmodified>Wed, 22 Oct 2014 12:26:24 GMT</datelastmodified>
			<userlastmodified>Admin</userlastmodified>
			<datecreated>Wed, 22 Oct 2014 12:26:24 GMT</datecreated>
			<usercreated>Admin</usercreated>
			<flags>0</flags>
			<properties/>
			<relations/>
			<accesscontrol/>
		</file>
		<file>
			<source>system/modules/com.alkacon.bootstrap.formatters/resources/img/icons/pdf.png</source>
			<destination>system/modules/com.alkacon.bootstrap.formatters/resources/img/icons/pdf.png</destination>
			<type>image</type>
			<uuidstructure>ca4548b4-5e8f-11e4-b480-005056b61161</uuidstructure>
			<uuidresource>ca4548b5-5e8f-11e4-b480-005056b61161</uuidresource>
			<datelastmodified>Tue, 28 Oct 2014 10:47:31 GMT</datelastmodified>
			<userlastmodified>Admin</userlastmodified>
			<datecreated>Tue, 28 Oct 2014 10:47:19 GMT</datecreated>
			<usercreated>Admin</usercreated>
			<flags>0</flags>
			<properties>
				<property>
					<name>Title</name>
					<value><![CDATA[pdf]]></value>
				</property>
				<property type="shared">
					<name>image.size</name>
					<value><![CDATA[w:32,h:32]]></value>
				</property>
			</properties>
			<relations/>
			<accesscontrol/>
		</file>
		<file>
			<destination>system/modules/com.alkacon.bootstrap.formatters/resources/img/icons/social</destination>
			<type>folder</type>
			<uuidstructure>a565f4bb-59e6-11e4-99ba-005056b61161</uuidstructure>
			<datelastmodified>Wed, 22 Oct 2014 12:26:28 GMT</datelastmodified>
			<userlastmodified>Admin</userlastmodified>
			<datecreated>Wed, 22 Oct 2014 12:26:28 GMT</datecreated>
			<usercreated>Admin</usercreated>
			<flags>0</flags>
			<properties/>
			<relations/>
			<accesscontrol/>
		</file>
		<file>
			<source>system/modules/com.alkacon.bootstrap.formatters/resources/img/icons/social/slideshare.png</source>
			<destination>system/modules/com.alkacon.bootstrap.formatters/resources/img/icons/social/slideshare.png</destination>
			<type>image</type>
			<uuidstructure>a8b1010d-59e6-11e4-99ba-005056b61161</uuidstructure>
			<uuidresource>a8b1010e-59e6-11e4-99ba-005056b61161</uuidresource>
			<datelastmodified>Wed, 22 Oct 2014 12:26:33 GMT</datelastmodified>
			<userlastmodified>Admin</userlastmodified>
			<datecreated>Wed, 22 Oct 2014 12:26:33 GMT</datecreated>
			<usercreated>Admin</usercreated>
			<flags>0</flags>
			<properties>
				<property type="shared">
					<name>image.size</name>
					<value><![CDATA[w:28,h:66]]></value>
				</property>
			</properties>
			<relations/>
			<accesscontrol/>
		</file>
		<file>
			<destination>system/modules/com.alkacon.bootstrap.formatters/resources/js</destination>
			<type>folder</type>
			<uuidstructure>c9da0456-5abb-11e4-955d-005056b61161</uuidstructure>
			<datelastmodified>Thu, 23 Oct 2014 13:52:11 GMT</datelastmodified>
			<userlastmodified>Admin</userlastmodified>
			<datecreated>Thu, 23 Oct 2014 13:52:11 GMT</datecreated>
			<usercreated>Admin</usercreated>
			<flags>0</flags>
			<properties/>
			<relations/>
			<accesscontrol/>
		</file>
		<file>
			<destination>system/modules/com.alkacon.bootstrap.formatters/resources/js/ugc</destination>
			<type>folder</type>
			<uuidstructure>cbb09918-5abb-11e4-955d-005056b61161</uuidstructure>
			<datelastmodified>Thu, 23 Oct 2014 13:52:15 GMT</datelastmodified>
			<userlastmodified>Admin</userlastmodified>
			<datecreated>Thu, 23 Oct 2014 13:52:15 GMT</datecreated>
			<usercreated>Admin</usercreated>
			<flags>0</flags>
			<properties/>
			<relations/>
			<accesscontrol/>
		</file>
		<file>
			<source>system/modules/com.alkacon.bootstrap.formatters/resources/js/ugc/ugc-blog.js</source>
			<destination>system/modules/com.alkacon.bootstrap.formatters/resources/js/ugc/ugc-blog.js</destination>
			<type>plain</type>
			<uuidstructure>d5f4ecaa-5abb-11e4-955d-005056b61161</uuidstructure>
			<uuidresource>d5f4ecab-5abb-11e4-955d-005056b61161</uuidresource>
			<datelastmodified>Thu, 30 Oct 2014 14:58:31 GMT</datelastmodified>
			<userlastmodified>daniel</userlastmodified>
			<datecreated>Thu, 23 Oct 2014 13:52:32 GMT</datecreated>
			<usercreated>Admin</usercreated>
			<flags>0</flags>
			<properties/>
			<relations/>
			<accesscontrol/>
		</file>
		<file>
			<destination>system/modules/com.alkacon.bootstrap.formatters/search</destination>
			<type>folder</type>
			<uuidstructure>acf8da37-416c-11e3-81ba-000c297c001d</uuidstructure>
			<datelastmodified>Wed, 30 Oct 2013 14:07:56 GMT</datelastmodified>
			<userlastmodified>Admin</userlastmodified>
			<datecreated>Wed, 30 Oct 2013 14:07:56 GMT</datecreated>
			<usercreated>Admin</usercreated>
			<flags>0</flags>
			<properties/>
			<relations/>
			<accesscontrol/>
		</file>
		<file>
			<source>system/modules/com.alkacon.bootstrap.formatters/search/config.jsp</source>
			<destination>system/modules/com.alkacon.bootstrap.formatters/search/config.jsp</destination>
			<type>jsp</type>
			<uuidstructure>b4a9ffc9-416c-11e3-81ba-000c297c001d</uuidstructure>
			<uuidresource>b4a9ffca-416c-11e3-81ba-000c297c001d</uuidresource>
			<datelastmodified>Thu, 07 Nov 2013 18:03:55 GMT</datelastmodified>
			<userlastmodified>Admin</userlastmodified>
			<datecreated>Wed, 30 Oct 2013 14:08:09 GMT</datecreated>
			<usercreated>Admin</usercreated>
			<flags>0</flags>
			<properties>
				<property>
					<name>cache</name>
					<value><![CDATA[always]]></value>
				</property>
				<property type="shared">
					<name>export</name>
					<value><![CDATA[false]]></value>
				</property>
			</properties>
			<relations/>
			<accesscontrol/>
		</file>
		<file>
			<source>system/modules/com.alkacon.bootstrap.formatters/search/configuration.js</source>
			<destination>system/modules/com.alkacon.bootstrap.formatters/search/configuration.js</destination>
			<type>jsp</type>
			<uuidstructure>e3fb6d55-0e64-11e2-8968-2b1b08a6835d</uuidstructure>
			<uuidresource>e3fb6d56-0e64-11e2-8968-2b1b08a6835d</uuidresource>
			<datelastmodified>Thu, 07 Nov 2013 18:04:34 GMT</datelastmodified>
			<userlastmodified>Admin</userlastmodified>
			<datecreated>Thu, 04 Oct 2012 20:48:45 GMT</datecreated>
			<usercreated>Admin</usercreated>
			<flags>0</flags>
			<properties>
				<property>
					<name>cache</name>
					<value><![CDATA[locale]]></value>
				</property>
				<property>
					<name>export</name>
					<value><![CDATA[false]]></value>
				</property>
			</properties>
			<relations/>
			<accesscontrol/>
		</file>
		<file>
			<source>system/modules/com.alkacon.bootstrap.formatters/search/context.js</source>
			<destination>system/modules/com.alkacon.bootstrap.formatters/search/context.js</destination>
			<type>jsp</type>
			<uuidstructure>be6d941f-46f9-11e3-9436-000c29d28104</uuidstructure>
			<uuidresource>be6d9420-46f9-11e3-9436-000c29d28104</uuidresource>
			<datelastmodified>Fri, 08 Nov 2013 10:12:10 GMT</datelastmodified>
			<userlastmodified>Admin</userlastmodified>
			<datecreated>Wed, 06 Nov 2013 15:40:20 GMT</datecreated>
			<usercreated>Admin</usercreated>
			<flags>0</flags>
			<properties>
				<property>
					<name>cache</name>
					<value><![CDATA[uri]]></value>
				</property>
				<property type="shared">
					<name>export</name>
					<value><![CDATA[false]]></value>
				</property>
			</properties>
			<relations/>
			<accesscontrol/>
		</file>
		<file>
			<source>system/modules/com.alkacon.bootstrap.formatters/search/dictionary.js</source>
			<destination>system/modules/com.alkacon.bootstrap.formatters/search/dictionary.js</destination>
			<type>jsp</type>
			<uuidstructure>d2f20f93-1370-11e2-b821-2b1b08a6835d</uuidstructure>
			<uuidresource>d2f20f94-1370-11e2-b821-2b1b08a6835d</uuidresource>
			<datelastmodified>Thu, 07 Nov 2013 18:05:37 GMT</datelastmodified>
			<userlastmodified>Admin</userlastmodified>
			<datecreated>Thu, 11 Oct 2012 06:56:47 GMT</datecreated>
			<usercreated>Admin</usercreated>
			<flags>0</flags>
			<properties>
				<property>
					<name>cache</name>
					<value><![CDATA[locale]]></value>
				</property>
				<property>
					<name>export</name>
					<value><![CDATA[false]]></value>
				</property>
			</properties>
			<relations/>
			<accesscontrol/>
		</file>
		<file>
			<source>system/modules/com.alkacon.bootstrap.formatters/search/search.jsp</source>
			<destination>system/modules/com.alkacon.bootstrap.formatters/search/search.jsp</destination>
			<type>jsp</type>
			<uuidstructure>9dbf1580-0bc3-11e2-809c-09acdb80abab</uuidstructure>
			<uuidresource>9dbf1581-0bc3-11e2-809c-09acdb80abab</uuidresource>
			<datelastmodified>Wed, 06 Nov 2013 15:53:12 GMT</datelastmodified>
			<userlastmodified>Admin</userlastmodified>
			<datecreated>Mon, 01 Oct 2012 12:29:16 GMT</datecreated>
			<usercreated>Admin</usercreated>
			<flags>0</flags>
			<properties>
				<property type="shared">
					<name>export</name>
					<value><![CDATA[false]]></value>
				</property>
			</properties>
			<relations/>
			<accesscontrol/>
		</file>
		<file>
			<destination>system/modules/com.alkacon.bootstrap.formatters/templates</destination>
			<type>folder</type>
			<uuidstructure>ac18a8a8-1a11-11e3-9358-000c29f9a2ec</uuidstructure>
			<datelastmodified>Tue, 10 Sep 2013 12:08:15 GMT</datelastmodified>
			<userlastmodified>Admin</userlastmodified>
			<datecreated>Tue, 10 Sep 2013 12:08:15 GMT</datecreated>
			<usercreated>Admin</usercreated>
			<flags>0</flags>
			<properties/>
			<relations/>
			<accesscontrol/>
		</file>
		<file>
			<source>system/modules/com.alkacon.bootstrap.formatters/templates/bootstrap-grid-page.jsp</source>
			<destination>system/modules/com.alkacon.bootstrap.formatters/templates/bootstrap-grid-page.jsp</destination>
			<type>containerpage_template</type>
			<uuidstructure>c8a951f8-3989-11e4-a560-005056b61161</uuidstructure>
			<uuidresource>c8a951f9-3989-11e4-a560-005056b61161</uuidresource>
			<datelastmodified>Wed, 29 Oct 2014 14:00:15 GMT</datelastmodified>
			<userlastmodified>Admin</userlastmodified>
			<datecreated>Thu, 11 Sep 2014 08:01:06 GMT</datecreated>
			<usercreated>Admin</usercreated>
			<flags>0</flags>
			<properties>
				<property>
					<name>Title</name>
					<value><![CDATA[Grid Bootstrap Page]]></value>
				</property>
				<property>
					<name>cache</name>
					<value><![CDATA[uri;locale]]></value>
				</property>
				<property>
					<name>template</name>
					<value><![CDATA[/system/modules/com.alkacon.bootstrap.basics/resources/theme-unify/css/style-editor.css]]></value>
				</property>
				<property>
					<name>template.provider</name>
					<value><![CDATA[provider=org.opencms.loader.CmsDefaultTemplateContextProvider,template=%(templatepath)]]></value>
				</property>
			</properties>
			<relations/>
			<accesscontrol/>
		</file>
	</files>
</export>
