<?xml version="1.0" encoding="UTF-8"?>

<export>
  <info>
    <creator>Admin</creator>
    <opencms_version>9.4.4</opencms_version>
    <createdate>Thu, 03 Apr 2014 09:36:01 GMT</createdate>
    <infoproject>Offline</infoproject>
    <export_version>7</export_version>
  </info>
  <module>
    <name>org.opencms.ugc</name>
    <nicename>User generated content form</nicename>
    <group>OpenCms frontend</group>
    <class>org.opencms.ugc.CmsUgcModuleAction</class>
    <description><![CDATA[<p>User generated content API</p>
								<p><i>&copy; 2014 by Alkacon Software GmbH (http://www.alkacon.com).</i></p>]]></description>
    <version>9.5.0</version>
    <authorname><![CDATA[Alkacon Software GmbH]]></authorname>
    <authoremail/>
    <datecreated/>
    <userinstalled/>
    <dateinstalled/>
    <dependencies/>
    <exportpoints>
      <exportpoint uri="/system/modules/org.opencms.ugc/classes/" destination="WEB-INF/classes/"/>
      <exportpoint uri="/system/modules/org.opencms.ugc/resources/" destination="resources/"/>
    </exportpoints>
    <resources>
      <resource uri="/system/modules/org.opencms.ugc/"/>
    </resources>
    <parameters/>
    <resourcetypes>
      <type class="org.opencms.file.types.CmsResourceTypeXmlAdeConfiguration" name="ugc_config" id="309">
        <properties>
          <property>
            <name>locale-available</name>
            <value><![CDATA[en]]></value>
          </property>
          <property>
            <name>locale</name>
            <value><![CDATA[en]]></value>
          </property>
        </properties>
        <param name="resource.flag.internal">true</param>
        <param name="schema">/system/modules/org.opencms.ugc/schemas/ugc_config.xsd</param>
      </type>
    </resourcetypes>
    <explorertypes>
      <explorertype name="ugc_config" key="fileicon.ugc_config" reference="xmlcontent">
        <newresource page="otheroptions" uri="newresource_xmlcontent.jsp?newresourcetype=ugc_config" order="23" autosetnavigation="false" autosettitle="false" info="desc.ugc_config"/>
        <accesscontrol>
          <accessentry principal="ROLE.WORKPLACE_USER" permissions="+r+v+w+c"/>
        </accesscontrol>
      </explorertype>
    </explorertypes>
  </module>
  <files>
    <file>
      <destination>system</destination>
      <type>folder</type>
      <uuidstructure>4359d218-b9a1-11e3-ba84-0ddf2cfaeffd</uuidstructure>
      <datelastmodified>Tue, 01 Apr 2014 13:26:42 GMT</datelastmodified>
      <userlastmodified>Admin</userlastmodified>
      <datecreated>Tue, 01 Apr 2014 13:26:42 GMT</datecreated>
      <usercreated>Admin</usercreated>
      <flags>0</flags>
      <properties/>
      <relations/>
      <accesscontrol>
        <accessentry>
          <uuidprincipal>ROLE.WORKPLACE_USER</uuidprincipal>
          <flags>514</flags>
          <permissionset>
            <allowed>1</allowed>
            <denied>0</denied>
          </permissionset>
        </accessentry>
      </accesscontrol>
    </file>
    <file>
      <destination>system/modules</destination>
      <type>folder</type>
      <uuidstructure>447c3244-b9a1-11e3-ba84-0ddf2cfaeffd</uuidstructure>
      <datelastmodified>Tue, 01 Apr 2014 13:26:44 GMT</datelastmodified>
      <userlastmodified>Admin</userlastmodified>
      <datecreated>Tue, 01 Apr 2014 13:26:44 GMT</datecreated>
      <usercreated>Admin</usercreated>
      <flags>0</flags>
      <properties/>
      <relations/>
      <accesscontrol>
        <accessentry>
          <uuidprincipal>ROLE.WORKPLACE_USER</uuidprincipal>
          <flags>514</flags>
          <permissionset>
            <allowed>5</allowed>
            <denied>0</denied>
          </permissionset>
        </accessentry>
      </accesscontrol>
    </file>
    <file>
      <destination>system/modules/org.opencms.ugc</destination>
      <type>folder</type>
      <uuidstructure>c33b370b-bb12-11e3-a3c7-0ddf2cfaeffd</uuidstructure>
      <datelastmodified>Thu, 03 Apr 2014 09:31:41 GMT</datelastmodified>
      <userlastmodified>Admin</userlastmodified>
      <datecreated>Thu, 03 Apr 2014 09:31:41 GMT</datecreated>
      <usercreated>Admin</usercreated>
      <flags>0</flags>
      <properties/>
      <relations/>
      <accesscontrol/>
    </file>
    <file>
      <destination>system/modules/org.opencms.ugc/classes</destination>
      <type>folder</type>
      <uuidstructure>c343e99f-bb12-11e3-a3c7-0ddf2cfaeffd</uuidstructure>
      <datelastmodified>Thu, 03 Apr 2014 09:31:41 GMT</datelastmodified>
      <userlastmodified>Admin</userlastmodified>
      <datecreated>Thu, 03 Apr 2014 09:31:41 GMT</datecreated>
      <usercreated>Admin</usercreated>
      <flags>0</flags>
      <properties/>
      <relations/>
      <accesscontrol/>
    </file>
    <file>
      <destination>system/modules/org.opencms.ugc/classes/org</destination>
      <type>folder</type>
      <uuidstructure>c3463391-bb12-11e3-a3c7-0ddf2cfaeffd</uuidstructure>
      <datelastmodified>Thu, 03 Apr 2014 09:31:41 GMT</datelastmodified>
      <userlastmodified>Admin</userlastmodified>
      <datecreated>Thu, 03 Apr 2014 09:31:41 GMT</datecreated>
      <usercreated>Admin</usercreated>
      <flags>0</flags>
      <properties/>
      <relations/>
      <accesscontrol/>
    </file>
    <file>
      <destination>system/modules/org.opencms.ugc/classes/org/opencms</destination>
      <type>folder</type>
      <uuidstructure>c348a493-bb12-11e3-a3c7-0ddf2cfaeffd</uuidstructure>
      <datelastmodified>Thu, 03 Apr 2014 09:31:41 GMT</datelastmodified>
      <userlastmodified>Admin</userlastmodified>
      <datecreated>Thu, 03 Apr 2014 09:31:41 GMT</datecreated>
      <usercreated>Admin</usercreated>
      <flags>0</flags>
      <properties/>
      <relations/>
      <accesscontrol/>
    </file>
    <file>
      <destination>system/modules/org.opencms.ugc/classes/org/opencms/ugc</destination>
      <type>folder</type>
      <uuidstructure>c34d5f87-bb12-11e3-a3c7-0ddf2cfaeffd</uuidstructure>
      <datelastmodified>Thu, 03 Apr 2014 09:31:41 GMT</datelastmodified>
      <userlastmodified>Admin</userlastmodified>
      <datecreated>Thu, 03 Apr 2014 09:31:41 GMT</datecreated>
      <usercreated>Admin</usercreated>
      <flags>0</flags>
      <properties/>
      <relations/>
      <accesscontrol/>
    </file>
    <file>
      <source>system/modules/org.opencms.ugc/.config</source>
      <destination>system/modules/org.opencms.ugc/.config</destination>
      <type>module_config</type>
      <uuidstructure>9874a681-da7f-11e3-8d7f-c11cc2af282b</uuidstructure>
      <uuidresource>9874a682-da7f-11e3-8d7f-c11cc2af282b</uuidresource>
      <datelastmodified>Tue, 13 May 2014 09:19:10 GMT</datelastmodified>
      <userlastmodified>Admin</userlastmodified>
      <datecreated>Tue, 13 May 2014 09:18:50 GMT</datecreated>
      <usercreated>Admin</usercreated>
      <flags>0</flags>
      <properties>
        <property>
          <name>locale</name>
          <value><![CDATA[en]]></value>
        </property>
        <property>
          <name>locale-available</name>
          <value><![CDATA[en]]></value>
        </property>
        <property>
          <name>search.exclude</name>
          <value><![CDATA[all]]></value>
        </property>
      </properties>
      <relations/>
      <accesscontrol/>
    </file>
    <file>
      <destination>system/modules/org.opencms.ugc/formatters</destination>
      <type>folder</type>
      <uuidstructure>d9438903-dfea-11e3-b2f0-005056b60ccd</uuidstructure>
      <datelastmodified>Tue, 20 May 2014 11:03:00 GMT</datelastmodified>
      <userlastmodified>Admin</userlastmodified>
      <datecreated>Tue, 20 May 2014 06:49:11 GMT</datecreated>
      <usercreated>Admin</usercreated>
      <flags>0</flags>
      <properties/>
      <relations/>
      <accesscontrol/>
    </file>
    <file>
      <source>system/modules/org.opencms.ugc/formatters/usergenerated-default.jsp</source>
      <destination>system/modules/org.opencms.ugc/formatters/usergenerated-default.jsp</destination>
      <type>jsp</type>
      <uuidstructure>05d94da5-dfec-11e3-b2f0-005056b60ccd</uuidstructure>
      <uuidresource>05d94da6-dfec-11e3-b2f0-005056b60ccd</uuidresource>
      <datelastmodified>Tue, 20 May 2014 11:07:04 GMT</datelastmodified>
      <userlastmodified>Admin</userlastmodified>
      <datecreated>Tue, 20 May 2014 06:57:35 GMT</datecreated>
      <usercreated>Admin</usercreated>
      <flags>0</flags>
      <properties>
        <property>
          <name>Title</name>
          <value><![CDATA[Default formatter for UGC form elements]]></value>
        </property>
      </properties>
      <relations/>
      <accesscontrol/>
    </file>
    <file>
      <destination>system/modules/org.opencms.ugc/resources</destination>
      <type>folder</type>
      <uuidstructure>d2be0da6-8c48-4217-bc33-f904b139ca75</uuidstructure>
      <datelastmodified>Thu, 03 Apr 2014 09:31:41 GMT</datelastmodified>
      <userlastmodified>Admin</userlastmodified>
      <datecreated>Thu, 03 Apr 2014 09:31:41 GMT</datecreated>
      <usercreated>Admin</usercreated>
      <flags>0</flags>
      <properties/>
      <relations/>
      <accesscontrol/>
    </file>
    <file>
      <destination>system/modules/org.opencms.ugc/resources/ugc</destination>
      <type>folder</type>
      <uuidstructure>36b2183f-f615-41e4-8402-17e5a62a4c2a</uuidstructure>
      <datelastmodified>Thu, 03 Apr 2014 09:31:41 GMT</datelastmodified>
      <userlastmodified>Admin</userlastmodified>
      <datecreated>Thu, 03 Apr 2014 09:31:41 GMT</datecreated>
      <usercreated>Admin</usercreated>
      <flags>0</flags>
      <properties/>
      <relations/>
      <accesscontrol/>
    </file>
    <file>
      <source>system/modules/org.opencms.ugc/resources/ugc/ugc.nocache.js</source>
      <destination>system/modules/org.opencms.ugc/resources/ugc/ugc.nocache.js</destination>
      <type>binary</type>
      <uuidstructure>ba98180e-dfae-11e3-bf3d-aff008c81c84</uuidstructure>
      <uuidresource>ba983f1f-dfae-11e3-bf3d-aff008c81c84</uuidresource>
      <datelastmodified>Tue, 20 May 2014 11:05:48 GMT</datelastmodified>
      <userlastmodified>Admin</userlastmodified>
      <datecreated>Mon, 19 May 2014 23:38:49 GMT</datecreated>
      <usercreated>Admin</usercreated>
      <flags>0</flags>
      <properties>
        <property>
          <name>Title</name>
          <value><![CDATA[UGC API main JavaScript]]></value>
        </property>
      </properties>
      <relations/>
      <accesscontrol/>
    </file>
    <file>
      <source>system/modules/org.opencms.ugc/resources/ugc/532E7C2FC3C3095FF024C6BB0DEA7071.cache.html</source>
      <destination>system/modules/org.opencms.ugc/resources/ugc/532E7C2FC3C3095FF024C6BB0DEA7071.cache.html</destination>
      <type>binary</type>
      <uuidstructure>628dd292-60eb-11e4-9caf-a72fa5a3d307</uuidstructure>
      <uuidresource>628e20b3-60eb-11e4-9caf-a72fa5a3d307</uuidresource>
      <datelastmodified>Fri, 31 Oct 2014 10:48:01 GMT</datelastmodified>
      <userlastmodified>Admin</userlastmodified>
      <datecreated>Fri, 31 Oct 2014 10:48:01 GMT</datecreated>
      <usercreated>Admin</usercreated>
      <flags>0</flags>
      <properties/>
      <relations/>
      <accesscontrol/>
    </file>
    <file>
      <source>system/modules/org.opencms.ugc/resources/ugc/clear.cache.gif</source>
      <destination>system/modules/org.opencms.ugc/resources/ugc/clear.cache.gif</destination>
      <type>image</type>
      <uuidstructure>6292dba4-60eb-11e4-9caf-a72fa5a3d307</uuidstructure>
      <uuidresource>629350d5-60eb-11e4-9caf-a72fa5a3d307</uuidresource>
      <datelastmodified>Fri, 31 Oct 2014 10:48:01 GMT</datelastmodified>
      <userlastmodified>Admin</userlastmodified>
      <datecreated>Fri, 31 Oct 2014 10:48:01 GMT</datecreated>
      <usercreated>Admin</usercreated>
      <flags>0</flags>
      <properties/>
      <relations/>
      <accesscontrol/>
    </file>
    <file>
      <source>system/modules/org.opencms.ugc/resources/ugc/hosted.html</source>
      <destination>system/modules/org.opencms.ugc/resources/ugc/hosted.html</destination>
      <type>binary</type>
      <uuidstructure>62972166-60eb-11e4-9caf-a72fa5a3d307</uuidstructure>
      <uuidresource>62974877-60eb-11e4-9caf-a72fa5a3d307</uuidresource>
      <datelastmodified>Fri, 31 Oct 2014 10:48:01 GMT</datelastmodified>
      <userlastmodified>Admin</userlastmodified>
      <datecreated>Fri, 31 Oct 2014 10:48:01 GMT</datecreated>
      <usercreated>Admin</usercreated>
      <flags>0</flags>
      <properties/>
      <relations/>
      <accesscontrol/>
    </file>
    <file>
      <source>system/modules/org.opencms.ugc/resources/ugc/BC4F14278B06C034477D7C740576F4D8.cache.html</source>
      <destination>system/modules/org.opencms.ugc/resources/ugc/BC4F14278B06C034477D7C740576F4D8.cache.html</destination>
      <type>binary</type>
      <uuidstructure>629a7cc8-60eb-11e4-9caf-a72fa5a3d307</uuidstructure>
      <uuidresource>629acae9-60eb-11e4-9caf-a72fa5a3d307</uuidresource>
      <datelastmodified>Fri, 31 Oct 2014 10:48:01 GMT</datelastmodified>
      <userlastmodified>Admin</userlastmodified>
      <datecreated>Fri, 31 Oct 2014 10:48:01 GMT</datecreated>
      <usercreated>Admin</usercreated>
      <flags>0</flags>
      <properties/>
      <relations/>
      <accesscontrol/>
    </file>
    <file>
      <source>system/modules/org.opencms.ugc/resources/ugc/01DA6BE9C13E3080270FD50276110A2E.cache.html</source>
      <destination>system/modules/org.opencms.ugc/resources/ugc/01DA6BE9C13E3080270FD50276110A2E.cache.html</destination>
      <type>binary</type>
      <uuidstructure>629e746a-60eb-11e4-9caf-a72fa5a3d307</uuidstructure>
      <uuidresource>629e9b7b-60eb-11e4-9caf-a72fa5a3d307</uuidresource>
      <datelastmodified>Fri, 31 Oct 2014 10:48:01 GMT</datelastmodified>
      <userlastmodified>Admin</userlastmodified>
      <datecreated>Fri, 31 Oct 2014 10:48:01 GMT</datecreated>
      <usercreated>Admin</usercreated>
      <flags>0</flags>
      <properties/>
      <relations/>
      <accesscontrol/>
    </file>
    <file>
      <source>system/modules/org.opencms.ugc/resources/ugc/225984B8573B729165A3A1CEC6087621.cache.html</source>
      <destination>system/modules/org.opencms.ugc/resources/ugc/225984B8573B729165A3A1CEC6087621.cache.html</destination>
      <type>binary</type>
      <uuidstructure>62a2931c-60eb-11e4-9caf-a72fa5a3d307</uuidstructure>
      <uuidresource>62a3084d-60eb-11e4-9caf-a72fa5a3d307</uuidresource>
      <datelastmodified>Fri, 31 Oct 2014 10:48:01 GMT</datelastmodified>
      <userlastmodified>Admin</userlastmodified>
      <datecreated>Fri, 31 Oct 2014 10:48:01 GMT</datecreated>
      <usercreated>Admin</usercreated>
      <flags>0</flags>
      <properties/>
      <relations/>
      <accesscontrol/>
    </file>
    <file>
      <source>system/modules/org.opencms.ugc/resources/ugc/B7CB84BB24D444A3D569BFD27925918A.cache.html</source>
      <destination>system/modules/org.opencms.ugc/resources/ugc/B7CB84BB24D444A3D569BFD27925918A.cache.html</destination>
      <type>binary</type>
      <uuidstructure>62a7ea4e-60eb-11e4-9caf-a72fa5a3d307</uuidstructure>
      <uuidresource>62a8115f-60eb-11e4-9caf-a72fa5a3d307</uuidresource>
      <datelastmodified>Fri, 31 Oct 2014 10:48:01 GMT</datelastmodified>
      <userlastmodified>Admin</userlastmodified>
      <datecreated>Fri, 31 Oct 2014 10:48:01 GMT</datecreated>
      <usercreated>Admin</usercreated>
      <flags>0</flags>
      <properties/>
      <relations/>
      <accesscontrol/>
    </file>
    <file>
      <destination>system/modules/org.opencms.ugc/resources/js</destination>
      <type>folder</type>
      <uuidstructure>b1b3cf0b-e00b-11e3-b2f0-005056b60ccd</uuidstructure>
      <datelastmodified>Tue, 20 May 2014 10:44:18 GMT</datelastmodified>
      <userlastmodified>Admin</userlastmodified>
      <datecreated>Tue, 20 May 2014 10:44:18 GMT</datecreated>
      <usercreated>Admin</usercreated>
      <flags>0</flags>
      <properties/>
      <relations/>
      <accesscontrol/>
    </file>
    <file>
      <source>system/modules/org.opencms.ugc/resources/js/ugc-jquery.js</source>
      <destination>system/modules/org.opencms.ugc/resources/js/ugc-jquery.js</destination>
      <type>plain</type>
      <uuidstructure>b8d5d3fd-e00b-11e3-b2f0-005056b60ccd</uuidstructure>
      <uuidresource>b8d5d3fe-e00b-11e3-b2f0-005056b60ccd</uuidresource>
      <datelastmodified>Tue, 20 May 2014 13:00:54 GMT</datelastmodified>
      <userlastmodified>Admin</userlastmodified>
      <datecreated>Tue, 20 May 2014 10:44:30 GMT</datecreated>
      <usercreated>Admin</usercreated>
      <flags>0</flags>
      <properties>
        <property>
          <name>Title</name>
          <value><![CDATA[UGC API jQuery add-on JavaScript]]></value>
        </property>
      </properties>
      <relations/>
      <accesscontrol/>
    </file>
    <file>
      <destination>system/modules/org.opencms.ugc/schemas</destination>
      <type>folder</type>
      <uuidstructure>c341789d-bb12-11e3-a3c7-0ddf2cfaeffd</uuidstructure>
      <datelastmodified>Thu, 03 Apr 2014 09:31:41 GMT</datelastmodified>
      <userlastmodified>Admin</userlastmodified>
      <datecreated>Thu, 03 Apr 2014 09:31:41 GMT</datecreated>
      <usercreated>Admin</usercreated>
      <flags>0</flags>
      <properties/>
      <relations/>
      <accesscontrol/>
    </file>
    <file>
      <source>system/modules/org.opencms.ugc/schemas/ugc_config.xsd</source>
      <destination>system/modules/org.opencms.ugc/schemas/ugc_config.xsd</destination>
      <type>plain</type>
      <uuidstructure>d1a03679-bb12-11e3-a3c7-0ddf2cfaeffd</uuidstructure>
      <uuidresource>d1a0367a-bb12-11e3-a3c7-0ddf2cfaeffd</uuidresource>
      <datelastmodified>Thu, 03 Apr 2014 09:32:05 GMT</datelastmodified>
      <userlastmodified>Admin</userlastmodified>
      <datecreated>Thu, 03 Apr 2014 09:32:05 GMT</datecreated>
      <usercreated>Admin</usercreated>
      <flags>0</flags>
      <properties/>
      <relations/>
      <accesscontrol/>
    </file>
    <file>
      <source>system/modules/org.opencms.ugc/resources/ugc/202B8A2712E3AD8DBB13EB868E18CB46.gwt.rpc</source>
      <destination>system/modules/org.opencms.ugc/resources/ugc/202B8A2712E3AD8DBB13EB868E18CB46.gwt.rpc</destination>
      <type>binary</type>
      <uuidstructure>6288f090-60eb-11e4-9caf-a72fa5a3d307</uuidstructure>
      <uuidresource>628965c1-60eb-11e4-9caf-a72fa5a3d307</uuidresource>
      <datelastmodified>Fri, 31 Oct 2014 10:48:01 GMT</datelastmodified>
      <userlastmodified>Admin</userlastmodified>
      <datecreated>Fri, 31 Oct 2014 10:48:01 GMT</datecreated>
      <usercreated>Admin</usercreated>
      <flags>0</flags>
      <properties/>
      <relations/>
      <accesscontrol/>
    </file>
  </files>
</export>
