<?xml version="1.0" encoding="UTF-8"?>

<export>
  <info>
    <creator>Admin</creator>
    <opencms_version>9.0.0</opencms_version>
    <createdate>Thu, 11 Mar 2010 15:38:07 GMT</createdate>
    <infoproject>Offline</infoproject>
    <export_version>7</export_version>
  </info>
  <module>
    <name>org.opencms.ade.galleries</name>
    <nicename><![CDATA[OpenCms 8 ADE Galleries]]></nicename>
    <group>OpenCms ADE</group>
    <class/>
    <description><![CDATA[<p>Gwt based gallery dialog for OpenCms 8<p>
<p><i>&copy; 2014 by Alkacon Software GmbH (http://www.alkacon.com).</i></p>]]></description>
    <version>9.5.0</version>
    <authorname><![CDATA[Alkacon Software GmbH]]></authorname>
    <authoremail><![CDATA[info@alkacon.com]]></authoremail>
    <datecreated/>
    <userinstalled/>
    <dateinstalled/>
    <dependencies>
      <dependency name="org.opencms.ade.config" version="9.0.0"/>
    </dependencies>
    <exportpoints>
      <exportpoint uri="/system/modules/org.opencms.ade.galleries/resources/" destination="resources/ade/"/>
    </exportpoints>
    <resources>
      <resource uri="/system/modules/org.opencms.ade.galleries/"/>
      <resource uri="/system/workplace/commons/open_ade_gallery.jsp"/>
    </resources>
  </module>
  <files>
    <file>
      <destination>system</destination>
      <type>folder</type>
      <uuidstructure>36de529b-2d1f-11df-a454-43be96c33985</uuidstructure>
      <datelastmodified>Thu, 11 Mar 2010 15:03:13 GMT</datelastmodified>
      <userlastmodified>Admin</userlastmodified>
      <datecreated>Thu, 11 Mar 2010 15:03:13 GMT</datecreated>
      <usercreated>Admin</usercreated>
      <flags>0</flags>
      <properties/>
      <relations/>
      <accesscontrol>
        <accessentry>
          <uuidprincipal>ROLE.WORKPLACE_USER</uuidprincipal>
          <flags>514</flags>
          <permissionset>
            <allowed>1</allowed>
            <denied>0</denied>
          </permissionset>
        </accessentry>
      </accesscontrol>
    </file>
    <file>
      <destination>system/modules</destination>
      <type>folder</type>
      <uuidstructure>377e1544-2d1f-11df-a454-43be96c33985</uuidstructure>
      <datelastmodified>Thu, 11 Mar 2010 15:03:14 GMT</datelastmodified>
      <userlastmodified>Admin</userlastmodified>
      <datecreated>Thu, 11 Mar 2010 15:03:14 GMT</datecreated>
      <usercreated>Admin</usercreated>
      <flags>0</flags>
      <properties/>
      <relations/>
      <accesscontrol>
        <accessentry>
          <uuidprincipal>ROLE.WORKPLACE_USER</uuidprincipal>
          <flags>514</flags>
          <permissionset>
            <allowed>5</allowed>
            <denied>0</denied>
          </permissionset>
        </accessentry>
      </accesscontrol>
    </file>
    <file>
      <destination>system/modules/org.opencms.ade.galleries</destination>
      <type>folder</type>
      <uuidstructure>b90ebbf5-2d23-11df-abdb-43be96c33985</uuidstructure>
      <datelastmodified>Thu, 11 Mar 2010 15:35:29 GMT</datelastmodified>
      <userlastmodified>Admin</userlastmodified>
      <datecreated>Thu, 11 Mar 2010 15:35:29 GMT</datecreated>
      <usercreated>Admin</usercreated>
      <flags>0</flags>
      <properties/>
      <relations/>
      <accesscontrol/>
    </file>
    <file>
      <source>system/modules/org.opencms.ade.galleries/gallery.jsp</source>
      <destination>system/modules/org.opencms.ade.galleries/gallery.jsp</destination>
      <type>jsp</type>
      <uuidstructure>01e0b3b9-2d24-11df-abdb-43be96c33985</uuidstructure>
      <uuidresource>01e0b3ba-2d24-11df-abdb-43be96c33985</uuidresource>
      <datelastmodified>Thu, 11 Mar 2010 15:37:31 GMT</datelastmodified>
      <userlastmodified>Admin</userlastmodified>
      <datecreated>Thu, 11 Mar 2010 15:37:31 GMT</datecreated>
      <usercreated>Admin</usercreated>
      <flags>0</flags>
      <properties>
        <property type="shared">
          <name>export</name>
          <value><![CDATA[false]]></value>
        </property>
      </properties>
      <relations/>
      <accesscontrol/>
    </file>
    <file>
      <destination>system/modules/org.opencms.ade.galleries/resources</destination>
      <type>folder</type>
      <uuidstructure>ecb7d4f7-2d23-11df-abdb-43be96c33985</uuidstructure>
      <datelastmodified>Thu, 11 Mar 2010 15:36:56 GMT</datelastmodified>
      <userlastmodified>Admin</userlastmodified>
      <datecreated>Thu, 11 Mar 2010 15:36:56 GMT</datecreated>
      <usercreated>Admin</usercreated>
      <flags>0</flags>
      <properties/>
      <relations/>
      <accesscontrol/>
    </file>
    <file>
      <destination>system/modules/org.opencms.ade.galleries/resources/galleries</destination>
      <type>folder</type>
      <uuidstructure>2c1ece75-719f-11e0-8a6a-cd21a79dc8d2</uuidstructure>
      <datelastmodified>Thu, 28 Apr 2011 13:55:27 GMT</datelastmodified>
      <userlastmodified>Admin</userlastmodified>
      <datecreated>Thu, 28 Apr 2011 13:55:27 GMT</datecreated>
      <usercreated>Admin</usercreated>
      <flags>0</flags>
      <properties/>
      <relations/>
      <accesscontrol/>
    </file>
    <file>
      <source>system/modules/org.opencms.ade.galleries/resources/galleries/4BCA582A71EECC9088527B95A5F0E444.cache.html</source>
      <destination>system/modules/org.opencms.ade.galleries/resources/galleries/4BCA582A71EECC9088527B95A5F0E444.cache.html</destination>
      <type>binary</type>
      <uuidstructure>07d28b7b-60ea-11e4-a6d1-b16f8e0b4edb</uuidstructure>
      <uuidresource>07d2d99c-60ea-11e4-a6d1-b16f8e0b4edb</uuidresource>
      <datelastmodified>Fri, 31 Oct 2014 10:38:19 GMT</datelastmodified>
      <userlastmodified>Admin</userlastmodified>
      <datecreated>Fri, 31 Oct 2014 10:38:19 GMT</datecreated>
      <usercreated>Admin</usercreated>
      <flags>0</flags>
      <properties/>
      <relations/>
      <accesscontrol/>
    </file>
    <file>
      <source>system/modules/org.opencms.ade.galleries/resources/galleries/B906B353EA52AFB2A3A64DC9EA545224.cache.html</source>
      <destination>system/modules/org.opencms.ade.galleries/resources/galleries/B906B353EA52AFB2A3A64DC9EA545224.cache.html</destination>
      <type>binary</type>
      <uuidstructure>07d54a9d-60ea-11e4-a6d1-b16f8e0b4edb</uuidstructure>
      <uuidresource>07d571ae-60ea-11e4-a6d1-b16f8e0b4edb</uuidresource>
      <datelastmodified>Fri, 31 Oct 2014 10:38:19 GMT</datelastmodified>
      <userlastmodified>Admin</userlastmodified>
      <datecreated>Fri, 31 Oct 2014 10:38:19 GMT</datecreated>
      <usercreated>Admin</usercreated>
      <flags>0</flags>
      <properties/>
      <relations/>
      <accesscontrol/>
    </file>
    <file>
      <source>system/modules/org.opencms.ade.galleries/resources/galleries/9144BDD6D5522CE32F1F123049796425.cache.html</source>
      <destination>system/modules/org.opencms.ade.galleries/resources/galleries/9144BDD6D5522CE32F1F123049796425.cache.html</destination>
      <type>binary</type>
      <uuidstructure>07d830cf-60ea-11e4-a6d1-b16f8e0b4edb</uuidstructure>
      <uuidresource>07d857e0-60ea-11e4-a6d1-b16f8e0b4edb</uuidresource>
      <datelastmodified>Fri, 31 Oct 2014 10:38:19 GMT</datelastmodified>
      <userlastmodified>Admin</userlastmodified>
      <datecreated>Fri, 31 Oct 2014 10:38:19 GMT</datecreated>
      <usercreated>Admin</usercreated>
      <flags>0</flags>
      <properties/>
      <relations/>
      <accesscontrol/>
    </file>
    <file>
      <source>system/modules/org.opencms.ade.galleries/resources/galleries/clear.cache.gif</source>
      <destination>system/modules/org.opencms.ade.galleries/resources/galleries/clear.cache.gif</destination>
      <type>image</type>
      <uuidstructure>07db3e11-60ea-11e4-a6d1-b16f8e0b4edb</uuidstructure>
      <uuidresource>07db6522-60ea-11e4-a6d1-b16f8e0b4edb</uuidresource>
      <datelastmodified>Fri, 31 Oct 2014 10:38:19 GMT</datelastmodified>
      <userlastmodified>Admin</userlastmodified>
      <datecreated>Fri, 31 Oct 2014 10:38:19 GMT</datecreated>
      <usercreated>Admin</usercreated>
      <flags>0</flags>
      <properties/>
      <relations/>
      <accesscontrol/>
    </file>
    <file>
      <source>system/modules/org.opencms.ade.galleries/resources/galleries/58CAA59048B850D7AF9C924FF75A41E4.cache.html</source>
      <destination>system/modules/org.opencms.ade.galleries/resources/galleries/58CAA59048B850D7AF9C924FF75A41E4.cache.html</destination>
      <type>binary</type>
      <uuidstructure>07ddaf13-60ea-11e4-a6d1-b16f8e0b4edb</uuidstructure>
      <uuidresource>07ddd624-60ea-11e4-a6d1-b16f8e0b4edb</uuidresource>
      <datelastmodified>Fri, 31 Oct 2014 10:38:19 GMT</datelastmodified>
      <userlastmodified>Admin</userlastmodified>
      <datecreated>Fri, 31 Oct 2014 10:38:19 GMT</datecreated>
      <usercreated>Admin</usercreated>
      <flags>0</flags>
      <properties/>
      <relations/>
      <accesscontrol/>
    </file>
    <file>
      <source>system/modules/org.opencms.ade.galleries/resources/galleries/hosted.html</source>
      <destination>system/modules/org.opencms.ade.galleries/resources/galleries/hosted.html</destination>
      <type>binary</type>
      <uuidstructure>07dfd1f5-60ea-11e4-a6d1-b16f8e0b4edb</uuidstructure>
      <uuidresource>07dff906-60ea-11e4-a6d1-b16f8e0b4edb</uuidresource>
      <datelastmodified>Fri, 31 Oct 2014 10:38:19 GMT</datelastmodified>
      <userlastmodified>Admin</userlastmodified>
      <datecreated>Fri, 31 Oct 2014 10:38:19 GMT</datecreated>
      <usercreated>Admin</usercreated>
      <flags>0</flags>
      <properties/>
      <relations/>
      <accesscontrol/>
    </file>
    <file>
      <source>system/modules/org.opencms.ade.galleries/resources/galleries/41DB4C409D60F7A1FA2E46CECC798659.gwt.rpc</source>
      <destination>system/modules/org.opencms.ade.galleries/resources/galleries/41DB4C409D60F7A1FA2E46CECC798659.gwt.rpc</destination>
      <type>binary</type>
      <uuidstructure>07e21be7-60ea-11e4-a6d1-b16f8e0b4edb</uuidstructure>
      <uuidresource>07e242f8-60ea-11e4-a6d1-b16f8e0b4edb</uuidresource>
      <datelastmodified>Fri, 31 Oct 2014 10:38:19 GMT</datelastmodified>
      <userlastmodified>Admin</userlastmodified>
      <datecreated>Fri, 31 Oct 2014 10:38:19 GMT</datecreated>
      <usercreated>Admin</usercreated>
      <flags>0</flags>
      <properties/>
      <relations/>
      <accesscontrol/>
    </file>
    <file>
      <source>system/modules/org.opencms.ade.galleries/resources/galleries/F3B41940C683E42BA9B6575D7CDDB15C.gwt.rpc</source>
      <destination>system/modules/org.opencms.ade.galleries/resources/galleries/F3B41940C683E42BA9B6575D7CDDB15C.gwt.rpc</destination>
      <type>binary</type>
      <uuidstructure>07e48ce9-60ea-11e4-a6d1-b16f8e0b4edb</uuidstructure>
      <uuidresource>07e4b3fa-60ea-11e4-a6d1-b16f8e0b4edb</uuidresource>
      <datelastmodified>Fri, 31 Oct 2014 10:38:19 GMT</datelastmodified>
      <userlastmodified>Admin</userlastmodified>
      <datecreated>Fri, 31 Oct 2014 10:38:19 GMT</datecreated>
      <usercreated>Admin</usercreated>
      <flags>0</flags>
      <properties/>
      <relations/>
      <accesscontrol/>
    </file>
    <file>
      <source>system/modules/org.opencms.ade.galleries/resources/galleries/DE0F932F4B4C483ACD58B3F88007494F.gwt.rpc</source>
      <destination>system/modules/org.opencms.ade.galleries/resources/galleries/DE0F932F4B4C483ACD58B3F88007494F.gwt.rpc</destination>
      <type>binary</type>
      <uuidstructure>07e74c0b-60ea-11e4-a6d1-b16f8e0b4edb</uuidstructure>
      <uuidresource>07e7c13c-60ea-11e4-a6d1-b16f8e0b4edb</uuidresource>
      <datelastmodified>Fri, 31 Oct 2014 10:38:19 GMT</datelastmodified>
      <userlastmodified>Admin</userlastmodified>
      <datecreated>Fri, 31 Oct 2014 10:38:19 GMT</datecreated>
      <usercreated>Admin</usercreated>
      <flags>0</flags>
      <properties/>
      <relations/>
      <accesscontrol/>
    </file>
    <file>
      <source>system/modules/org.opencms.ade.galleries/resources/galleries/614A8351A28C0A4378525F849533D3FF.gwt.rpc</source>
      <destination>system/modules/org.opencms.ade.galleries/resources/galleries/614A8351A28C0A4378525F849533D3FF.gwt.rpc</destination>
      <type>binary</type>
      <uuidstructure>07ebb8dd-60ea-11e4-a6d1-b16f8e0b4edb</uuidstructure>
      <uuidresource>07ec06fe-60ea-11e4-a6d1-b16f8e0b4edb</uuidresource>
      <datelastmodified>Fri, 31 Oct 2014 10:38:19 GMT</datelastmodified>
      <userlastmodified>Admin</userlastmodified>
      <datecreated>Fri, 31 Oct 2014 10:38:19 GMT</datecreated>
      <usercreated>Admin</usercreated>
      <flags>0</flags>
      <properties/>
      <relations/>
      <accesscontrol/>
    </file>
    <file>
      <source>system/modules/org.opencms.ade.galleries/resources/galleries/galleries.nocache.js</source>
      <destination>system/modules/org.opencms.ade.galleries/resources/galleries/galleries.nocache.js</destination>
      <type>binary</type>
      <uuidstructure>07ef3b4f-60ea-11e4-a6d1-b16f8e0b4edb</uuidstructure>
      <uuidresource>07ef8970-60ea-11e4-a6d1-b16f8e0b4edb</uuidresource>
      <datelastmodified>Fri, 31 Oct 2014 10:38:19 GMT</datelastmodified>
      <userlastmodified>Admin</userlastmodified>
      <datecreated>Fri, 31 Oct 2014 10:38:19 GMT</datecreated>
      <usercreated>Admin</usercreated>
      <flags>0</flags>
      <properties/>
      <relations/>
      <accesscontrol/>
    </file>
    <file>
      <source>system/modules/org.opencms.ade.galleries/resources/galleries/776E5765660CE8CCED9F9A8BEAE37021.gwt.rpc</source>
      <destination>system/modules/org.opencms.ade.galleries/resources/galleries/776E5765660CE8CCED9F9A8BEAE37021.gwt.rpc</destination>
      <type>binary</type>
      <uuidstructure>07f2e4d1-60ea-11e4-a6d1-b16f8e0b4edb</uuidstructure>
      <uuidresource>07f332f2-60ea-11e4-a6d1-b16f8e0b4edb</uuidresource>
      <datelastmodified>Fri, 31 Oct 2014 10:38:19 GMT</datelastmodified>
      <userlastmodified>Admin</userlastmodified>
      <datecreated>Fri, 31 Oct 2014 10:38:20 GMT</datecreated>
      <usercreated>Admin</usercreated>
      <flags>0</flags>
      <properties/>
      <relations/>
      <accesscontrol/>
    </file>
    <file>
      <source>system/modules/org.opencms.ade.galleries/resources/galleries/144D8312A0C82053CB10960F4A165924.gwt.rpc</source>
      <destination>system/modules/org.opencms.ade.galleries/resources/galleries/144D8312A0C82053CB10960F4A165924.gwt.rpc</destination>
      <type>binary</type>
      <uuidstructure>07f5cb03-60ea-11e4-a6d1-b16f8e0b4edb</uuidstructure>
      <uuidresource>07f61924-60ea-11e4-a6d1-b16f8e0b4edb</uuidresource>
      <datelastmodified>Fri, 31 Oct 2014 10:38:20 GMT</datelastmodified>
      <userlastmodified>Admin</userlastmodified>
      <datecreated>Fri, 31 Oct 2014 10:38:20 GMT</datecreated>
      <usercreated>Admin</usercreated>
      <flags>0</flags>
      <properties/>
      <relations/>
      <accesscontrol/>
    </file>
    <file>
      <destination>system/workplace</destination>
      <type>folder</type>
      <uuidstructure>825afce2-11b7-11db-91cd-fdbae480bac9</uuidstructure>
      <datelastmodified>Mon, 27 Mar 2006 12:00:00 GMT</datelastmodified>
      <userlastmodified>Admin</userlastmodified>
      <datecreated>Mon, 27 Jun 2005 08:00:00 GMT</datecreated>
      <usercreated>Admin</usercreated>
      <flags>0</flags>
      <properties>
        <property>
          <name>content-encoding</name>
          <value><![CDATA[UTF-8]]></value>
        </property>
        <property>
          <name>export</name>
          <value><![CDATA[false]]></value>
        </property>
        <property>
          <name>login-form</name>
          <value><![CDATA[/system/login/index.html]]></value>
        </property>
      </properties>
      <relations/>
      <accesscontrol>
        <accessentry>
          <uuidprincipal>ALL_OTHERS</uuidprincipal>
          <flags>134</flags>
          <permissionset>
            <allowed>0</allowed>
            <denied>0</denied>
          </permissionset>
        </accessentry>
        <accessentry>
          <uuidprincipal>ROLE.WORKPLACE_USER</uuidprincipal>
          <flags>518</flags>
          <permissionset>
            <allowed>5</allowed>
            <denied>0</denied>
          </permissionset>
        </accessentry>
      </accesscontrol>
    </file>
    <file>
      <destination>system/workplace/commons</destination>
      <type>folder</type>
      <uuidstructure>8272cacb-11b7-11db-91cd-fdbae480bac9</uuidstructure>
      <datelastmodified>Mon, 27 Mar 2006 12:00:00 GMT</datelastmodified>
      <userlastmodified>Admin</userlastmodified>
      <datecreated>Mon, 27 Jun 2005 08:00:00 GMT</datecreated>
      <usercreated>Admin</usercreated>
      <flags>0</flags>
      <properties>
        <property>
          <name>cache</name>
          <value><![CDATA[false]]></value>
        </property>
      </properties>
      <relations/>
      <accesscontrol/>
    </file>
    <file>
      <source>system/workplace/commons/open_ade_gallery.jsp</source>
      <destination>system/workplace/commons/open_ade_gallery.jsp</destination>
      <type>jsp</type>
      <uuidstructure>c94f1961-7489-11df-bd01-83befda52004</uuidstructure>
      <uuidresource>c94f1962-7489-11df-bd01-83befda52004</uuidresource>
      <datelastmodified>Thu, 10 Jun 2010 12:16:47 GMT</datelastmodified>
      <userlastmodified>Admin</userlastmodified>
      <datecreated>Thu, 10 Jun 2010 12:14:58 GMT</datecreated>
      <usercreated>Admin</usercreated>
      <flags>0</flags>
      <properties>
        <property>
          <name>Title</name>
          <value><![CDATA[Dialog - Open ADE gallery]]></value>
        </property>
        <property type="shared">
          <name>export</name>
          <value><![CDATA[false]]></value>
        </property>
      </properties>
      <relations/>
      <accesscontrol/>
    </file>
  </files>
</export>
