<?xml version="1.0" encoding="UTF-8"?>

<BootstrapCarousels xmlns:xsi="http://www.w3.org/2001/XMLSchema-instance" xsi:noNamespaceSchemaLocation="opencms://system/modules/com.alkacon.bootstrap.schemas/schemas/carousel.xsd">
  <BootstrapCarousel language="en">
    <Headline><![CDATA[4 Technicals]]></Headline>
    <Item>
      <Image>
        <link type="WEAK">
          <target><![CDATA[/sites/default/.galleries/samples/09.jpg]]></target>
          <uuid>c56a66cc-4705-11e3-8417-000c29d28104</uuid>
        </link>
      </Image>
      <Text><![CDATA[Great features]]></Text>
    </Item>
    <Item>
      <Image>
        <link type="WEAK">
          <target><![CDATA[/sites/default/.galleries/samples/14.jpg]]></target>
          <uuid>c851cf5b-4705-11e3-8417-000c29d28104</uuid>
        </link>
      </Image>
      <Text><![CDATA[Easy to use]]></Text>
    </Item>
    <Item>
      <Image>
        <link type="WEAK">
          <target><![CDATA[/sites/default/.galleries/samples/35.jpg]]></target>
          <uuid>b6b933a4-4785-11e3-ba23-000c29d28104</uuid>
        </link>
      </Image>
      <Text><![CDATA[Simple and intuitive]]></Text>
    </Item>
    <Item>
      <Image>
        <link type="WEAK">
          <target><![CDATA[/sites/default/.galleries/samples/06.jpg]]></target>
          <uuid>c33e8613-4705-11e3-8417-000c29d28104</uuid>
        </link>
      </Image>
      <Text><![CDATA[Full control]]></Text>
    </Item>
  </BootstrapCarousel>
</BootstrapCarousels>
