<?xml version="1.0" encoding="UTF-8"?>

<BootstrapLayoutRows xmlns:xsi="http://www.w3.org/2001/XMLSchema-instance" xsi:noNamespaceSchemaLocation="opencms://system/modules/com.alkacon.bootstrap.schemas/schemas/layoutrow.xsd">
  <BootstrapLayoutRow language="en">
    <Title><![CDATA[3 columns]]></Title>
    <Column>
      <Name><![CDATA[1]]></Name>
      <Type><![CDATA[onethird]]></Type>
      <Count><![CDATA[10]]></Count>
      <Editors><![CDATA[ROLE.ELEMENT_AUTHOR]]></Editors>
      <EmptyText><![CDATA[1st column - please drop content elements here.]]></EmptyText>
      <XS><![CDATA[-]]></XS>
      <SM><![CDATA[col-sm-4]]></SM>
      <MD><![CDATA[-]]></MD>
      <LG><![CDATA[-]]></LG>
    </Column>
    <Column>
      <Name><![CDATA[2]]></Name>
      <Type><![CDATA[onethird]]></Type>
      <Count><![CDATA[10]]></Count>
      <Editors><![CDATA[ROLE.ELEMENT_AUTHOR]]></Editors>
      <EmptyText><![CDATA[2nd column - please drop content elements here.]]></EmptyText>
      <XS><![CDATA[-]]></XS>
      <SM><![CDATA[col-sm-4]]></SM>
      <MD><![CDATA[-]]></MD>
      <LG><![CDATA[-]]></LG>
    </Column>
    <Column>
      <Name><![CDATA[3]]></Name>
      <Type><![CDATA[onethird]]></Type>
      <Count><![CDATA[10]]></Count>
      <Editors><![CDATA[ROLE.ELEMENT_AUTHOR]]></Editors>
      <EmptyText><![CDATA[3rd column - please drop content elements here.]]></EmptyText>
      <XS><![CDATA[-]]></XS>
      <SM><![CDATA[col-sm-4]]></SM>
      <MD><![CDATA[-]]></MD>
      <LG><![CDATA[-]]></LG>
    </Column>
  </BootstrapLayoutRow>
</BootstrapLayoutRows>
