<?xml version="1.0" encoding="UTF-8"?>

<BootstrapLayoutRows xmlns:xsi="http://www.w3.org/2001/XMLSchema-instance" xsi:noNamespaceSchemaLocation="opencms://system/modules/com.alkacon.bootstrap.schemas/schemas/layoutrow.xsd">
  <BootstrapLayoutRow language="en">
    <Title><![CDATA[2 columns: 1/4 - 3/4]]></Title>
    <Column>
      <Name><![CDATA[1]]></Name>
      <Type><![CDATA[onequarter]]></Type>
      <Count><![CDATA[10]]></Count>
      <Editors><![CDATA[ROLE.ELEMENT_AUTHOR]]></Editors>
      <EmptyText><![CDATA[1st column.]]></EmptyText>
      <XS><![CDATA[hidden-xs]]></XS>
      <SM><![CDATA[col-sm-4]]></SM>
      <MD><![CDATA[col-md-3]]></MD>
      <LG><![CDATA[-]]></LG>
      <Modifier><![CDATA[col-xs-4 col-md-3]]></Modifier>
    </Column>
    <Column>
      <Name><![CDATA[2]]></Name>
      <Type><![CDATA[threequarters]]></Type>
      <Count><![CDATA[10]]></Count>
      <Editors><![CDATA[ROLE.ELEMENT_AUTHOR]]></Editors>
      <EmptyText><![CDATA[2nd column - please drop content elements here.]]></EmptyText>
      <XS><![CDATA[col-xs-12]]></XS>
      <SM><![CDATA[col-sm-8]]></SM>
      <MD><![CDATA[col-md-9]]></MD>
      <LG><![CDATA[-]]></LG>
      <Modifier><![CDATA[col-xs-8 col-md-9]]></Modifier>
    </Column>
  </BootstrapLayoutRow>
</BootstrapLayoutRows>
